file,flight_dir,wall_utc,t_rel_s,boot_s,raw_dp_pa,t_dp_c,t_pitot_c,t_baro_c,t_amb_c,p_baro_pa,sens_dpres_off_pa,device_id,motor_max,current_a,groundspeed_mps,post_flight,session
log_158_2026-07-25-09-59-06.ulg,2026-07-25_flight05,2026-07-25T09:59:06,2.79,775.8,-32.08985900878906,31.87591552734375,nan,45.849998474121094,31.87591552734375,100989.0,-21.783477783203125,4728865,0.442,6.2,0.098,1,3
log_158_2026-07-25-09-59-06.ulg,2026-07-25_flight05,2026-07-25T09:59:06,3.79,776.8,-32.08985900878906,31.87591552734375,nan,45.869998931884766,31.87591552734375,100978.0,-21.783477783203125,4728865,0.6337,13.34,0.114,1,3
log_158_2026-07-25-09-59-06.ulg,2026-07-25_flight05,2026-07-25T09:59:06,4.79,777.8,-35.246219635009766,31.87591552734375,nan,45.88999938964844,31.87591552734375,100976.0,-21.783477783203125,4728865,0.7921,26.91,0.252,1,3
log_158_2026-07-25-09-59-06.ulg,2026-07-25_flight05,2026-07-25T09:59:06,5.81,778.8,-28.933496475219727,31.87591552734375,nan,45.88999938964844,31.87591552734375,100966.0,-21.783477783203125,4728865,0.9582,20.72,0.123,1,3
log_158_2026-07-25-09-59-06.ulg,2026-07-25_flight05,2026-07-25T09:59:06,6.78,779.8,-39.45470428466797,31.87591552734375,nan,45.88999938964844,31.87591552734375,100968.0,-21.783477783203125,4728865,1.0,12.07,0.138,1,3
log_158_2026-07-25-09-59-06.ulg,2026-07-25_flight05,2026-07-25T09:59:06,7.8,780.8,-41.55894470214844,31.87591552734375,nan,45.90999984741211,31.87591552734375,100972.0,-21.783477783203125,4728865,0.964,0.0,0.067,1,3
log_158_2026-07-25-09-59-06.ulg,2026-07-25_flight05,2026-07-25T09:59:06,8.8,781.8,-36.29833984375,31.87591552734375,nan,45.91999816894531,31.87591552734375,100972.0,-21.783477783203125,4728865,0.9941,0.0,0.13,1,3
log_158_2026-07-25-09-59-06.ulg,2026-07-25_flight05,2026-07-25T09:59:06,9.78,782.8,-42.61106491088867,31.87591552734375,nan,45.939998626708984,31.87591552734375,100975.0,-21.783477783203125,4728865,1.0,0.0,0.153,1,3
log_158_2026-07-25-09-59-06.ulg,2026-07-25_flight05,2026-07-25T09:59:06,10.77,783.8,-41.55894470214844,31.87591552734375,nan,45.95000076293945,31.87591552734375,100971.0,-21.783477783203125,4728865,1.0,0.0,0.151,1,3
log_158_2026-07-25-09-59-06.ulg,2026-07-25_flight05,2026-07-25T09:59:06,11.8,784.8,-41.55894470214844,31.87591552734375,nan,45.959999084472656,31.87591552734375,100970.0,-21.783477783203125,4728865,1.0,0.0,0.112,1,3
log_170_2026-07-25-10-23-24.ulg,2026-07-25_flight08,2026-07-25T10:23:24,4.8,333.1,-28.933496475219727,30.019540786743164,nan,45.779998779296875,30.019540786743164,100995.0,-21.783477783203125,4728865,0.4091,5.01,0.057,1,3
log_170_2026-07-25-10-23-24.ulg,2026-07-25_flight08,2026-07-25T10:23:24,5.79,334.1,-36.29833984375,30.019540786743164,nan,45.79999923706055,30.019540786743164,100998.0,-21.783477783203125,4728865,0.6224,10.69,0.027,1,3
log_170_2026-07-25-10-23-24.ulg,2026-07-25_flight08,2026-07-25T10:23:24,6.8,335.1,-36.29833984375,29.921836853027344,nan,45.81999969482422,29.921836853027344,100999.0,-21.783477783203125,4728865,0.7478,19.35,0.08,1,3
log_170_2026-07-25-10-23-24.ulg,2026-07-25_flight08,2026-07-25T10:23:24,22.79,351.1,-28.933496475219727,29.921836853027344,nan,45.87999725341797,29.921836853027344,100987.0,-21.783477783203125,4728865,1.0,0.0,0.53,1,3
log_170_2026-07-25-10-23-24.ulg,2026-07-25_flight08,2026-07-25T10:23:24,23.79,352.1,-32.08985900878906,30.019540786743164,nan,45.869998931884766,30.019540786743164,100983.0,-21.783477783203125,4728865,1.0,0.0,0.397,1,3
log_174_2026-07-25-10-32-20.ulg,2026-07-25_flight10,2026-07-25T10:32:20,2.79,259.2,-28.933496475219727,29.531021118164062,nan,46.07999801635742,29.531021118164062,100999.0,-21.783477783203125,4728865,0.4778,7.25,0.165,1,3
log_174_2026-07-25-10-32-20.ulg,2026-07-25_flight10,2026-07-25T10:32:20,3.79,260.2,-29.98561668395996,29.531021118164062,nan,46.09000015258789,29.531021118164062,101004.0,-21.783477783203125,4728865,0.6675,14.52,0.162,1,3
log_174_2026-07-25-10-32-20.ulg,2026-07-25_flight10,2026-07-25T10:32:20,4.78,261.2,-29.98561668395996,29.433317184448242,nan,46.099998474121094,29.433317184448242,101001.0,-21.783477783203125,4728865,0.8503,27.13,0.314,1,3
log_174_2026-07-25-10-32-20.ulg,2026-07-25_flight10,2026-07-25T10:32:20,5.8,262.2,-36.29833984375,29.335613250732422,nan,46.09000015258789,29.433317184448242,100986.0,-21.783477783203125,4728865,0.9991,34.2,0.408,1,3
log_174_2026-07-25-10-32-20.ulg,2026-07-25_flight10,2026-07-25T10:32:20,7.8,264.2,-11.047446250915527,29.433317184448242,nan,46.11000061035156,29.433317184448242,100968.0,-21.783477783203125,4728865,1.0,32.74,0.155,1,3
log_174_2026-07-25-10-32-20.ulg,2026-07-25_flight10,2026-07-25T10:32:20,9.8,266.2,-16.30805015563965,29.433317184448242,nan,46.11000061035156,29.335613250732422,100974.0,-21.783477783203125,4728865,0.9431,26.52,0.59,1,3
log_174_2026-07-25-10-32-20.ulg,2026-07-25_flight10,2026-07-25T10:32:20,14.8,271.2,-11.047446250915527,29.531021118164062,nan,46.05999755859375,29.531021118164062,100960.0,-21.783477783203125,4728865,0.9219,30.29,0.171,1,3
log_174_2026-07-25-10-32-20.ulg,2026-07-25_flight10,2026-07-25T10:32:20,26.79,283.2,-20.516530990600586,29.628725051879883,nan,45.849998474121094,29.628725051879883,101023.0,-21.783477783203125,4728865,1.0,24.66,0.193,1,3
log_174_2026-07-25-10-32-20.ulg,2026-07-25_flight10,2026-07-25T10:32:20,27.75,284.2,-32.08985900878906,29.628725051879883,nan,45.82999801635742,29.628725051879883,100993.0,-21.783477783203125,4728865,0.8919,0.0,0.06,1,3
log_174_2026-07-25-10-32-20.ulg,2026-07-25_flight10,2026-07-25T10:32:20,28.79,285.2,-29.98561668395996,29.628725051879883,nan,45.80999755859375,29.628725051879883,100993.0,-21.783477783203125,4728865,0.8812,0.0,0.108,1,3
log_174_2026-07-25-10-32-20.ulg,2026-07-25_flight10,2026-07-25T10:32:20,29.76,286.2,-33.1419792175293,29.628725051879883,nan,45.78999710083008,29.628725051879883,100991.0,-21.783477783203125,4728865,0.8345,0.0,0.11,1,3
log_174_2026-07-25-10-32-20.ulg,2026-07-25_flight10,2026-07-25T10:32:20,30.79,287.2,-29.98561668395996,29.628725051879883,nan,45.77000045776367,29.628725051879883,100994.0,-21.783477783203125,4728865,0.7904,0.0,0.111,1,3
log_174_2026-07-25-10-32-20.ulg,2026-07-25_flight10,2026-07-25T10:32:20,31.79,288.2,-29.98561668395996,29.628725051879883,nan,45.75,29.628725051879883,100997.0,-21.783477783203125,4728865,0.7713,0.0,0.096,1,3
log_174_2026-07-25-10-32-20.ulg,2026-07-25_flight10,2026-07-25T10:32:20,32.79,289.2,-29.98561668395996,29.628725051879883,nan,45.72999954223633,29.628725051879883,100994.0,-21.783477783203125,4728865,0.8463,0.0,0.077,1,3
log_174_2026-07-25-10-32-20.ulg,2026-07-25_flight10,2026-07-25T10:32:20,33.79,290.2,-32.08985900878906,29.628725051879883,nan,45.70000076293945,29.628725051879883,100994.0,-21.783477783203125,4728865,0.8681,0.0,0.083,1,3
log_190_2026-07-25-10-48-48.ulg,2026-07-25_flight14,2026-07-25T10:48:48,2.8,582.3,-35.246219635009766,28.94479751586914,nan,46.029998779296875,28.94479751586914,101014.0,-21.783477783203125,4728865,0.3559,2.21,0.118,1,3
log_190_2026-07-25-10-48-48.ulg,2026-07-25_flight14,2026-07-25T10:48:48,3.8,583.3,-25.77713394165039,28.94479751586914,nan,46.029998779296875,28.94479751586914,101015.0,-21.783477783203125,4728865,0.546,7.24,0.132,1,3
log_190_2026-07-25-10-48-48.ulg,2026-07-25_flight14,2026-07-25T10:48:48,4.8,584.3,-22.620773315429688,28.94479751586914,nan,46.03999710083008,28.94479751586914,101019.0,-21.783477783203125,4728865,0.7851,16.09,0.076,1,3
log_190_2026-07-25-10-48-48.ulg,2026-07-25_flight14,2026-07-25T10:48:48,5.8,585.3,-28.933496475219727,28.94479751586914,nan,46.03999710083008,28.94479751586914,100998.0,-21.783477783203125,4728865,1.0,19.58,0.182,1,3
log_190_2026-07-25-10-48-48.ulg,2026-07-25_flight14,2026-07-25T10:48:48,11.8,591.3,-17.360170364379883,28.94479751586914,nan,46.07999801635742,28.94479751586914,100963.0,-21.783477783203125,4728865,0.7973,22.89,0.172,1,3
log_190_2026-07-25-10-48-48.ulg,2026-07-25_flight14,2026-07-25T10:48:48,12.8,592.3,-20.516530990600586,28.94479751586914,nan,46.07999801635742,28.94479751586914,100955.0,-21.783477783203125,4728865,0.8945,24.48,0.235,1,3
log_190_2026-07-25-10-48-48.ulg,2026-07-25_flight14,2026-07-25T10:48:48,13.8,593.3,-32.08985900878906,28.94479751586914,nan,46.09000015258789,28.94479751586914,100955.0,-21.783477783203125,4728865,0.9283,25.07,0.161,1,3
log_190_2026-07-25-10-48-48.ulg,2026-07-25_flight14,2026-07-25T10:48:48,14.81,594.3,-19.46441078186035,28.94479751586914,nan,46.09000015258789,28.94479751586914,100952.0,-21.783477783203125,4728865,0.89,30.02,0.102,1,3
log_190_2026-07-25-10-48-48.ulg,2026-07-25_flight14,2026-07-25T10:48:48,23.78,603.2,-11.047446250915527,29.14020538330078,nan,46.0,29.14020538330078,100945.0,-21.783477783203125,4728865,0.8986,24.07,0.351,1,3
log_190_2026-07-25-10-48-48.ulg,2026-07-25_flight14,2026-07-25T10:48:48,31.8,611.3,-29.98561668395996,29.2379093170166,nan,45.849998474121094,29.2379093170166,101012.0,-21.783477783203125,4728865,0.6605,5.31,0.038,1,3
log_190_2026-07-25-10-48-48.ulg,2026-07-25_flight14,2026-07-25T10:48:48,32.8,612.3,-28.933496475219727,29.2379093170166,nan,45.82999801635742,29.2379093170166,101012.0,-21.783477783203125,4728865,0.4898,1.12,0.032,1,3
log_196_2026-07-25-11-01-00.ulg,2026-07-25_flight16,2026-07-25T11:01:00,2.78,1311.5,-26.829256057739258,28.55398178100586,nan,45.64999771118164,28.55398178100586,101024.0,-21.783477783203125,4728865,0.5221,4.99,0.116,1,3
log_196_2026-07-25-11-01-00.ulg,2026-07-25_flight16,2026-07-25T11:01:00,3.79,1312.5,-47.871665954589844,28.55398178100586,nan,45.63999938964844,28.55398178100586,101023.0,-21.783477783203125,4728865,0.6994,12.28,0.075,1,3
log_196_2026-07-25-11-01-00.ulg,2026-07-25_flight16,2026-07-25T11:01:00,4.79,1313.5,-22.620773315429688,28.55398178100586,nan,45.62999725341797,28.55398178100586,101028.0,-21.783477783203125,4728865,0.717,21.19,0.229,1,3
log_196_2026-07-25-11-01-00.ulg,2026-07-25_flight16,2026-07-25T11:01:00,10.79,1319.6,-23.672893524169922,28.55398178100586,nan,45.59000015258789,28.55398178100586,100967.0,-21.783477783203125,4728865,0.8013,21.44,0.302,1,3
log_196_2026-07-25-11-01-00.ulg,2026-07-25_flight16,2026-07-25T11:01:00,11.79,1320.6,-28.933496475219727,28.55398178100586,nan,45.59000015258789,28.55398178100586,100961.0,-21.783477783203125,4728865,0.8248,21.97,0.171,1,3
log_196_2026-07-25-11-01-00.ulg,2026-07-25_flight16,2026-07-25T11:01:00,12.79,1321.6,-29.98561668395996,28.55398178100586,nan,45.59000015258789,28.55398178100586,100967.0,-21.783477783203125,4728865,0.8338,23.37,0.15,1,3
log_196_2026-07-25-11-01-00.ulg,2026-07-25_flight16,2026-07-25T11:01:00,13.76,1322.5,-26.829256057739258,28.55398178100586,nan,45.59000015258789,28.55398178100586,100964.0,-21.783477783203125,4728865,0.8422,24.59,0.087,1,3
log_196_2026-07-25-11-01-00.ulg,2026-07-25_flight16,2026-07-25T11:01:00,27.79,1336.5,-20.516530990600586,28.7493896484375,nan,45.40999984741211,28.7493896484375,100971.0,-21.783477783203125,4728865,0.8101,20.72,0.253,1,3
log_196_2026-07-25-11-01-00.ulg,2026-07-25_flight16,2026-07-25T11:01:00,32.77,1341.5,-22.620773315429688,28.84709358215332,nan,45.31999969482422,28.84709358215332,101024.0,-21.783477783203125,4728865,0.9039,18.37,0.071,1,3
log_196_2026-07-25-11-01-00.ulg,2026-07-25_flight16,2026-07-25T11:01:00,33.79,1342.6,-28.933496475219727,28.84709358215332,nan,45.29999923706055,28.84709358215332,101033.0,-21.783477783203125,4728865,0.8007,11.89,0.02,1,3
log_196_2026-07-25-11-01-00.ulg,2026-07-25_flight16,2026-07-25T11:01:00,34.79,1343.6,-26.829256057739258,28.84709358215332,nan,45.279998779296875,28.84709358215332,101024.0,-21.783477783203125,4728865,0.5787,5.28,0.01,1,3
log_196_2026-07-25-11-01-00.ulg,2026-07-25_flight16,2026-07-25T11:01:00,35.79,1344.6,-32.08985900878906,28.84709358215332,nan,45.2599983215332,28.84709358215332,101021.0,-21.783477783203125,4728865,0.3934,0.82,0.024,1,3
log_201_2026-07-25-11-22-34.ulg,2026-07-25_flight17,2026-07-25T11:22:34,2.79,2571.7,-33.1419792175293,28.2608699798584,nan,43.189998626708984,28.2608699798584,101048.0,-21.783477783203125,4728865,0.462,6.36,0.081,1,3
log_201_2026-07-25-11-22-34.ulg,2026-07-25_flight17,2026-07-25T11:22:34,3.79,2572.7,-32.08985900878906,28.2608699798584,nan,43.20000076293945,28.2608699798584,101047.0,-21.783477783203125,4728865,0.6917,12.03,0.102,1,3
log_201_2026-07-25-11-22-34.ulg,2026-07-25_flight17,2026-07-25T11:22:34,19.75,2588.7,-9.995326042175293,28.35857391357422,nan,43.2599983215332,28.35857391357422,100827.0,-21.783477783203125,4728865,0.736,18.61,0.109,1,3
log_201_2026-07-25-11-22-34.ulg,2026-07-25_flight17,2026-07-25T11:22:34,20.8,2589.7,-19.46441078186035,28.35857391357422,nan,43.25,28.35857391357422,100826.0,-21.783477783203125,4728865,0.6982,18.58,0.137,1,3
log_201_2026-07-25-11-22-34.ulg,2026-07-25_flight17,2026-07-25T11:22:34,21.79,2590.7,-13.151687622070312,28.35857391357422,nan,43.25,28.35857391357422,100829.0,-21.783477783203125,4728865,0.7467,20.02,0.125,1,3
log_201_2026-07-25-11-22-34.ulg,2026-07-25_flight17,2026-07-25T11:22:34,22.79,2591.7,-32.08985900878906,28.35857391357422,nan,43.25,28.35857391357422,100831.0,-21.783477783203125,4728865,0.7502,19.08,0.189,1,3
log_201_2026-07-25-11-22-34.ulg,2026-07-25_flight17,2026-07-25T11:22:34,23.74,2592.7,-28.933496475219727,28.35857391357422,nan,43.23999786376953,28.35857391357422,100834.0,-21.783477783203125,4728865,0.7195,19.18,0.2,1,3
log_201_2026-07-25-11-22-34.ulg,2026-07-25_flight17,2026-07-25T11:22:34,24.79,2593.7,-29.98561668395996,28.35857391357422,nan,43.23999786376953,28.35857391357422,100833.0,-21.783477783203125,4728865,0.7292,21.25,0.194,1,3
log_201_2026-07-25-11-22-34.ulg,2026-07-25_flight17,2026-07-25T11:22:34,25.75,2594.7,-38.402584075927734,28.35857391357422,nan,43.22999954223633,28.35857391357422,100834.0,-21.783477783203125,4728865,0.7614,20.19,0.286,1,3
log_201_2026-07-25-11-22-34.ulg,2026-07-25_flight17,2026-07-25T11:22:34,26.79,2595.7,-16.30805015563965,28.45627784729004,nan,43.21999740600586,28.45627784729004,100835.0,-21.783477783203125,4728865,0.7703,21.1,0.27,1,3
log_201_2026-07-25-11-22-34.ulg,2026-07-25_flight17,2026-07-25T11:22:34,27.78,2596.7,-0.5262401103973389,28.45627784729004,nan,43.21999740600586,28.45627784729004,100832.0,-21.783477783203125,4728865,0.7287,20.51,0.329,1,3
log_201_2026-07-25-11-22-34.ulg,2026-07-25_flight17,2026-07-25T11:22:34,28.79,2597.7,-22.620773315429688,28.45627784729004,nan,43.209999084472656,28.45627784729004,100832.0,-21.783477783203125,4728865,0.8246,22.51,0.232,1,3
log_201_2026-07-25-11-22-34.ulg,2026-07-25_flight17,2026-07-25T11:22:34,29.79,2598.7,-16.30805015563965,28.35857391357422,nan,43.189998626708984,28.35857391357422,100836.0,-21.783477783203125,4728865,0.7909,21.43,0.182,1,3
log_201_2026-07-25-11-22-34.ulg,2026-07-25_flight17,2026-07-25T11:22:34,30.79,2599.7,-17.360170364379883,28.45627784729004,nan,43.18000030517578,28.45627784729004,100835.0,-21.783477783203125,4728865,0.7938,20.48,0.157,1,3
log_201_2026-07-25-11-22-34.ulg,2026-07-25_flight17,2026-07-25T11:22:34,31.79,2600.7,-26.829256057739258,28.45627784729004,nan,43.16999816894531,28.45627784729004,100842.0,-21.783477783203125,4728865,0.7845,20.36,0.221,1,3
log_201_2026-07-25-11-22-34.ulg,2026-07-25_flight17,2026-07-25T11:22:34,32.79,2601.7,-47.871665954589844,28.45627784729004,nan,43.14999771118164,28.45627784729004,100842.0,-21.783477783203125,4728865,0.7647,21.18,0.259,1,3
log_201_2026-07-25-11-22-34.ulg,2026-07-25_flight17,2026-07-25T11:22:34,33.8,2602.7,-48.923789978027344,28.45627784729004,nan,43.12999725341797,28.45627784729004,100840.0,-21.783477783203125,4728865,0.8052,21.98,0.131,1,3
log_201_2026-07-25-11-22-34.ulg,2026-07-25_flight17,2026-07-25T11:22:34,34.79,2603.7,-25.77713394165039,28.45627784729004,nan,43.11000061035156,28.45627784729004,100835.0,-21.783477783203125,4728865,0.812,21.95,0.162,1,3
log_201_2026-07-25-11-22-34.ulg,2026-07-25_flight17,2026-07-25T11:22:34,35.8,2604.7,-51.02803039550781,28.55398178100586,nan,43.099998474121094,28.55398178100586,100841.0,-21.783477783203125,4728865,0.8411,21.43,0.224,1,3
log_201_2026-07-25-11-22-34.ulg,2026-07-25_flight17,2026-07-25T11:22:34,36.8,2605.7,-38.402584075927734,28.55398178100586,nan,43.07999801635742,28.55398178100586,100842.0,-21.783477783203125,4728865,0.7978,21.3,0.123,1,3
log_201_2026-07-25-11-22-34.ulg,2026-07-25_flight17,2026-07-25T11:22:34,37.76,2606.7,-32.08985900878906,28.55398178100586,nan,43.04999923706055,28.55398178100586,100840.0,-21.783477783203125,4728865,0.7496,19.81,0.125,1,3
log_201_2026-07-25-11-22-34.ulg,2026-07-25_flight17,2026-07-25T11:22:34,38.8,2607.7,-14.203807830810547,28.55398178100586,nan,43.029998779296875,28.55398178100586,100842.0,-21.783477783203125,4728865,0.7964,20.48,0.173,1,3
log_201_2026-07-25-11-22-34.ulg,2026-07-25_flight17,2026-07-25T11:22:34,47.79,2616.7,-33.1419792175293,28.65168571472168,nan,42.73999786376953,28.65168571472168,100871.0,-21.783477783203125,4728865,0.8641,20.97,0.582,1,3
log_201_2026-07-25-11-22-34.ulg,2026-07-25_flight17,2026-07-25T11:22:34,65.8,2634.7,-32.08985900878906,28.84709358215332,nan,42.5099983215332,28.84709358215332,101060.0,-21.783477783203125,4728865,0.7326,8.19,0.185,1,3
log_201_2026-07-25-11-22-34.ulg,2026-07-25_flight17,2026-07-25T11:22:34,66.8,2635.7,-32.08985900878906,28.84709358215332,nan,42.48999786376953,28.84709358215332,101042.0,-21.783477783203125,4728865,0.5106,0.0,0.056,1,3
log_201_2026-07-25-11-22-34.ulg,2026-07-25_flight17,2026-07-25T11:22:34,67.79,2636.7,-32.08985900878906,28.84709358215332,nan,42.47999954223633,28.84709358215332,101040.0,-21.783477783203125,4728865,0.4052,0.0,0.088,1,3
log_203_2026-07-25-11-27-10.ulg,2026-07-25_flight19,2026-07-25T11:27:10,2.8,2908.8,-32.08985900878906,28.2608699798584,nan,42.65999984741211,28.2608699798584,101051.0,-21.783477783203125,4728865,0.4826,6.15,0.091,1,3
log_203_2026-07-25-11-27-10.ulg,2026-07-25_flight19,2026-07-25T11:27:10,3.76,2909.8,-28.933496475219727,28.2608699798584,nan,42.65999984741211,28.2608699798584,101060.0,-21.783477783203125,4728865,0.7002,12.13,0.091,1,3
log_203_2026-07-25-11-27-10.ulg,2026-07-25_flight19,2026-07-25T11:27:10,4.8,2910.8,-32.08985900878906,28.2608699798584,nan,42.66999816894531,28.2608699798584,101054.0,-21.783477783203125,4728865,0.9376,14.38,0.095,1,3
log_203_2026-07-25-11-27-10.ulg,2026-07-25_flight19,2026-07-25T11:27:10,5.79,2911.8,-23.672893524169922,28.2608699798584,nan,42.66999816894531,28.2608699798584,101054.0,-21.783477783203125,4728865,1.0,0.0,0.061,1,3
log_203_2026-07-25-11-27-10.ulg,2026-07-25_flight19,2026-07-25T11:27:10,6.79,2912.8,-25.77713394165039,28.2608699798584,nan,42.66999816894531,28.2608699798584,101049.0,-21.783477783203125,4728865,1.0,0.0,0.013,1,3
log_203_2026-07-25-11-27-10.ulg,2026-07-25_flight19,2026-07-25T11:27:10,7.8,2913.8,-28.933496475219727,28.2608699798584,nan,42.66999816894531,28.2608699798584,101046.0,-21.783477783203125,4728865,1.0,0.0,0.081,1,3
log_203_2026-07-25-11-27-10.ulg,2026-07-25_flight19,2026-07-25T11:27:10,8.8,2914.8,-25.77713394165039,28.2608699798584,nan,42.68000030517578,28.2608699798584,101047.0,-21.783477783203125,4728865,1.0,0.0,0.112,1,3
log_203_2026-07-25-11-27-10.ulg,2026-07-25_flight19,2026-07-25T11:27:10,9.79,2915.8,-28.933496475219727,28.2608699798584,nan,42.689998626708984,28.2608699798584,101043.0,-21.783477783203125,4728865,1.0,0.0,0.101,1,3
log_141_2026-07-25-01-55-08.ulg,2026-07-25_manual,2026-07-25T01:55:08,3.76,118.2,-36.29833984375,32.07132339477539,nan,33.0,32.07132339477539,97362.0,-21.151594161987305,4728865,0.5403,5.4,0.102,1,0
log_141_2026-07-25-01-55-08.ulg,2026-07-25_manual,2026-07-25T01:55:08,4.77,119.2,-35.246219635009766,32.07132339477539,nan,33.04999923706055,32.07132339477539,97350.0,-21.151594161987305,4728865,0.6333,11.51,0.041,1,0
log_141_2026-07-25-01-55-08.ulg,2026-07-25_manual,2026-07-25T01:55:08,5.79,120.2,-36.29833984375,32.07132339477539,nan,33.099998474121094,32.07132339477539,97359.0,-21.151594161987305,4728865,0.6775,13.78,0.323,1,0
log_141_2026-07-25-01-55-08.ulg,2026-07-25_manual,2026-07-25T01:55:08,6.79,121.2,-25.77713394165039,32.07132339477539,nan,33.14999771118164,32.07132339477539,97344.0,-21.151594161987305,4728865,0.7011,18.76,0.237,1,0
log_141_2026-07-25-01-55-08.ulg,2026-07-25_manual,2026-07-25T01:55:08,10.78,125.2,-36.29833984375,32.169029235839844,nan,33.380001068115234,32.169029235839844,97322.0,-21.151594161987305,4728865,0.7012,16.86,0.175,1,0
log_141_2026-07-25-01-55-08.ulg,2026-07-25_manual,2026-07-25T01:55:08,11.78,126.2,-61.54923629760742,32.07132339477539,nan,33.43000030517578,32.07132339477539,97318.0,-21.151594161987305,4728865,0.9144,28.9,0.112,1,0
log_141_2026-07-25-01-55-08.ulg,2026-07-25_manual,2026-07-25T01:55:08,39.77,154.2,-7.89108419418335,30.703468322753906,nan,34.72999954223633,30.703468322753906,97043.0,-21.151594161987305,4728865,0.8714,22.82,0.481,1,0
log_141_2026-07-25-01-55-08.ulg,2026-07-25_manual,2026-07-25T01:55:08,40.78,155.2,-14.203807830810547,30.703468322753906,nan,34.77000045776367,30.605764389038086,97046.0,-21.151594161987305,4728865,0.8559,22.83,0.265,1,0
log_141_2026-07-25-01-55-08.ulg,2026-07-25_manual,2026-07-25T01:55:08,58.78,173.2,-20.516530990600586,29.726428985595703,nan,35.43000030517578,29.726428985595703,97144.0,-21.151594161987305,4728865,0.908,21.13,0.566,1,0
log_141_2026-07-25-01-55-08.ulg,2026-07-25_manual,2026-07-25T01:55:08,59.77,174.2,-47.871665954589844,29.726428985595703,nan,35.46999740600586,29.726428985595703,97148.0,-21.151594161987305,4728865,0.8506,23.04,0.282,1,0
log_141_2026-07-25-01-55-08.ulg,2026-07-25_manual,2026-07-25T01:55:08,87.78,202.2,-42.61106491088867,29.04250144958496,nan,36.25,29.04250144958496,97358.0,-21.151594161987305,4728865,1.0,28.23,0.166,1,0
log_141_2026-07-25-01-55-08.ulg,2026-07-25_manual,2026-07-25T01:55:08,97.78,212.2,-39.45470428466797,29.14020538330078,nan,36.48999786376953,29.14020538330078,97319.0,-21.151594161987305,4728865,0.8816,18.92,0.248,1,0
log_141_2026-07-25-01-55-08.ulg,2026-07-25_manual,2026-07-25T01:55:08,99.78,214.2,-47.871665954589844,29.14020538330078,nan,36.54999923706055,29.14020538330078,97319.0,-21.151594161987305,4728865,0.7975,16.94,0.486,1,0
log_141_2026-07-25-01-55-08.ulg,2026-07-25_manual,2026-07-25T01:55:08,100.78,215.2,-35.246219635009766,29.14020538330078,nan,36.56999969482422,29.14020538330078,97320.0,-21.151594161987305,4728865,0.9024,19.1,0.452,1,0
log_141_2026-07-25-01-55-08.ulg,2026-07-25_manual,2026-07-25T01:55:08,102.75,217.2,-44.71530532836914,29.14020538330078,nan,36.619998931884766,29.14020538330078,97321.0,-21.151594161987305,4728865,0.8999,15.5,0.437,1,0
log_141_2026-07-25-01-55-08.ulg,2026-07-25_manual,2026-07-25T01:55:08,103.78,218.2,-20.516530990600586,29.2379093170166,nan,36.64999771118164,29.2379093170166,97327.0,-21.151594161987305,4728865,0.8472,16.59,0.122,1,0
log_141_2026-07-25-01-55-08.ulg,2026-07-25_manual,2026-07-25T01:55:08,108.78,223.2,-39.45470428466797,29.433317184448242,nan,36.77000045776367,29.433317184448242,97359.0,-21.151594161987305,4728865,0.6525,7.07,0.053,1,0
log_141_2026-07-25-01-55-08.ulg,2026-07-25_manual,2026-07-25T01:55:08,109.78,224.2,-39.45470428466797,29.531021118164062,nan,36.79999923706055,29.531021118164062,97354.0,-21.151594161987305,4728865,0.6002,0.0,0.065,1,0
log_141_2026-07-25-01-55-08.ulg,2026-07-25_manual,2026-07-25T01:55:08,110.78,225.2,-38.402584075927734,29.628725051879883,nan,36.81999969482422,29.628725051879883,97352.0,-21.151594161987305,4728865,0.5543,0.0,0.169,1,0
log_142_2026-07-25-03-14-00.ulg,2026-07-25_manual,2026-07-25T03:14:00,3.78,56.5,-38.402584075927734,33.14606857299805,nan,33.39999771118164,33.14606857299805,97344.0,-21.783477783203125,4728865,0.3758,4.89,0.094,1,1
log_142_2026-07-25-03-14-00.ulg,2026-07-25_manual,2026-07-25T03:14:00,4.78,57.5,-29.98561668395996,33.14606857299805,nan,33.459999084472656,33.14606857299805,97348.0,-21.783477783203125,4728865,0.6186,16.62,0.06,1,1
log_142_2026-07-25-03-14-00.ulg,2026-07-25_manual,2026-07-25T03:14:00,7.78,60.5,-29.98561668395996,33.14606857299805,nan,33.63999938964844,33.14606857299805,97316.0,-21.783477783203125,4728865,0.7557,20.78,0.494,1,1
log_142_2026-07-25-03-14-00.ulg,2026-07-25_manual,2026-07-25T03:14:00,9.78,62.5,-36.29833984375,33.14606857299805,nan,33.77000045776367,33.14606857299805,97306.0,-21.783477783203125,4728865,0.8535,22.83,0.172,1,1
log_142_2026-07-25-03-14-00.ulg,2026-07-25_manual,2026-07-25T03:14:00,43.78,96.5,-35.246219635009766,30.996580123901367,nan,35.29999923706055,30.996580123901367,96895.0,-21.783477783203125,4728865,0.7642,18.18,0.05,1,1
log_142_2026-07-25-03-14-00.ulg,2026-07-25_manual,2026-07-25T03:14:00,44.74,97.4,-20.516530990600586,30.898876190185547,nan,35.32999801635742,30.898876190185547,96895.0,-21.783477783203125,4728865,0.8212,18.73,0.082,1,1
log_142_2026-07-25-03-14-00.ulg,2026-07-25_manual,2026-07-25T03:14:00,45.78,98.5,-32.08985900878906,30.898876190185547,nan,35.369998931884766,30.898876190185547,96893.0,-21.783477783203125,4728865,0.8717,23.0,0.098,1,1
log_142_2026-07-25-03-14-00.ulg,2026-07-25_manual,2026-07-25T03:14:00,95.78,148.5,-41.55894470214844,29.726428985595703,nan,36.869998931884766,29.726428985595703,97327.0,-21.783477783203125,4728865,0.6149,6.24,0.087,1,1
log_142_2026-07-25-03-14-00.ulg,2026-07-25_manual,2026-07-25T03:14:00,96.78,149.5,-33.1419792175293,29.824132919311523,nan,36.89999771118164,29.824132919311523,97323.0,-21.783477783203125,4728865,0.6791,0.0,0.122,1,1
log_142_2026-07-25-03-14-00.ulg,2026-07-25_manual,2026-07-25T03:14:00,97.78,150.5,-28.933496475219727,29.824132919311523,nan,36.93000030517578,29.824132919311523,97325.0,-21.783477783203125,4728865,0.6259,0.0,0.116,1,1
log_152_2026-07-25-06-55-04.ulg,2026-07-25_manual,2026-07-25T06:55:04,2.79,1388.3,-38.402584075927734,39.78993606567383,nan,57.03999710083008,39.78993606567383,100626.0,-21.783477783203125,4728865,0.5389,6.44,0.003,1,2
log_152_2026-07-25-06-55-04.ulg,2026-07-25_manual,2026-07-25T06:55:04,3.79,1389.3,-39.45470428466797,39.78993606567383,nan,57.03999710083008,39.78993606567383,100630.0,-21.783477783203125,4728865,0.7598,14.74,0.008,1,2
log_152_2026-07-25-06-55-04.ulg,2026-07-25_manual,2026-07-25T06:55:04,4.78,1390.3,-41.55894470214844,39.69223403930664,nan,57.029998779296875,39.69223403930664,100631.0,-21.783477783203125,4728865,0.8095,26.83,0.459,1,2
log_152_2026-07-25-06-55-04.ulg,2026-07-25_manual,2026-07-25T06:55:04,9.79,1395.3,-11.047446250915527,39.496826171875,nan,57.03999710083008,39.496826171875,100599.0,-21.783477783203125,4728865,0.9034,27.55,0.086,1,2
log_152_2026-07-25-06-55-04.ulg,2026-07-25_manual,2026-07-25T06:55:04,10.79,1396.3,-55.23651123046875,39.496826171875,nan,57.04999923706055,39.496826171875,100590.0,-21.783477783203125,4728865,0.885,27.41,0.122,1,2
log_152_2026-07-25-06-55-04.ulg,2026-07-25_manual,2026-07-25T06:55:04,11.79,1397.3,-17.360170364379883,39.39912033081055,nan,57.05999755859375,39.39912033081055,100596.0,-21.783477783203125,4728865,0.8744,26.83,0.092,1,2
log_152_2026-07-25-06-55-04.ulg,2026-07-25_manual,2026-07-25T06:55:04,12.79,1398.3,-28.933496475219727,39.30141830444336,nan,57.06999969482422,39.30141830444336,100601.0,-21.783477783203125,4728865,0.9152,31.41,0.112,1,2
log_152_2026-07-25-06-55-04.ulg,2026-07-25_manual,2026-07-25T06:55:04,17.79,1403.3,-45.767425537109375,39.008304595947266,nan,57.09000015258789,39.008304595947266,100572.0,-21.783477783203125,4728865,1.0,29.55,0.167,1,2
log_152_2026-07-25-06-55-04.ulg,2026-07-25_manual,2026-07-25T06:55:04,21.8,1407.3,-39.45470428466797,38.71519470214844,nan,57.099998474121094,38.71519470214844,100557.0,-21.783477783203125,4728865,0.9403,26.86,0.314,1,2
log_152_2026-07-25-06-55-04.ulg,2026-07-25_manual,2026-07-25T06:55:04,32.79,1418.3,-36.29833984375,37.93355941772461,nan,57.029998779296875,37.93355941772461,100640.0,-21.783477783203125,4728865,0.7961,10.56,0.049,1,2
log_152_2026-07-25-06-55-04.ulg,2026-07-25_manual,2026-07-25T06:55:04,33.8,1419.3,-45.767425537109375,37.93355941772461,nan,57.0099983215332,37.93355941772461,100633.0,-21.783477783203125,4728865,0.6728,4.2,0.028,1,2
log_152_2026-07-25-06-55-04.ulg,2026-07-25_manual,2026-07-25T06:55:04,34.79,1420.3,-39.45470428466797,37.83585739135742,nan,57.0,37.83585739135742,100625.0,-21.783477783203125,4728865,0.4369,0.0,0.027,1,2
log_199_2026-07-25-11-10-42.ulg,2026-07-26_manual,2026-07-25T11:10:42,4.8,1884.6,-25.77713394165039,28.65168571472168,nan,44.529998779296875,28.65168571472168,101047.0,-21.783477783203125,4728865,0.7079,18.76,0.07,1,3
log_199_2026-07-25-11-10-42.ulg,2026-07-26_manual,2026-07-25T11:10:42,5.8,1885.6,-29.98561668395996,28.65168571472168,nan,44.52000045776367,28.65168571472168,101023.0,-21.783477783203125,4728865,0.8443,22.42,0.353,1,3
log_199_2026-07-25-11-10-42.ulg,2026-07-26_manual,2026-07-25T11:10:42,16.8,1896.6,-23.672893524169922,28.7493896484375,nan,44.54999923706055,28.65168571472168,100944.0,-21.783477783203125,4728865,0.8332,21.23,0.109,1,3
log_199_2026-07-25-11-10-42.ulg,2026-07-26_manual,2026-07-25T11:10:42,22.8,1902.6,-28.933496475219727,28.7493896484375,nan,44.53999710083008,28.7493896484375,100982.0,-21.783477783203125,4728865,0.8634,24.97,0.09,1,3
log_199_2026-07-25-11-10-42.ulg,2026-07-26_manual,2026-07-25T11:10:42,23.8,1903.6,-22.620773315429688,28.84709358215332,nan,44.529998779296875,28.84709358215332,100991.0,-21.783477783203125,4728865,0.7858,21.3,0.033,1,3
log_199_2026-07-25-11-10-42.ulg,2026-07-26_manual,2026-07-25T11:10:42,24.8,1904.6,-25.77713394165039,28.84709358215332,nan,44.52000045776367,28.84709358215332,100998.0,-21.783477783203125,4728865,0.8132,22.71,0.071,1,3
log_199_2026-07-25-11-10-42.ulg,2026-07-26_manual,2026-07-25T11:10:42,25.8,1905.6,-29.98561668395996,28.84709358215332,nan,44.5099983215332,28.84709358215332,100998.0,-21.783477783203125,4728865,0.8064,22.23,0.129,1,3
log_199_2026-07-25-11-10-42.ulg,2026-07-26_manual,2026-07-25T11:10:42,26.8,1906.6,-25.77713394165039,28.84709358215332,nan,44.48999786376953,28.84709358215332,100998.0,-21.783477783203125,4728865,0.8869,23.7,0.103,1,3
log_199_2026-07-25-11-10-42.ulg,2026-07-26_manual,2026-07-25T11:10:42,27.8,1907.6,-22.620773315429688,28.84709358215332,nan,44.47999954223633,28.84709358215332,101001.0,-21.783477783203125,4728865,0.8512,22.65,0.421,1,3
log_199_2026-07-25-11-10-42.ulg,2026-07-26_manual,2026-07-25T11:10:42,28.8,1908.6,-29.98561668395996,28.84709358215332,nan,44.46999740600586,28.84709358215332,101005.0,-21.783477783203125,4728865,0.8674,21.09,0.025,1,3
log_199_2026-07-25-11-10-42.ulg,2026-07-26_manual,2026-07-25T11:10:42,29.8,1909.6,-29.98561668395996,28.84709358215332,nan,44.459999084472656,28.84709358215332,100993.0,-21.783477783203125,4728865,0.8338,21.02,0.029,1,3
log_199_2026-07-25-11-10-42.ulg,2026-07-26_manual,2026-07-25T11:10:42,30.8,1910.6,-26.829256057739258,28.84709358215332,nan,44.439998626708984,28.84709358215332,101004.0,-21.783477783203125,4728865,0.8515,23.18,0.107,1,3
log_199_2026-07-25-11-10-42.ulg,2026-07-26_manual,2026-07-25T11:10:42,31.8,1911.6,-23.672893524169922,28.84709358215332,nan,44.43000030517578,28.84709358215332,101006.0,-21.783477783203125,4728865,0.8252,23.12,0.343,1,3
log_199_2026-07-25-11-10-42.ulg,2026-07-26_manual,2026-07-25T11:10:42,32.79,1912.6,-22.620773315429688,28.84709358215332,nan,44.41999816894531,28.84709358215332,101005.0,-21.783477783203125,4728865,0.8213,22.75,0.282,1,3
log_199_2026-07-25-11-10-42.ulg,2026-07-26_manual,2026-07-25T11:10:42,33.79,1913.6,-38.402584075927734,28.94479751586914,nan,44.40999984741211,28.84709358215332,101010.0,-21.783477783203125,4728865,0.8554,22.29,0.111,1,3
log_199_2026-07-25-11-10-42.ulg,2026-07-26_manual,2026-07-25T11:10:42,34.81,1914.6,-35.246219635009766,28.94479751586914,nan,44.38999938964844,28.94479751586914,101014.0,-21.783477783203125,4728865,0.8458,21.99,0.104,1,3
log_199_2026-07-25-11-10-42.ulg,2026-07-26_manual,2026-07-25T11:10:42,35.81,1915.6,-22.620773315429688,28.94479751586914,nan,44.37999725341797,28.94479751586914,101010.0,-21.783477783203125,4728865,0.8566,24.35,0.053,1,3
log_199_2026-07-25-11-10-42.ulg,2026-07-26_manual,2026-07-25T11:10:42,36.81,1916.6,-26.829256057739258,28.94479751586914,nan,44.369998931884766,28.94479751586914,101011.0,-21.783477783203125,4728865,0.8453,22.49,0.141,1,3
log_199_2026-07-25-11-10-42.ulg,2026-07-26_manual,2026-07-25T11:10:42,37.81,1917.6,-36.29833984375,28.94479751586914,nan,44.36000061035156,28.94479751586914,101017.0,-21.783477783203125,4728865,0.8385,22.38,0.286,1,3
log_199_2026-07-25-11-10-42.ulg,2026-07-26_manual,2026-07-25T11:10:42,38.78,1918.6,-29.98561668395996,28.94479751586914,nan,44.349998474121094,28.94479751586914,101017.0,-21.783477783203125,4728865,0.8678,22.27,0.131,1,3
log_199_2026-07-25-11-10-42.ulg,2026-07-26_manual,2026-07-25T11:10:42,39.77,1919.6,-25.77713394165039,28.94479751586914,nan,44.34000015258789,28.94479751586914,101023.0,-21.783477783203125,4728865,0.8107,21.95,0.149,1,3
log_199_2026-07-25-11-10-42.ulg,2026-07-26_manual,2026-07-25T11:10:42,40.77,1920.6,-32.08985900878906,28.94479751586914,nan,44.32999801635742,28.94479751586914,101024.0,-21.783477783203125,4728865,0.8272,21.75,0.082,1,3
log_199_2026-07-25-11-10-42.ulg,2026-07-26_manual,2026-07-25T11:10:42,41.8,1921.6,-32.08985900878906,28.94479751586914,nan,44.31999969482422,28.94479751586914,101025.0,-21.783477783203125,4728865,0.8611,21.14,0.214,1,3
log_199_2026-07-25-11-10-42.ulg,2026-07-26_manual,2026-07-25T11:10:42,42.8,1922.6,-20.516530990600586,28.94479751586914,nan,44.30999755859375,28.94479751586914,101026.0,-21.783477783203125,4728865,0.8132,23.34,0.168,1,3
log_199_2026-07-25-11-10-42.ulg,2026-07-26_manual,2026-07-25T11:10:42,43.8,1923.6,-29.98561668395996,28.94479751586914,nan,44.29999923706055,29.04250144958496,101033.0,-21.783477783203125,4728865,0.7292,19.61,0.076,1,3
log_199_2026-07-25-11-10-42.ulg,2026-07-26_manual,2026-07-25T11:10:42,44.8,1924.6,-26.829256057739258,28.94479751586914,nan,44.290000915527344,28.94479751586914,101043.0,-21.783477783203125,4728865,0.7189,15.24,0.092,1,3
log_199_2026-07-25-11-10-42.ulg,2026-07-26_manual,2026-07-25T11:10:42,45.78,1925.6,-28.933496475219727,29.04250144958496,nan,44.279998779296875,29.04250144958496,101034.0,-21.783477783203125,4728865,0.6815,0.0,0.036,1,3
log_199_2026-07-25-11-10-42.ulg,2026-07-26_manual,2026-07-25T11:10:42,46.8,1926.6,-28.933496475219727,29.04250144958496,nan,44.27000045776367,29.04250144958496,101033.0,-21.783477783203125,4728865,0.6893,0.0,0.121,1,3
log_199_2026-07-25-11-10-42.ulg,2026-07-26_manual,2026-07-25T11:10:42,47.8,1927.6,-29.98561668395996,29.04250144958496,nan,44.2599983215332,29.04250144958496,101031.0,-21.783477783203125,4728865,0.7117,0.0,0.142,1,3
log_199_2026-07-25-11-10-42.ulg,2026-07-26_manual,2026-07-25T11:10:42,48.8,1928.6,-29.98561668395996,29.04250144958496,nan,44.25,28.94479751586914,101031.0,-21.783477783203125,4728865,0.5877,0.0,0.132,1,3
log_199_2026-07-25-11-10-42.ulg,2026-07-26_manual,2026-07-25T11:10:42,49.8,1929.6,-28.933496475219727,28.84709358215332,nan,44.25,28.94479751586914,101034.0,-21.783477783203125,4728865,0.4392,0.0,0.105,1,3
log_215_2026-07-28-10-29-12.ulg,2026-07-28_flight02,2026-07-28T10:29:12,2.8,831.5,-29.98561668395996,28.45627784729004,nan,45.34000015258789,28.45627784729004,101337.0,-21.783477783203125,4728865,0.447,6.79,0.184,1,4
log_215_2026-07-28-10-29-12.ulg,2026-07-28_flight02,2026-07-28T10:29:12,3.8,832.5,-32.08985900878906,28.45627784729004,nan,45.32999801635742,28.45627784729004,101342.0,-21.783477783203125,4728865,0.6155,13.6,0.208,1,4
log_215_2026-07-28-10-29-12.ulg,2026-07-28_flight02,2026-07-28T10:29:12,33.79,862.5,-29.98561668395996,28.45627784729004,nan,45.11000061035156,28.45627784729004,100773.0,-21.783477783203125,4728865,0.8009,21.68,0.203,1,4
log_215_2026-07-28-10-29-12.ulg,2026-07-28_flight02,2026-07-28T10:29:12,34.79,863.5,-16.30805015563965,28.45627784729004,nan,45.09000015258789,28.45627784729004,100774.0,-21.783477783203125,4728865,0.8074,23.82,0.174,1,4
log_215_2026-07-28-10-29-12.ulg,2026-07-28_flight02,2026-07-28T10:29:12,35.78,864.4,-22.620773315429688,28.45627784729004,nan,45.07999801635742,28.45627784729004,100771.0,-21.783477783203125,4728865,0.8237,23.59,0.105,1,4
log_215_2026-07-28-10-29-12.ulg,2026-07-28_flight02,2026-07-28T10:29:12,36.79,865.5,-9.995326042175293,28.45627784729004,nan,45.05999755859375,28.45627784729004,100775.0,-21.783477783203125,4728865,0.7948,23.15,0.113,1,4
log_215_2026-07-28-10-29-12.ulg,2026-07-28_flight02,2026-07-28T10:29:12,37.79,866.5,-11.047446250915527,28.45627784729004,nan,45.03999710083008,28.45627784729004,100765.0,-21.783477783203125,4728865,0.7917,21.7,0.069,1,4
log_215_2026-07-28-10-29-12.ulg,2026-07-28_flight02,2026-07-28T10:29:12,38.79,867.5,-22.620773315429688,28.45627784729004,nan,45.02000045776367,28.45627784729004,100775.0,-21.783477783203125,4728865,0.7856,19.43,0.07,1,4
log_215_2026-07-28-10-29-12.ulg,2026-07-28_flight02,2026-07-28T10:29:12,39.79,868.5,-29.98561668395996,28.45627784729004,nan,45.0,28.45627784729004,100781.0,-21.783477783203125,4728865,0.7798,21.17,0.086,1,4
log_215_2026-07-28-10-29-12.ulg,2026-07-28_flight02,2026-07-28T10:29:12,40.79,869.5,-20.516530990600586,28.45627784729004,nan,44.96999740600586,28.45627784729004,100782.0,-21.783477783203125,4728865,0.7976,21.03,0.249,1,4
log_215_2026-07-28-10-29-12.ulg,2026-07-28_flight02,2026-07-28T10:29:12,41.8,870.5,-13.151687622070312,28.45627784729004,nan,44.939998626708984,28.45627784729004,100773.0,-21.783477783203125,4728865,0.7774,21.11,0.367,1,4
log_215_2026-07-28-10-29-12.ulg,2026-07-28_flight02,2026-07-28T10:29:12,42.8,871.5,-17.360170364379883,28.35857391357422,nan,44.91999816894531,28.35857391357422,100773.0,-21.783477783203125,4728865,0.8406,21.91,0.301,1,4
log_215_2026-07-28-10-29-12.ulg,2026-07-28_flight02,2026-07-28T10:29:12,43.79,872.5,-26.829256057739258,28.45627784729004,nan,44.88999938964844,28.45627784729004,100777.0,-21.783477783203125,4728865,0.8694,20.85,0.349,1,4
log_215_2026-07-28-10-29-12.ulg,2026-07-28_flight02,2026-07-28T10:29:12,44.8,873.5,-42.61106491088867,28.45627784729004,nan,44.869998931884766,28.45627784729004,100778.0,-21.783477783203125,4728865,0.8793,22.35,0.362,1,4
log_215_2026-07-28-10-29-12.ulg,2026-07-28_flight02,2026-07-28T10:29:12,45.8,874.5,-20.516530990600586,28.45627784729004,nan,44.84000015258789,28.45627784729004,100776.0,-21.783477783203125,4728865,0.8916,22.11,0.294,1,4
log_215_2026-07-28-10-29-12.ulg,2026-07-28_flight02,2026-07-28T10:29:12,46.8,875.5,-38.402584075927734,28.45627784729004,nan,44.81999969482422,28.45627784729004,100783.0,-21.783477783203125,4728865,0.9062,21.11,0.408,1,4
log_215_2026-07-28-10-29-12.ulg,2026-07-28_flight02,2026-07-28T10:29:12,47.8,876.5,-32.08985900878906,28.45627784729004,nan,44.79999923706055,28.45627784729004,100788.0,-21.783477783203125,4728865,0.946,22.89,0.271,1,4
log_215_2026-07-28-10-29-12.ulg,2026-07-28_flight02,2026-07-28T10:29:12,48.79,877.4,-41.55894470214844,28.45627784729004,nan,44.779998779296875,28.45627784729004,100796.0,-21.783477783203125,4728865,0.959,22.09,0.285,1,4
log_215_2026-07-28-10-29-12.ulg,2026-07-28_flight02,2026-07-28T10:29:12,49.8,878.5,-0.5262401103973389,28.45627784729004,nan,44.7599983215332,28.45627784729004,100797.0,-21.783477783203125,4728865,0.9918,21.84,0.3,1,4
log_215_2026-07-28-10-29-12.ulg,2026-07-28_flight02,2026-07-28T10:29:12,50.79,879.4,-25.77713394165039,28.45627784729004,nan,44.75,28.45627784729004,100792.0,-21.783477783203125,4728865,1.0,21.79,0.362,1,4
log_215_2026-07-28-10-29-12.ulg,2026-07-28_flight02,2026-07-28T10:29:12,51.8,880.5,-41.55894470214844,28.45627784729004,nan,44.73999786376953,28.45627784729004,100791.0,-21.783477783203125,4728865,1.0,22.81,0.396,1,4
log_215_2026-07-28-10-29-12.ulg,2026-07-28_flight02,2026-07-28T10:29:12,52.79,881.4,-16.30805015563965,28.45627784729004,nan,44.72999954223633,28.45627784729004,100802.0,-21.783477783203125,4728865,0.9994,23.22,0.4,1,4
log_215_2026-07-28-10-29-12.ulg,2026-07-28_flight02,2026-07-28T10:29:12,53.8,882.5,-19.46441078186035,28.45627784729004,nan,44.71999740600586,28.45627784729004,100794.0,-21.783477783203125,4728865,1.0,22.11,0.366,1,4
log_215_2026-07-28-10-29-12.ulg,2026-07-28_flight02,2026-07-28T10:29:12,54.79,883.4,-13.151687622070312,28.45627784729004,nan,44.71999740600586,28.45627784729004,100809.0,-21.783477783203125,4728865,1.0,22.14,0.348,1,4
log_215_2026-07-28-10-29-12.ulg,2026-07-28_flight02,2026-07-28T10:29:12,55.77,884.4,-33.1419792175293,28.45627784729004,nan,44.709999084472656,28.45627784729004,100797.0,-21.783477783203125,4728865,1.0,20.95,0.226,1,4
log_215_2026-07-28-10-29-12.ulg,2026-07-28_flight02,2026-07-28T10:29:12,72.79,901.4,-6.838963985443115,28.45627784729004,nan,44.52000045776367,28.45627784729004,100888.0,-21.783477783203125,4728865,1.0,24.5,0.365,1,4
log_215_2026-07-28-10-29-12.ulg,2026-07-28_flight02,2026-07-28T10:29:12,91.8,920.5,-6.838963985443115,28.55398178100586,nan,44.18000030517578,28.55398178100586,101092.0,-21.783477783203125,4728865,0.9557,19.47,0.54,1,4
log_215_2026-07-28-10-29-12.ulg,2026-07-28_flight02,2026-07-28T10:29:12,123.79,952.4,-32.08985900878906,28.84709358215332,nan,43.540000915527344,28.84709358215332,101335.0,-21.783477783203125,4728865,0.5235,0.0,0.016,1,4
log_215_2026-07-28-10-29-12.ulg,2026-07-28_flight02,2026-07-28T10:29:12,124.79,953.4,-28.933496475219727,28.84709358215332,nan,43.52000045776367,28.84709358215332,101342.0,-21.783477783203125,4728865,0.5091,0.0,0.082,1,4
log_215_2026-07-28-10-29-12.ulg,2026-07-28_flight02,2026-07-28T10:29:12,125.79,954.4,-32.08985900878906,28.84709358215332,nan,43.5,28.84709358215332,101336.0,-21.783477783203125,4728865,0.5115,0.0,0.103,1,4
log_246_2026-07-29-11-22-44.ulg,2026-07-29_flight06,2026-07-29T11:22:44,2.79,1446.1,-23.672893524169922,26.990718841552734,nan,44.16999816894531,26.990718841552734,101014.0,-21.783477783203125,4728865,0.4756,5.43,0.019,1,5
log_246_2026-07-29-11-22-44.ulg,2026-07-29_flight06,2026-07-29T11:22:44,3.8,1447.1,-26.829256057739258,27.088422775268555,nan,44.189998626708984,27.088422775268555,101014.0,-21.783477783203125,4728865,0.625,10.6,0.016,1,5
log_246_2026-07-29-11-22-44.ulg,2026-07-29_flight06,2026-07-29T11:22:44,4.8,1448.1,-26.829256057739258,27.088422775268555,nan,44.209999084472656,27.088422775268555,101013.0,-21.783477783203125,4728865,0.9459,0.0,0.086,1,5
log_246_2026-07-29-11-22-44.ulg,2026-07-29_flight06,2026-07-29T11:22:44,5.8,1449.1,-23.672893524169922,26.990718841552734,nan,44.22999954223633,26.990718841552734,101009.0,-21.783477783203125,4728865,0.9924,0.0,0.013,1,5
log_246_2026-07-29-11-22-44.ulg,2026-07-29_flight06,2026-07-29T11:22:44,6.8,1450.1,-29.98561668395996,27.088422775268555,nan,44.25,27.088422775268555,101011.0,-21.783477783203125,4728865,0.9924,0.0,0.004,1,5
log_246_2026-07-29-11-22-44.ulg,2026-07-29_flight06,2026-07-29T11:22:44,7.78,1451.1,-28.933496475219727,27.088422775268555,nan,44.2599983215332,27.088422775268555,101006.0,-21.783477783203125,4728865,0.9875,0.0,0.005,1,5
log_246_2026-07-29-11-22-44.ulg,2026-07-29_flight06,2026-07-29T11:22:44,8.8,1452.1,-29.98561668395996,27.088422775268555,nan,44.279998779296875,27.088422775268555,101006.0,-21.783477783203125,4728865,0.9882,0.0,0.003,1,5
log_248_2026-07-29-11-24-04.ulg,2026-07-29_flight06,2026-07-29T11:24:04,2.8,1467.8,-25.77713394165039,26.990718841552734,nan,44.64999771118164,26.990718841552734,101020.0,-21.783477783203125,4728865,0.4368,4.69,0.015,1,5
log_248_2026-07-29-11-24-04.ulg,2026-07-29_flight06,2026-07-29T11:24:04,3.8,1468.8,-20.516530990600586,26.990718841552734,nan,44.66999816894531,26.990718841552734,101027.0,-21.783477783203125,4728865,0.6101,10.44,0.011,1,5
log_248_2026-07-29-11-24-04.ulg,2026-07-29_flight06,2026-07-29T11:24:04,4.79,1469.8,-20.516530990600586,26.990718841552734,nan,44.68000030517578,26.990718841552734,101006.0,-21.783477783203125,4728865,0.6975,20.3,0.121,1,5
log_248_2026-07-29-11-24-04.ulg,2026-07-29_flight06,2026-07-29T11:24:04,20.79,1485.8,-22.620773315429688,27.088422775268555,nan,44.79999923706055,27.088422775268555,100782.0,-21.783477783203125,4728865,0.8237,20.94,0.092,1,5
log_248_2026-07-29-11-24-04.ulg,2026-07-29_flight06,2026-07-29T11:24:04,21.79,1486.8,-29.98561668395996,27.088422775268555,nan,44.79999923706055,27.088422775268555,100782.0,-21.783477783203125,4728865,0.8198,21.71,0.046,1,5
log_248_2026-07-29-11-24-04.ulg,2026-07-29_flight06,2026-07-29T11:24:04,22.79,1487.8,-29.98561668395996,27.088422775268555,nan,44.79999923706055,27.088422775268555,100782.0,-21.783477783203125,4728865,0.7983,21.3,0.028,1,5
log_248_2026-07-29-11-24-04.ulg,2026-07-29_flight06,2026-07-29T11:24:04,23.78,1488.8,-17.360170364379883,27.088422775268555,nan,44.78999710083008,27.088422775268555,100788.0,-21.783477783203125,4728865,0.8188,20.81,0.016,1,5
log_248_2026-07-29-11-24-04.ulg,2026-07-29_flight06,2026-07-29T11:24:04,24.79,1489.8,-35.246219635009766,27.186126708984375,nan,44.779998779296875,27.186126708984375,100789.0,-21.783477783203125,4728865,0.806,20.1,0.02,1,5
log_248_2026-07-29-11-24-04.ulg,2026-07-29_flight06,2026-07-29T11:24:04,46.8,1511.8,-11.047446250915527,27.381534576416016,nan,44.53999710083008,27.381534576416016,100949.0,-21.783477783203125,4728865,0.8571,23.53,0.381,1,5
log_248_2026-07-29-11-24-04.ulg,2026-07-29_flight06,2026-07-29T11:24:04,59.8,1524.8,-17.360170364379883,27.381534576416016,nan,44.290000915527344,27.381534576416016,101001.0,-21.783477783203125,4728865,0.8879,18.92,0.124,1,5
log_248_2026-07-29-11-24-04.ulg,2026-07-29_flight06,2026-07-29T11:24:04,60.8,1525.8,-36.29833984375,27.381534576416016,nan,44.279998779296875,27.381534576416016,101007.0,-21.783477783203125,4728865,0.8965,25.86,0.196,1,5
log_248_2026-07-29-11-24-04.ulg,2026-07-29_flight06,2026-07-29T11:24:04,62.79,1527.8,-29.98561668395996,27.479238510131836,nan,44.23999786376953,27.479238510131836,101015.0,-21.783477783203125,4728865,0.585,0.0,0.029,1,5
log_248_2026-07-29-11-24-04.ulg,2026-07-29_flight06,2026-07-29T11:24:04,63.8,1528.8,-28.933496475219727,27.381534576416016,nan,44.21999740600586,27.381534576416016,101010.0,-21.783477783203125,4728865,0.5262,0.0,0.007,1,5
log_248_2026-07-29-11-24-04.ulg,2026-07-29_flight06,2026-07-29T11:24:04,64.79,1529.8,-29.98561668395996,27.479238510131836,nan,44.20000076293945,27.479238510131836,101013.0,-21.783477783203125,4728865,0.4986,0.0,0.014,1,5
log_232_2026-07-29-11-09-12.ulg,2026-07-29_manual,2026-07-29T11:09:12,2.78,633.2,-32.08985900878906,27.088422775268555,nan,44.279998779296875,27.088422775268555,101000.0,-21.783477783203125,4728865,0.462,5.97,0.003,1,5
log_232_2026-07-29-11-09-12.ulg,2026-07-29_manual,2026-07-29T11:09:12,3.79,634.3,-22.620773315429688,27.088422775268555,nan,44.279998779296875,27.088422775268555,100997.0,-21.783477783203125,4728865,0.6336,9.28,0.025,1,5
log_232_2026-07-29-11-09-12.ulg,2026-07-29_manual,2026-07-29T11:09:12,4.79,635.3,-25.77713394165039,27.088422775268555,nan,44.279998779296875,27.088422775268555,101006.0,-21.783477783203125,4728865,0.7474,0.0,0.043,1,5
log_232_2026-07-29-11-09-12.ulg,2026-07-29_manual,2026-07-29T11:09:12,5.79,636.3,-29.98561668395996,27.186126708984375,nan,44.279998779296875,27.186126708984375,100999.0,-21.783477783203125,4728865,1.0,0.0,0.032,1,5
log_232_2026-07-29-11-09-12.ulg,2026-07-29_manual,2026-07-29T11:09:12,6.78,637.2,-29.98561668395996,27.088422775268555,nan,44.279998779296875,27.088422775268555,101005.0,-21.783477783203125,4728865,1.0,0.0,0.037,1,5
log_232_2026-07-29-11-09-12.ulg,2026-07-29_manual,2026-07-29T11:09:12,7.79,638.3,-28.933496475219727,27.088422775268555,nan,44.2599983215332,27.088422775268555,101008.0,-21.783477783203125,4728865,0.988,0.0,0.041,1,5
log_232_2026-07-29-11-09-12.ulg,2026-07-29_manual,2026-07-29T11:09:12,8.79,639.3,-28.933496475219727,27.088422775268555,nan,44.27000045776367,27.088422775268555,101004.0,-21.783477783203125,4728865,0.9668,0.0,0.038,1,5
log_239_2026-07-29-11-12-50.ulg,2026-07-29_manual,2026-07-29T11:12:50,2.8,750.2,-20.516530990600586,27.186126708984375,nan,44.22999954223633,27.186126708984375,101009.0,-21.783477783203125,4728865,0.4617,6.86,0.044,1,5
log_239_2026-07-29-11-12-50.ulg,2026-07-29_manual,2026-07-29T11:12:50,3.78,751.2,-28.933496475219727,27.186126708984375,nan,44.23999786376953,27.186126708984375,101004.0,-21.783477783203125,4728865,0.5936,13.08,0.013,1,5
log_239_2026-07-29-11-12-50.ulg,2026-07-29_manual,2026-07-29T11:12:50,19.8,767.2,-32.08985900878906,27.186126708984375,nan,44.22999954223633,27.186126708984375,100760.0,-21.783477783203125,4728865,0.8104,23.22,0.051,1,5
log_239_2026-07-29-11-12-50.ulg,2026-07-29_manual,2026-07-29T11:12:50,20.8,768.2,-3.6826019287109375,27.186126708984375,nan,44.22999954223633,27.186126708984375,100757.0,-21.783477783203125,4728865,0.7931,19.02,0.024,1,5
log_239_2026-07-29-11-12-50.ulg,2026-07-29_manual,2026-07-29T11:12:50,21.8,769.2,-23.672893524169922,27.186126708984375,nan,44.21999740600586,27.186126708984375,100753.0,-21.783477783203125,4728865,0.8224,18.71,0.068,1,5
log_239_2026-07-29-11-12-50.ulg,2026-07-29_manual,2026-07-29T11:12:50,22.79,770.2,-39.45470428466797,27.186126708984375,nan,44.209999084472656,27.186126708984375,100751.0,-21.783477783203125,4728865,0.7913,19.15,0.129,1,5
log_239_2026-07-29-11-12-50.ulg,2026-07-29_manual,2026-07-29T11:12:50,23.8,771.2,-41.55894470214844,27.186126708984375,nan,44.209999084472656,27.186126708984375,100754.0,-21.783477783203125,4728865,0.961,20.05,0.145,1,5
log_239_2026-07-29-11-12-50.ulg,2026-07-29_manual,2026-07-29T11:12:50,24.8,772.2,-22.620773315429688,27.186126708984375,nan,44.189998626708984,27.186126708984375,100754.0,-21.783477783203125,4728865,0.8275,20.88,0.138,1,5
log_239_2026-07-29-11-12-50.ulg,2026-07-29_manual,2026-07-29T11:12:50,40.76,788.2,-7.89108419418335,27.381534576416016,nan,43.72999954223633,27.381534576416016,100748.0,-21.783477783203125,4728865,0.8645,26.18,0.04,1,5
log_239_2026-07-29-11-12-50.ulg,2026-07-29_manual,2026-07-29T11:12:50,41.74,789.1,-19.46441078186035,27.479238510131836,nan,43.689998626708984,27.479238510131836,100741.0,-21.783477783203125,4728865,0.8503,24.07,0.378,1,5
log_239_2026-07-29-11-12-50.ulg,2026-07-29_manual,2026-07-29T11:12:50,42.78,790.2,-19.46441078186035,27.479238510131836,nan,43.64999771118164,27.479238510131836,100744.0,-21.783477783203125,4728865,0.8639,22.91,0.432,1,5
log_239_2026-07-29-11-12-50.ulg,2026-07-29_manual,2026-07-29T11:12:50,43.79,791.2,-26.829256057739258,27.479238510131836,nan,43.619998931884766,27.479238510131836,100737.0,-21.783477783203125,4728865,0.8393,21.6,0.159,1,5
log_239_2026-07-29-11-12-50.ulg,2026-07-29_manual,2026-07-29T11:12:50,44.78,792.2,-41.55894470214844,27.479238510131836,nan,43.57999801635742,27.479238510131836,100739.0,-21.783477783203125,4728865,0.8348,21.9,0.268,1,5
log_239_2026-07-29-11-12-50.ulg,2026-07-29_manual,2026-07-29T11:12:50,45.78,793.2,-4.73472261428833,27.479238510131836,nan,43.54999923706055,27.479238510131836,100734.0,-21.783477783203125,4728865,0.7975,22.71,0.3,1,5
log_239_2026-07-29-11-12-50.ulg,2026-07-29_manual,2026-07-29T11:12:50,46.78,794.2,-28.933496475219727,27.479238510131836,nan,43.52000045776367,27.479238510131836,100730.0,-21.783477783203125,4728865,0.7996,22.74,0.427,1,5
log_239_2026-07-29-11-12-50.ulg,2026-07-29_manual,2026-07-29T11:12:50,47.79,795.2,-32.08985900878906,27.479238510131836,nan,43.48999786376953,27.479238510131836,100737.0,-21.783477783203125,4728865,0.8418,21.91,0.505,1,5
log_239_2026-07-29-11-12-50.ulg,2026-07-29_manual,2026-07-29T11:12:50,49.78,797.2,-26.829256057739258,27.479238510131836,nan,43.439998626708984,27.479238510131836,100728.0,-21.783477783203125,4728865,0.8208,21.94,0.595,1,5
log_239_2026-07-29-11-12-50.ulg,2026-07-29_manual,2026-07-29T11:12:50,60.77,808.2,-6.838963985443115,27.479238510131836,nan,43.18000030517578,27.479238510131836,100703.0,-21.783477783203125,4728865,0.8479,21.44,0.421,1,5
log_239_2026-07-29-11-12-50.ulg,2026-07-29_manual,2026-07-29T11:12:50,100.78,848.2,-32.08985900878906,27.674646377563477,nan,42.369998931884766,27.674646377563477,100985.0,-21.783477783203125,4728865,0.8142,23.05,0.18,1,5
log_239_2026-07-29-11-12-50.ulg,2026-07-29_manual,2026-07-29T11:12:50,101.79,849.2,-19.46441078186035,27.674646377563477,nan,42.36000061035156,27.674646377563477,100995.0,-21.783477783203125,4728865,0.9227,23.35,0.129,1,5
log_239_2026-07-29-11-12-50.ulg,2026-07-29_manual,2026-07-29T11:12:50,102.79,850.2,-36.29833984375,27.674646377563477,nan,42.36000061035156,27.674646377563477,100997.0,-21.783477783203125,4728865,0.8839,20.07,0.124,1,5
log_239_2026-07-29-11-12-50.ulg,2026-07-29_manual,2026-07-29T11:12:50,103.79,851.2,-38.402584075927734,27.674646377563477,nan,42.349998474121094,27.674646377563477,100993.0,-21.783477783203125,4728865,0.8006,19.61,0.189,1,5
log_239_2026-07-29-11-12-50.ulg,2026-07-29_manual,2026-07-29T11:12:50,104.79,852.2,-29.98561668395996,27.674646377563477,nan,42.34000015258789,27.674646377563477,101007.0,-21.783477783203125,4728865,0.6812,15.84,0.125,1,5
log_239_2026-07-29-11-12-50.ulg,2026-07-29_manual,2026-07-29T11:12:50,105.79,853.2,-28.933496475219727,27.674646377563477,nan,42.32999801635742,27.674646377563477,100999.0,-21.783477783203125,4728865,0.6274,0.0,0.035,1,5
log_239_2026-07-29-11-12-50.ulg,2026-07-29_manual,2026-07-29T11:12:50,106.79,854.2,-32.08985900878906,27.674646377563477,nan,42.32999801635742,27.674646377563477,101006.0,-21.783477783203125,4728865,0.5497,0.0,0.026,1,5
log_239_2026-07-29-11-12-50.ulg,2026-07-29_manual,2026-07-29T11:12:50,107.77,855.2,-29.98561668395996,27.674646377563477,nan,42.31999969482422,27.674646377563477,101007.0,-21.783477783203125,4728865,0.4776,0.0,0.013,1,5
log_239_2026-07-29-11-12-50.ulg,2026-07-29_manual,2026-07-29T11:12:50,108.79,856.2,-29.98561668395996,27.674646377563477,nan,42.31999969482422,27.674646377563477,101006.0,-21.783477783203125,4728865,0.4491,0.0,0.015,1,5
log_239_2026-07-29-11-12-50.ulg,2026-07-29_manual,2026-07-29T11:12:50,109.79,857.2,-28.933496475219727,27.674646377563477,nan,42.31999969482422,27.674646377563477,101006.0,-21.783477783203125,4728865,0.4328,0.0,0.007,1,5
log_252_2026-07-29-11-26-18.ulg,2026-07-29_manual,2026-07-29T11:26:18,2.79,1660.1,-22.620773315429688,26.990718841552734,nan,45.11000061035156,26.990718841552734,101017.0,-21.783477783203125,4728865,0.4777,5.04,0.026,1,5
log_252_2026-07-29-11-26-18.ulg,2026-07-29_manual,2026-07-29T11:26:18,3.79,1661.1,-29.98561668395996,26.990718841552734,nan,45.119998931884766,26.990718841552734,101015.0,-21.783477783203125,4728865,0.6611,9.82,0.035,1,5
log_252_2026-07-29-11-26-18.ulg,2026-07-29_manual,2026-07-29T11:26:18,4.79,1662.1,-38.402584075927734,26.893014907836914,nan,45.13999938964844,26.893014907836914,101001.0,-21.783477783203125,4728865,0.8323,13.27,0.133,1,5
log_252_2026-07-29-11-26-18.ulg,2026-07-29_manual,2026-07-29T11:26:18,5.79,1663.1,-28.933496475219727,26.893014907836914,nan,45.14999771118164,26.893014907836914,101010.0,-21.783477783203125,4728865,1.0,0.0,0.101,1,5
log_252_2026-07-29-11-26-18.ulg,2026-07-29_manual,2026-07-29T11:26:18,6.79,1664.1,-26.829256057739258,26.893014907836914,nan,45.15999984741211,26.893014907836914,101013.0,-21.783477783203125,4728865,0.989,0.0,0.046,1,5
log_252_2026-07-29-11-26-18.ulg,2026-07-29_manual,2026-07-29T11:26:18,7.79,1665.1,-28.933496475219727,26.893014907836914,nan,45.16999816894531,26.893014907836914,101014.0,-21.783477783203125,4728865,0.9864,0.0,0.02,1,5
log_252_2026-07-29-11-26-18.ulg,2026-07-29_manual,2026-07-29T11:26:18,8.79,1666.1,-29.98561668395996,26.893014907836914,nan,45.18000030517578,26.893014907836914,101011.0,-21.783477783203125,4728865,0.9812,0.0,0.024,1,5
log_252_2026-07-29-11-26-18.ulg,2026-07-29_manual,2026-07-29T11:26:18,9.79,1667.1,-29.98561668395996,26.893014907836914,nan,45.189998626708984,26.893014907836914,101015.0,-21.783477783203125,4728865,0.9828,0.0,0.027,1,5
log_253_2026-07-29-11-26-42.ulg,2026-07-29_manual,2026-07-29T11:26:42,2.79,1684.3,-32.08985900878906,26.795310974121094,nan,45.38999938964844,26.795310974121094,101017.0,-21.783477783203125,4728865,0.4489,3.89,0.015,1,5
log_253_2026-07-29-11-26-42.ulg,2026-07-29_manual,2026-07-29T11:26:42,3.79,1685.3,-26.829256057739258,26.795310974121094,nan,45.38999938964844,26.795310974121094,101018.0,-21.783477783203125,4728865,0.6498,9.58,0.025,1,5
log_253_2026-07-29-11-26-42.ulg,2026-07-29_manual,2026-07-29T11:26:42,4.8,1686.3,-36.29833984375,26.795310974121094,nan,45.39999771118164,26.795310974121094,101002.0,-21.783477783203125,4728865,0.7102,0.0,0.115,1,5
log_253_2026-07-29-11-26-42.ulg,2026-07-29_manual,2026-07-29T11:26:42,5.79,1687.3,-29.98561668395996,26.795310974121094,nan,45.39999771118164,26.795310974121094,101012.0,-21.783477783203125,4728865,1.0,0.0,0.027,1,5
log_253_2026-07-29-11-26-42.ulg,2026-07-29_manual,2026-07-29T11:26:42,6.79,1688.3,-29.98561668395996,26.697607040405273,nan,45.39999771118164,26.697607040405273,101013.0,-21.783477783203125,4728865,1.0,0.0,0.018,1,5
log_253_2026-07-29-11-26-42.ulg,2026-07-29_manual,2026-07-29T11:26:42,7.79,1689.3,-29.98561668395996,26.795310974121094,nan,45.38999938964844,26.795310974121094,101014.0,-21.783477783203125,4728865,1.0,0.0,0.022,1,5
log_253_2026-07-29-11-26-42.ulg,2026-07-29_manual,2026-07-29T11:26:42,8.79,1690.3,-28.933496475219727,26.795310974121094,nan,45.39999771118164,26.795310974121094,101011.0,-21.783477783203125,4728865,1.0,0.0,0.019,1,5
log_253_2026-07-29-11-26-42.ulg,2026-07-29_manual,2026-07-29T11:26:42,9.79,1691.3,-25.77713394165039,26.795310974121094,nan,45.39999771118164,26.795310974121094,101010.0,-21.783477783203125,4728865,1.0,0.0,0.017,1,5
log_254_2026-07-29-11-27-06.ulg,2026-07-29_manual,2026-07-29T11:27:06,2.78,1706.2,-35.246219635009766,26.599903106689453,nan,45.48999786376953,26.599903106689453,101013.0,-21.783477783203125,4728865,0.4662,4.25,0.007,1,5
log_254_2026-07-29-11-27-06.ulg,2026-07-29_manual,2026-07-29T11:27:06,3.8,1707.2,-26.829256057739258,26.697607040405273,nan,45.48999786376953,26.697607040405273,101009.0,-21.783477783203125,4728865,0.6602,10.38,0.002,1,5
log_254_2026-07-29-11-27-06.ulg,2026-07-29_manual,2026-07-29T11:27:06,4.79,1708.2,-20.516530990600586,26.697607040405273,nan,45.48999786376953,26.697607040405273,101002.0,-21.783477783203125,4728865,0.8303,12.3,0.151,1,5
log_254_2026-07-29-11-27-06.ulg,2026-07-29_manual,2026-07-29T11:27:06,5.78,1709.2,-29.98561668395996,26.697607040405273,nan,45.48999786376953,26.697607040405273,101008.0,-21.783477783203125,4728865,0.972,0.0,0.148,1,5
log_254_2026-07-29-11-27-06.ulg,2026-07-29_manual,2026-07-29T11:27:06,6.8,1710.2,-29.98561668395996,26.697607040405273,nan,45.48999786376953,26.697607040405273,101012.0,-21.783477783203125,4728865,0.9845,0.0,0.055,1,5
log_254_2026-07-29-11-27-06.ulg,2026-07-29_manual,2026-07-29T11:27:06,7.78,1711.2,-29.98561668395996,26.697607040405273,nan,45.48999786376953,26.697607040405273,101013.0,-21.783477783203125,4728865,0.9736,0.0,0.03,1,5
log_254_2026-07-29-11-27-06.ulg,2026-07-29_manual,2026-07-29T11:27:06,8.8,1712.2,-26.829256057739258,26.697607040405273,nan,45.48999786376953,26.697607040405273,101012.0,-21.783477783203125,4728865,0.965,0.0,0.021,1,5
log_254_2026-07-29-11-27-06.ulg,2026-07-29_manual,2026-07-29T11:27:06,9.78,1713.2,-29.98561668395996,26.697607040405273,nan,45.48999786376953,26.697607040405273,101008.0,-21.783477783203125,4728865,0.9558,0.0,0.012,1,5
log_255_2026-07-29-11-27-34.ulg,2026-07-29_manual,2026-07-29T11:27:34,2.78,1735.7,-26.829256057739258,26.697607040405273,nan,45.54999923706055,26.697607040405273,101014.0,-21.783477783203125,4728865,0.4813,5.7,0.044,1,5
log_255_2026-07-29-11-27-34.ulg,2026-07-29_manual,2026-07-29T11:27:34,3.8,1736.7,-26.829256057739258,26.697607040405273,nan,45.54999923706055,26.697607040405273,101018.0,-21.783477783203125,4728865,0.6675,10.47,0.029,1,5
log_255_2026-07-29-11-27-34.ulg,2026-07-29_manual,2026-07-29T11:27:34,4.8,1737.7,-22.620773315429688,26.599903106689453,nan,45.53999710083008,26.599903106689453,101007.0,-21.783477783203125,4728865,0.8347,14.13,0.184,1,5
log_255_2026-07-29-11-27-34.ulg,2026-07-29_manual,2026-07-29T11:27:34,5.78,1738.7,-32.08985900878906,26.697607040405273,nan,45.529998779296875,26.697607040405273,101012.0,-21.783477783203125,4728865,1.0,0.0,0.021,1,5
log_255_2026-07-29-11-27-34.ulg,2026-07-29_manual,2026-07-29T11:27:34,6.8,1739.7,-29.98561668395996,26.697607040405273,nan,45.52000045776367,26.697607040405273,101013.0,-21.783477783203125,4728865,0.9654,0.0,0.01,1,5
log_255_2026-07-29-11-27-34.ulg,2026-07-29_manual,2026-07-29T11:27:34,7.74,1740.7,-28.933496475219727,26.697607040405273,nan,45.52000045776367,26.697607040405273,101015.0,-21.783477783203125,4728865,0.9508,0.0,0.013,1,5
log_255_2026-07-29-11-27-34.ulg,2026-07-29_manual,2026-07-29T11:27:34,8.79,1741.7,-28.933496475219727,26.697607040405273,nan,45.5099983215332,26.697607040405273,101007.0,-21.783477783203125,4728865,0.9458,0.0,0.01,1,5
log_255_2026-07-29-11-27-34.ulg,2026-07-29_manual,2026-07-29T11:27:34,9.79,1742.7,-29.98561668395996,26.697607040405273,nan,45.5099983215332,26.697607040405273,101014.0,-21.783477783203125,4728865,0.9409,0.0,0.017,1,5
log_268_2026-07-30-01-13-14.ulg,2026-07-30_flight01,2026-07-30T01:13:14,6.79,505.8,-41.55894470214844,36.85881805419922,nan,52.0099983215332,36.85881805419922,101042.0,-21.783477783203125,4728865,0.4809,6.68,0.041,1,6
log_268_2026-07-30-01-13-14.ulg,2026-07-30_flight01,2026-07-30T01:13:14,7.79,506.8,-52.08015060424805,36.85881805419922,nan,52.02000045776367,36.85881805419922,101050.0,-21.783477783203125,4728865,0.649,0.0,0.08,1,6
log_268_2026-07-30-01-13-14.ulg,2026-07-30_flight01,2026-07-30T01:13:14,8.77,507.8,-47.871665954589844,36.85881805419922,nan,52.029998779296875,36.85881805419922,101050.0,-21.783477783203125,4728865,0.9942,0.0,0.043,1,6
log_268_2026-07-30-01-13-14.ulg,2026-07-30_flight01,2026-07-30T01:13:14,9.8,508.8,-45.767425537109375,36.85881805419922,nan,52.029998779296875,36.85881805419922,101051.0,-21.783477783203125,4728865,0.9686,0.0,0.092,1,6
log_268_2026-07-30-01-13-14.ulg,2026-07-30_flight01,2026-07-30T01:13:14,10.8,509.8,-44.71530532836914,36.85881805419922,nan,52.03999710083008,36.85881805419922,101049.0,-21.783477783203125,4728865,0.9688,0.0,0.107,1,6
log_268_2026-07-30-01-13-14.ulg,2026-07-30_flight01,2026-07-30T01:13:14,11.8,510.8,-47.871665954589844,36.956520080566406,nan,52.04999923706055,36.956520080566406,101051.0,-21.783477783203125,4728865,1.0,0.0,0.1,1,6
log_268_2026-07-30-01-13-14.ulg,2026-07-30_flight01,2026-07-30T01:13:14,12.8,511.8,-42.61106491088867,36.85881805419922,nan,52.04999923706055,36.85881805419922,101049.0,-21.783477783203125,4728865,1.0,0.0,0.076,1,6
log_269_2026-07-30-01-15-54.ulg,2026-07-30_flight02,2026-07-30T01:15:54,2.8,549.2,-47.871665954589844,37.73815155029297,nan,51.97999954223633,37.73815155029297,101050.0,-21.783477783203125,4728865,0.4824,7.52,0.07,1,6
log_269_2026-07-30-01-15-54.ulg,2026-07-30_flight02,2026-07-30T01:15:54,3.8,550.2,-44.71530532836914,37.64044952392578,nan,51.97999954223633,37.64044952392578,101046.0,-21.783477783203125,4728865,0.6066,13.41,0.102,1,6
log_269_2026-07-30-01-15-54.ulg,2026-07-30_flight02,2026-07-30T01:15:54,4.8,551.2,-66.8098373413086,37.54274368286133,nan,51.97999954223633,37.54274368286133,101045.0,-21.783477783203125,4728865,0.7393,21.68,0.467,1,6
log_269_2026-07-30-01-15-54.ulg,2026-07-30_flight02,2026-07-30T01:15:54,18.81,565.2,-41.55894470214844,36.46800231933594,nan,52.07999801635742,36.46800231933594,100831.0,-21.783477783203125,4728865,0.747,19.45,0.134,1,6
log_269_2026-07-30-01-15-54.ulg,2026-07-30_flight02,2026-07-30T01:15:54,19.8,566.2,-33.1419792175293,36.46800231933594,nan,52.07999801635742,36.46800231933594,100827.0,-21.783477783203125,4728865,0.7815,18.67,0.089,1,6
log_269_2026-07-30-01-15-54.ulg,2026-07-30_flight02,2026-07-30T01:15:54,20.8,567.2,-32.08985900878906,36.370296478271484,nan,52.09000015258789,36.370296478271484,100826.0,-21.783477783203125,4728865,0.7781,19.05,0.154,1,6
log_269_2026-07-30-01-15-54.ulg,2026-07-30_flight02,2026-07-30T01:15:54,21.8,568.2,-35.246219635009766,36.370296478271484,nan,52.09000015258789,36.370296478271484,100824.0,-21.783477783203125,4728865,0.7495,19.11,0.136,1,6
log_269_2026-07-30-01-15-54.ulg,2026-07-30_flight02,2026-07-30T01:15:54,22.8,569.2,-41.55894470214844,36.2725944519043,nan,52.09000015258789,36.2725944519043,100827.0,-21.783477783203125,4728865,0.8345,19.49,0.404,1,6
log_269_2026-07-30-01-15-54.ulg,2026-07-30_flight02,2026-07-30T01:15:54,23.8,570.2,-29.98561668395996,36.2725944519043,nan,52.099998474121094,36.2725944519043,100823.0,-21.783477783203125,4728865,0.7931,19.41,0.25,1,6
log_269_2026-07-30-01-15-54.ulg,2026-07-30_flight02,2026-07-30T01:15:54,24.8,571.2,-28.933496475219727,36.174888610839844,nan,52.099998474121094,36.174888610839844,100819.0,-21.783477783203125,4728865,0.8,18.84,0.083,1,6
log_269_2026-07-30-01-15-54.ulg,2026-07-30_flight02,2026-07-30T01:15:54,25.8,572.2,-51.02803039550781,36.174888610839844,nan,52.099998474121094,36.077186584472656,100828.0,-21.783477783203125,4728865,0.8106,17.98,0.129,1,6
log_269_2026-07-30-01-15-54.ulg,2026-07-30_flight02,2026-07-30T01:15:54,39.74,586.1,-33.1419792175293,33.92770004272461,nan,51.029998779296875,33.92770004272461,100824.0,-21.783477783203125,4728865,1.0,37.0,0.471,1,6
log_269_2026-07-30-01-15-54.ulg,2026-07-30_flight02,2026-07-30T01:15:54,42.8,589.2,-48.923789978027344,33.53688430786133,nan,50.78999710083008,33.53688430786133,100827.0,-21.783477783203125,4728865,0.7574,22.72,0.285,1,6
log_269_2026-07-30-01-15-54.ulg,2026-07-30_flight02,2026-07-30T01:15:54,43.8,590.2,-36.29833984375,33.34147644042969,nan,50.71999740600586,33.34147644042969,100823.0,-21.783477783203125,4728865,0.7668,20.49,0.142,1,6
log_269_2026-07-30-01-15-54.ulg,2026-07-30_flight02,2026-07-30T01:15:54,44.79,591.2,-42.61106491088867,33.243770599365234,nan,50.65999984741211,33.243770599365234,100823.0,-21.783477783203125,4728865,0.7669,19.79,0.127,1,6
log_269_2026-07-30-01-15-54.ulg,2026-07-30_flight02,2026-07-30T01:15:54,45.77,592.2,-36.29833984375,33.14606857299805,nan,50.599998474121094,33.14606857299805,100828.0,-21.783477783203125,4728865,0.7744,20.49,0.071,1,6
log_269_2026-07-30-01-15-54.ulg,2026-07-30_flight02,2026-07-30T01:15:54,46.77,593.2,-32.08985900878906,33.14606857299805,nan,50.54999923706055,33.14606857299805,100823.0,-21.783477783203125,4728865,0.7925,20.21,0.046,1,6
log_269_2026-07-30-01-15-54.ulg,2026-07-30_flight02,2026-07-30T01:15:54,47.8,594.2,-57.34075164794922,33.048362731933594,nan,50.48999786376953,33.048362731933594,100825.0,-21.783477783203125,4728865,0.7786,20.63,0.093,1,6
log_269_2026-07-30-01-15-54.ulg,2026-07-30_flight02,2026-07-30T01:15:54,48.79,595.2,-41.55894470214844,32.950660705566406,nan,50.45000076293945,32.950660705566406,100823.0,-21.783477783203125,4728865,0.784,20.97,0.056,1,6
log_269_2026-07-30-01-15-54.ulg,2026-07-30_flight02,2026-07-30T01:15:54,49.8,596.2,-29.98561668395996,32.85295486450195,nan,50.39999771118164,32.85295486450195,100825.0,-21.783477783203125,4728865,0.807,21.01,0.029,1,6
log_269_2026-07-30-01-15-54.ulg,2026-07-30_flight02,2026-07-30T01:15:54,50.79,597.2,-60.49711608886719,32.755252838134766,nan,50.36000061035156,32.755252838134766,100825.0,-21.783477783203125,4728865,0.7623,20.07,0.084,1,6
log_269_2026-07-30-01-15-54.ulg,2026-07-30_flight02,2026-07-30T01:15:54,51.8,598.2,-52.08015060424805,32.65754699707031,nan,50.31999969482422,32.65754699707031,100822.0,-21.783477783203125,4728865,0.7635,20.57,0.117,1,6
log_269_2026-07-30-01-15-54.ulg,2026-07-30_flight02,2026-07-30T01:15:54,52.8,599.2,-54.184391021728516,32.65754699707031,nan,50.279998779296875,32.65754699707031,100827.0,-21.783477783203125,4728865,0.7978,21.04,0.07,1,6
log_269_2026-07-30-01-15-54.ulg,2026-07-30_flight02,2026-07-30T01:15:54,53.78,600.2,-39.45470428466797,32.559844970703125,nan,50.23999786376953,32.559844970703125,100823.0,-21.783477783203125,4728865,0.7822,21.52,0.077,1,6
log_269_2026-07-30-01-15-54.ulg,2026-07-30_flight02,2026-07-30T01:15:54,54.79,601.2,-36.29833984375,32.46213912963867,nan,50.209999084472656,32.46213912963867,100823.0,-21.783477783203125,4728865,0.778,21.53,0.035,1,6
log_269_2026-07-30-01-15-54.ulg,2026-07-30_flight02,2026-07-30T01:15:54,55.79,602.2,-36.29833984375,32.46213912963867,nan,50.16999816894531,32.46213912963867,100827.0,-21.783477783203125,4728865,0.8025,21.81,0.088,1,6
log_269_2026-07-30-01-15-54.ulg,2026-07-30_flight02,2026-07-30T01:15:54,56.81,603.2,-35.246219635009766,32.364437103271484,nan,50.13999938964844,32.364437103271484,100825.0,-21.783477783203125,4728865,0.7565,20.65,0.192,1,6
log_269_2026-07-30-01-15-54.ulg,2026-07-30_flight02,2026-07-30T01:15:54,57.79,604.2,-32.08985900878906,32.364437103271484,nan,50.11000061035156,32.364437103271484,100826.0,-21.783477783203125,4728865,0.8075,21.77,0.155,1,6
log_269_2026-07-30-01-15-54.ulg,2026-07-30_flight02,2026-07-30T01:15:54,58.79,605.2,-36.29833984375,32.364437103271484,nan,50.06999969482422,32.364437103271484,100830.0,-21.783477783203125,4728865,0.7675,21.78,0.048,1,6
log_269_2026-07-30-01-15-54.ulg,2026-07-30_flight02,2026-07-30T01:15:54,59.8,606.2,-32.08985900878906,32.26673126220703,nan,50.03999710083008,32.26673126220703,100827.0,-21.783477783203125,4728865,0.8019,20.45,0.11,1,6
log_269_2026-07-30-01-15-54.ulg,2026-07-30_flight02,2026-07-30T01:15:54,60.8,607.2,-58.39287567138672,32.26673126220703,nan,50.0099983215332,32.169029235839844,100827.0,-21.783477783203125,4728865,0.8023,20.14,0.131,1,6
log_269_2026-07-30-01-15-54.ulg,2026-07-30_flight02,2026-07-30T01:15:54,61.8,608.2,-58.39287567138672,32.169029235839844,nan,49.97999954223633,32.169029235839844,100827.0,-21.783477783203125,4728865,0.799,22.77,0.014,1,6
log_269_2026-07-30-01-15-54.ulg,2026-07-30_flight02,2026-07-30T01:15:54,62.8,609.2,-51.02803039550781,32.169029235839844,nan,49.95000076293945,32.169029235839844,100835.0,-21.783477783203125,4728865,0.8075,22.2,0.088,1,6
log_269_2026-07-30-01-15-54.ulg,2026-07-30_flight02,2026-07-30T01:15:54,63.8,610.2,-52.08015060424805,32.07132339477539,nan,49.93000030517578,32.07132339477539,100835.0,-21.783477783203125,4728865,0.801,21.05,0.024,1,6
log_269_2026-07-30-01-15-54.ulg,2026-07-30_flight02,2026-07-30T01:15:54,64.8,611.2,-36.29833984375,31.97361946105957,nan,49.89999771118164,31.97361946105957,100829.0,-21.783477783203125,4728865,0.7964,21.87,0.044,1,6
log_269_2026-07-30-01-15-54.ulg,2026-07-30_flight02,2026-07-30T01:15:54,65.8,612.2,-51.02803039550781,31.97361946105957,nan,49.869998931884766,31.97361946105957,100828.0,-21.783477783203125,4728865,0.8086,22.01,0.108,1,6
log_269_2026-07-30-01-15-54.ulg,2026-07-30_flight02,2026-07-30T01:15:54,66.79,613.2,-48.923789978027344,31.97361946105957,nan,49.84000015258789,31.97361946105957,100829.0,-21.783477783203125,4728865,0.8582,21.79,0.096,1,6
log_269_2026-07-30-01-15-54.ulg,2026-07-30_flight02,2026-07-30T01:15:54,67.8,614.2,-39.45470428466797,31.87591552734375,nan,49.80999755859375,31.87591552734375,100831.0,-21.783477783203125,4728865,0.7688,21.4,0.16,1,6
log_269_2026-07-30-01-15-54.ulg,2026-07-30_flight02,2026-07-30T01:15:54,68.8,615.2,-44.71530532836914,31.87591552734375,nan,49.78999710083008,31.87591552734375,100824.0,-21.783477783203125,4728865,0.774,20.01,0.077,1,6
log_269_2026-07-30-01-15-54.ulg,2026-07-30_flight02,2026-07-30T01:15:54,69.8,616.2,-22.620773315429688,31.77821159362793,nan,49.77000045776367,31.77821159362793,100828.0,-21.783477783203125,4728865,0.8598,19.43,0.192,1,6
log_269_2026-07-30-01-15-54.ulg,2026-07-30_flight02,2026-07-30T01:15:54,70.8,617.2,-47.871665954589844,31.77821159362793,nan,49.73999786376953,31.77821159362793,100826.0,-21.783477783203125,4728865,0.8177,22.39,0.1,1,6
log_269_2026-07-30-01-15-54.ulg,2026-07-30_flight02,2026-07-30T01:15:54,71.8,618.2,-58.39287567138672,31.68050765991211,nan,49.71999740600586,31.68050765991211,100827.0,-21.783477783203125,4728865,0.8875,23.01,0.14,1,6
log_269_2026-07-30-01-15-54.ulg,2026-07-30_flight02,2026-07-30T01:15:54,72.79,619.2,-41.55894470214844,31.68050765991211,nan,49.70000076293945,31.68050765991211,100818.0,-21.783477783203125,4728865,0.8665,21.32,0.033,1,6
log_269_2026-07-30-01-15-54.ulg,2026-07-30_flight02,2026-07-30T01:15:54,73.79,620.2,-38.402584075927734,31.58280372619629,nan,49.66999816894531,31.58280372619629,100825.0,-21.783477783203125,4728865,0.8685,19.93,0.236,1,6
log_269_2026-07-30-01-15-54.ulg,2026-07-30_flight02,2026-07-30T01:15:54,74.79,621.2,-55.23651123046875,31.58280372619629,nan,49.64999771118164,31.58280372619629,100823.0,-21.783477783203125,4728865,0.8748,21.4,0.068,1,6
log_269_2026-07-30-01-15-54.ulg,2026-07-30_flight02,2026-07-30T01:15:54,75.8,622.2,-44.71530532836914,31.48509979248047,nan,49.62999725341797,31.48509979248047,100827.0,-21.783477783203125,4728865,0.8568,21.7,0.078,1,6
log_269_2026-07-30-01-15-54.ulg,2026-07-30_flight02,2026-07-30T01:15:54,76.81,623.2,-58.39287567138672,31.48509979248047,nan,49.599998474121094,31.48509979248047,100829.0,-21.783477783203125,4728865,0.8901,22.02,0.111,1,6
log_269_2026-07-30-01-15-54.ulg,2026-07-30_flight02,2026-07-30T01:15:54,77.75,624.1,-54.184391021728516,31.48509979248047,nan,49.57999801635742,31.48509979248047,100827.0,-21.783477783203125,4728865,0.8474,20.26,0.138,1,6
log_269_2026-07-30-01-15-54.ulg,2026-07-30_flight02,2026-07-30T01:15:54,78.75,625.1,-48.923789978027344,31.38739585876465,nan,49.55999755859375,31.38739585876465,100824.0,-21.783477783203125,4728865,0.8544,22.26,0.061,1,6
log_269_2026-07-30-01-15-54.ulg,2026-07-30_flight02,2026-07-30T01:15:54,79.79,626.2,-28.933496475219727,31.38739585876465,nan,49.529998779296875,31.38739585876465,100827.0,-21.783477783203125,4728865,0.8523,21.46,0.053,1,6
log_269_2026-07-30-01-15-54.ulg,2026-07-30_flight02,2026-07-30T01:15:54,80.79,627.2,-45.767425537109375,31.289691925048828,nan,49.5099983215332,31.289691925048828,100831.0,-21.783477783203125,4728865,0.8873,22.95,0.199,1,6
log_269_2026-07-30-01-15-54.ulg,2026-07-30_flight02,2026-07-30T01:15:54,81.81,628.2,-54.184391021728516,31.289691925048828,nan,49.48999786376953,31.289691925048828,100828.0,-21.783477783203125,4728865,0.9007,23.48,0.049,1,6
log_269_2026-07-30-01-15-54.ulg,2026-07-30_flight02,2026-07-30T01:15:54,82.8,629.2,-39.45470428466797,31.289691925048828,nan,49.46999740600586,31.289691925048828,100825.0,-21.783477783203125,4728865,0.828,21.2,0.042,1,6
log_269_2026-07-30-01-15-54.ulg,2026-07-30_flight02,2026-07-30T01:15:54,83.78,630.2,-54.184391021728516,31.191987991333008,nan,49.439998626708984,31.191987991333008,100824.0,-21.783477783203125,4728865,0.8874,20.57,0.124,1,6
log_269_2026-07-30-01-15-54.ulg,2026-07-30_flight02,2026-07-30T01:15:54,84.8,631.2,-42.61106491088867,31.191987991333008,nan,49.40999984741211,31.191987991333008,100836.0,-21.783477783203125,4728865,0.9181,23.22,0.164,1,6
log_269_2026-07-30-01-15-54.ulg,2026-07-30_flight02,2026-07-30T01:15:54,85.8,632.2,-54.184391021728516,31.094284057617188,nan,49.38999938964844,31.094284057617188,100842.0,-21.783477783203125,4728865,0.8782,22.83,0.158,1,6
log_269_2026-07-30-01-15-54.ulg,2026-07-30_flight02,2026-07-30T01:15:54,86.8,633.2,-58.39287567138672,31.094284057617188,nan,49.369998931884766,31.094284057617188,100840.0,-21.783477783203125,4728865,0.9013,23.07,0.084,1,6
log_269_2026-07-30-01-15-54.ulg,2026-07-30_flight02,2026-07-30T01:15:54,87.78,634.2,-55.23651123046875,30.996580123901367,nan,49.349998474121094,31.094284057617188,100840.0,-21.783477783203125,4728865,0.9195,23.01,0.076,1,6
log_269_2026-07-30-01-15-54.ulg,2026-07-30_flight02,2026-07-30T01:15:54,88.78,635.2,-39.45470428466797,30.996580123901367,nan,49.31999969482422,30.996580123901367,100847.0,-21.783477783203125,4728865,0.8843,22.31,0.2,1,6
log_269_2026-07-30-01-15-54.ulg,2026-07-30_flight02,2026-07-30T01:15:54,89.8,636.2,-51.02803039550781,30.996580123901367,nan,49.29999923706055,30.996580123901367,100845.0,-21.783477783203125,4728865,0.9361,22.17,0.155,1,6
log_269_2026-07-30-01-15-54.ulg,2026-07-30_flight02,2026-07-30T01:15:54,90.8,637.2,-47.871665954589844,30.996580123901367,nan,49.27000045776367,30.996580123901367,100842.0,-21.783477783203125,4728865,0.8912,20.12,0.097,1,6
log_269_2026-07-30-01-15-54.ulg,2026-07-30_flight02,2026-07-30T01:15:54,91.8,638.2,-32.08985900878906,30.898876190185547,nan,49.25,30.898876190185547,100850.0,-21.783477783203125,4728865,0.8436,20.75,0.066,1,6
log_269_2026-07-30-01-15-54.ulg,2026-07-30_flight02,2026-07-30T01:15:54,92.79,639.2,-55.23651123046875,30.898876190185547,nan,49.21999740600586,30.898876190185547,100846.0,-21.783477783203125,4728865,0.8807,20.48,0.081,1,6
log_269_2026-07-30-01-15-54.ulg,2026-07-30_flight02,2026-07-30T01:15:54,93.8,640.2,-41.55894470214844,30.898876190185547,nan,49.20000076293945,30.898876190185547,100844.0,-21.783477783203125,4728865,0.8426,21.39,0.034,1,6
log_269_2026-07-30-01-15-54.ulg,2026-07-30_flight02,2026-07-30T01:15:54,94.76,641.1,-45.767425537109375,30.898876190185547,nan,49.16999816894531,30.898876190185547,100843.0,-21.783477783203125,4728865,0.8446,20.83,0.117,1,6
log_269_2026-07-30-01-15-54.ulg,2026-07-30_flight02,2026-07-30T01:15:54,95.79,642.2,-51.02803039550781,30.898876190185547,nan,49.13999938964844,30.898876190185547,100845.0,-21.783477783203125,4728865,0.869,22.28,0.082,1,6
log_269_2026-07-30-01-15-54.ulg,2026-07-30_flight02,2026-07-30T01:15:54,96.79,643.2,-54.184391021728516,30.801172256469727,nan,49.119998931884766,30.801172256469727,100852.0,-21.783477783203125,4728865,0.889,22.52,0.11,1,6
log_269_2026-07-30-01-15-54.ulg,2026-07-30_flight02,2026-07-30T01:15:54,97.81,644.2,-48.923789978027344,30.801172256469727,nan,49.09000015258789,30.801172256469727,100848.0,-21.783477783203125,4728865,0.9031,23.4,0.082,1,6
log_269_2026-07-30-01-15-54.ulg,2026-07-30_flight02,2026-07-30T01:15:54,98.81,645.2,-51.02803039550781,30.801172256469727,nan,49.06999969482422,30.801172256469727,100846.0,-21.783477783203125,4728865,0.8331,21.3,0.136,1,6
log_269_2026-07-30-01-15-54.ulg,2026-07-30_flight02,2026-07-30T01:15:54,99.78,646.2,-36.29833984375,30.801172256469727,nan,49.03999710083008,30.801172256469727,100850.0,-21.783477783203125,4728865,0.8794,23.34,0.017,1,6
log_269_2026-07-30-01-15-54.ulg,2026-07-30_flight02,2026-07-30T01:15:54,100.79,647.2,-42.61106491088867,30.703468322753906,nan,49.02000045776367,30.703468322753906,100847.0,-21.783477783203125,4728865,0.8456,22.4,0.064,1,6
log_269_2026-07-30-01-15-54.ulg,2026-07-30_flight02,2026-07-30T01:15:54,101.81,648.2,-57.34075164794922,30.801172256469727,nan,49.0,30.801172256469727,100847.0,-21.783477783203125,4728865,0.871,21.7,0.054,1,6
log_269_2026-07-30-01-15-54.ulg,2026-07-30_flight02,2026-07-30T01:15:54,102.79,649.2,-41.55894470214844,30.703468322753906,nan,48.96999740600586,30.703468322753906,100846.0,-21.783477783203125,4728865,0.8391,22.16,0.09,1,6
log_269_2026-07-30-01-15-54.ulg,2026-07-30_flight02,2026-07-30T01:15:54,103.78,650.2,-35.246219635009766,30.703468322753906,nan,48.939998626708984,30.703468322753906,100845.0,-21.783477783203125,4728865,0.8399,21.96,0.061,1,6
log_269_2026-07-30-01-15-54.ulg,2026-07-30_flight02,2026-07-30T01:15:54,104.77,651.1,-55.23651123046875,30.703468322753906,nan,48.91999816894531,30.703468322753906,100848.0,-21.783477783203125,4728865,0.9124,22.51,0.176,1,6
log_269_2026-07-30-01-15-54.ulg,2026-07-30_flight02,2026-07-30T01:15:54,105.8,652.2,-55.23651123046875,30.703468322753906,nan,48.88999938964844,30.703468322753906,100839.0,-21.783477783203125,4728865,0.8828,21.84,0.085,1,6
log_269_2026-07-30-01-15-54.ulg,2026-07-30_flight02,2026-07-30T01:15:54,106.77,653.1,-45.767425537109375,30.703468322753906,nan,48.86000061035156,30.703468322753906,100840.0,-21.783477783203125,4728865,0.875,24.41,0.06,1,6
log_269_2026-07-30-01-15-54.ulg,2026-07-30_flight02,2026-07-30T01:15:54,107.8,654.2,-52.08015060424805,30.703468322753906,nan,48.84000015258789,30.703468322753906,100843.0,-21.783477783203125,4728865,0.8845,22.08,0.13,1,6
log_269_2026-07-30-01-15-54.ulg,2026-07-30_flight02,2026-07-30T01:15:54,119.81,666.2,-39.45470428466797,30.508060455322266,nan,48.52000045776367,30.508060455322266,101054.0,-21.783477783203125,4728865,0.9512,19.78,0.467,1,6
log_269_2026-07-30-01-15-54.ulg,2026-07-30_flight02,2026-07-30T01:15:54,120.79,667.2,-45.767425537109375,30.605764389038086,nan,48.48999786376953,30.605764389038086,101050.0,-21.783477783203125,4728865,0.9319,0.0,0.041,1,6
log_269_2026-07-30-01-15-54.ulg,2026-07-30_flight02,2026-07-30T01:15:54,121.79,668.2,-48.923789978027344,30.703468322753906,nan,48.459999084472656,30.703468322753906,101054.0,-21.783477783203125,4728865,0.8649,0.0,0.053,1,6
log_269_2026-07-30-01-15-54.ulg,2026-07-30_flight02,2026-07-30T01:15:54,122.81,669.2,-47.871665954589844,30.703468322753906,nan,48.439998626708984,30.703468322753906,101057.0,-21.783477783203125,4728865,0.7362,0.0,0.074,1,6
log_269_2026-07-30-01-15-54.ulg,2026-07-30_flight02,2026-07-30T01:15:54,123.81,670.2,-44.71530532836914,30.703468322753906,nan,48.39999771118164,30.703468322753906,101055.0,-21.783477783203125,4728865,0.6276,0.0,0.078,1,6
log_274_2026-07-30-02-56-28.ulg,2026-07-30_flight03,2026-07-30T02:56:28,2.8,486.0,-44.71530532836914,37.15192794799805,nan,51.14999771118164,37.15192794799805,101016.0,-22.788192749023438,4728865,0.4976,6.82,0.094,1,7
log_274_2026-07-30-02-56-28.ulg,2026-07-30_flight03,2026-07-30T02:56:28,3.79,487.0,-47.871665954589844,37.15192794799805,nan,51.15999984741211,37.15192794799805,101022.0,-22.788192749023438,4728865,0.654,12.52,0.129,1,7
log_274_2026-07-30-02-56-28.ulg,2026-07-30_flight03,2026-07-30T02:56:28,4.8,488.0,-41.55894470214844,37.15192794799805,nan,51.15999984741211,37.15192794799805,100996.0,-22.788192749023438,4728865,0.7084,25.16,0.494,1,7
log_274_2026-07-30-02-56-28.ulg,2026-07-30_flight03,2026-07-30T02:56:28,27.8,511.0,-47.871665954589844,36.077186584472656,nan,51.39999771118164,36.077186584472656,100924.0,-22.788192749023438,4728865,0.789,25.94,0.355,1,7
log_274_2026-07-30-02-56-28.ulg,2026-07-30_flight03,2026-07-30T02:56:28,40.8,524.0,-44.71530532836914,35.58866500854492,nan,51.23999786376953,35.58866500854492,101023.0,-22.788192749023438,4728865,0.6262,11.67,0.115,1,7
log_274_2026-07-30-02-56-28.ulg,2026-07-30_flight03,2026-07-30T02:56:28,41.8,525.0,-52.08015060424805,35.58866500854492,nan,51.22999954223633,35.58866500854492,101011.0,-22.788192749023438,4728865,0.6121,0.0,0.008,1,7
log_274_2026-07-30-02-56-28.ulg,2026-07-30_flight03,2026-07-30T02:56:28,42.8,526.0,-51.02803039550781,35.686370849609375,nan,51.209999084472656,35.686370849609375,101006.0,-22.788192749023438,4728865,0.5956,0.0,0.093,1,7
log_274_2026-07-30-02-56-28.ulg,2026-07-30_flight03,2026-07-30T02:56:28,43.8,527.0,-47.871665954589844,35.686370849609375,nan,51.189998626708984,35.686370849609375,101009.0,-22.788192749023438,4728865,0.5736,0.0,0.13,1,7
log_274_2026-07-30-02-56-28.ulg,2026-07-30_flight03,2026-07-30T02:56:28,44.8,528.0,-51.02803039550781,35.686370849609375,nan,51.18000030517578,35.686370849609375,101011.0,-22.788192749023438,4728865,0.5311,0.0,0.126,1,7
log_276_2026-07-30-02-57-44.ulg,2026-07-30_flight04,2026-07-30T02:57:44,2.77,576.3,-39.45470428466797,36.565704345703125,nan,51.09000015258789,36.565704345703125,101009.0,-22.788192749023438,4728865,0.4931,5.64,0.046,1,7
log_276_2026-07-30-02-57-44.ulg,2026-07-30_flight04,2026-07-30T02:57:44,3.8,577.3,-39.45470428466797,36.565704345703125,nan,51.11000061035156,36.565704345703125,101009.0,-22.788192749023438,4728865,0.7436,11.86,0.043,1,7
log_276_2026-07-30-02-57-44.ulg,2026-07-30_flight04,2026-07-30T02:57:44,4.8,578.3,-39.45470428466797,36.565704345703125,nan,51.119998931884766,36.565704345703125,101009.0,-22.788192749023438,4728865,0.7388,21.55,0.126,1,7
log_276_2026-07-30-02-57-44.ulg,2026-07-30_flight04,2026-07-30T02:57:44,13.78,587.3,-41.55894470214844,36.370296478271484,nan,51.22999954223633,36.370296478271484,100929.0,-22.788192749023438,4728865,1.0,35.04,0.38,1,7
log_276_2026-07-30-02-57-44.ulg,2026-07-30_flight04,2026-07-30T02:57:44,14.8,588.3,-61.54923629760742,36.174888610839844,nan,51.25,36.174888610839844,100931.0,-22.788192749023438,4728865,1.0,24.68,0.09,1,7
log_276_2026-07-30-02-57-44.ulg,2026-07-30_flight04,2026-07-30T02:57:44,20.8,594.3,-48.923789978027344,35.295555114746094,nan,51.31999969482422,35.295555114746094,101000.0,-22.788192749023438,4728865,1.0,28.44,0.261,1,7
log_276_2026-07-30-02-57-44.ulg,2026-07-30_flight04,2026-07-30T02:57:44,21.77,595.3,-52.08015060424805,35.19784927368164,nan,51.32999801635742,35.19784927368164,101007.0,-22.788192749023438,4728865,0.8232,23.38,0.094,1,7
log_276_2026-07-30-02-57-44.ulg,2026-07-30_flight04,2026-07-30T02:57:44,22.8,596.3,-41.55894470214844,35.19784927368164,nan,51.32999801635742,35.19784927368164,101001.0,-22.788192749023438,4728865,0.8002,21.86,0.339,1,7
log_276_2026-07-30-02-57-44.ulg,2026-07-30_flight04,2026-07-30T02:57:44,24.8,598.3,-48.923789978027344,35.19784927368164,nan,51.31999969482422,35.19784927368164,101005.0,-22.788192749023438,4728865,0.7224,14.92,0.204,1,7
log_276_2026-07-30-02-57-44.ulg,2026-07-30_flight04,2026-07-30T02:57:44,25.79,599.3,-35.246219635009766,35.19784927368164,nan,51.30999755859375,35.19784927368164,101006.0,-22.788192749023438,4728865,0.8322,12.55,0.09,1,7
log_276_2026-07-30-02-57-44.ulg,2026-07-30_flight04,2026-07-30T02:57:44,26.8,600.3,-48.923789978027344,35.19784927368164,nan,51.30999755859375,35.19784927368164,101011.0,-22.788192749023438,4728865,0.8933,10.17,0.043,1,7
log_276_2026-07-30-02-57-44.ulg,2026-07-30_flight04,2026-07-30T02:57:44,27.8,601.3,-39.45470428466797,35.19784927368164,nan,51.28999710083008,35.19784927368164,101010.0,-22.788192749023438,4728865,0.7377,7.23,0.063,1,7
log_276_2026-07-30-02-57-44.ulg,2026-07-30_flight04,2026-07-30T02:57:44,28.79,602.3,-42.61106491088867,35.19784927368164,nan,51.279998779296875,35.295555114746094,101009.0,-22.788192749023438,4728865,0.5702,4.08,0.026,1,7
log_279_2026-07-30-02-59-26.ulg,2026-07-30_flight05,2026-07-30T02:59:26,2.81,639.1,-39.45470428466797,36.174888610839844,nan,51.21999740600586,36.174888610839844,101021.0,-22.788192749023438,4728865,0.5528,5.69,0.041,1,7
log_279_2026-07-30-02-59-26.ulg,2026-07-30_flight05,2026-07-30T02:59:26,3.79,640.1,-39.45470428466797,36.174888610839844,nan,51.21999740600586,36.174888610839844,101012.0,-22.788192749023438,4728865,0.7266,12.93,0.06,1,7
log_279_2026-07-30-02-59-26.ulg,2026-07-30_flight05,2026-07-30T02:59:26,4.79,641.1,-29.98561668395996,36.174888610839844,nan,51.21999740600586,36.174888610839844,101013.0,-22.788192749023438,4728865,0.7797,23.23,0.168,1,7
log_279_2026-07-30-02-59-26.ulg,2026-07-30_flight05,2026-07-30T02:59:26,9.79,646.1,-32.08985900878906,36.174888610839844,nan,51.209999084472656,36.174888610839844,100975.0,-22.788192749023438,4728865,1.0,33.45,0.452,1,7
log_279_2026-07-30-02-59-26.ulg,2026-07-30_flight05,2026-07-30T02:59:26,10.79,647.1,-42.61106491088867,36.174888610839844,nan,51.209999084472656,36.174888610839844,100977.0,-22.788192749023438,4728865,1.0,34.76,0.41,1,7
log_279_2026-07-30-02-59-26.ulg,2026-07-30_flight05,2026-07-30T02:59:26,17.8,654.1,-48.923789978027344,35.78407287597656,nan,51.23999786376953,35.78407287597656,100899.0,-22.788192749023438,4728865,1.0,32.15,0.162,1,7
log_279_2026-07-30-02-59-26.ulg,2026-07-30_flight05,2026-07-30T02:59:26,18.8,655.1,-35.246219635009766,35.686370849609375,nan,51.22999954223633,35.686370849609375,100905.0,-22.788192749023438,4728865,1.0,32.42,0.141,1,7
log_279_2026-07-30-02-59-26.ulg,2026-07-30_flight05,2026-07-30T02:59:26,19.8,656.1,-41.55894470214844,35.686370849609375,nan,51.22999954223633,35.686370849609375,100907.0,-22.788192749023438,4728865,1.0,32.06,0.582,1,7
log_279_2026-07-30-02-59-26.ulg,2026-07-30_flight05,2026-07-30T02:59:26,29.8,666.1,-51.02803039550781,35.490962982177734,nan,51.04999923706055,35.490962982177734,100821.0,-22.788192749023438,4728865,0.9866,32.25,0.18,1,7
log_279_2026-07-30-02-59-26.ulg,2026-07-30_flight05,2026-07-30T02:59:26,31.8,668.1,-13.151687622070312,35.39325714111328,nan,51.0,35.39325714111328,100829.0,-22.788192749023438,4728865,1.0,28.42,0.417,1,7
log_279_2026-07-30-02-59-26.ulg,2026-07-30_flight05,2026-07-30T02:59:26,32.8,669.1,-20.516530990600586,35.295555114746094,nan,50.96999740600586,35.295555114746094,100835.0,-22.788192749023438,4728865,1.0,30.64,0.005,1,7
log_279_2026-07-30-02-59-26.ulg,2026-07-30_flight05,2026-07-30T02:59:26,33.8,670.1,-60.49711608886719,35.19784927368164,nan,50.95000076293945,35.19784927368164,100829.0,-22.788192749023438,4728865,1.0,28.93,0.129,1,7
log_279_2026-07-30-02-59-26.ulg,2026-07-30_flight05,2026-07-30T02:59:26,34.8,671.1,-55.23651123046875,35.19784927368164,nan,50.91999816894531,35.19784927368164,100832.0,-22.788192749023438,4728865,1.0,31.53,0.229,1,7
log_279_2026-07-30-02-59-26.ulg,2026-07-30_flight05,2026-07-30T02:59:26,35.79,672.0,-33.1419792175293,35.10014724731445,nan,50.88999938964844,35.10014724731445,100824.0,-22.788192749023438,4728865,0.9853,29.61,0.222,1,7
log_279_2026-07-30-02-59-26.ulg,2026-07-30_flight05,2026-07-30T02:59:26,36.8,673.1,-20.516530990600586,35.00244140625,nan,50.86000061035156,35.00244140625,100832.0,-22.788192749023438,4728865,1.0,27.04,0.247,1,7
log_279_2026-07-30-02-59-26.ulg,2026-07-30_flight05,2026-07-30T02:59:26,41.8,678.1,-48.923789978027344,34.61162567138672,nan,50.68000030517578,34.61162567138672,100806.0,-22.788192749023438,4728865,1.0,28.96,0.154,1,7
log_279_2026-07-30-02-59-26.ulg,2026-07-30_flight05,2026-07-30T02:59:26,42.8,679.1,-66.8098373413086,34.51392364501953,nan,50.64999771118164,34.51392364501953,100809.0,-22.788192749023438,4728865,1.0,31.61,0.249,1,7
log_279_2026-07-30-02-59-26.ulg,2026-07-30_flight05,2026-07-30T02:59:26,43.8,680.1,-38.402584075927734,34.31851577758789,nan,50.61000061035156,34.41621780395508,100815.0,-22.788192749023438,4728865,1.0,28.34,0.205,1,7
log_279_2026-07-30-02-59-26.ulg,2026-07-30_flight05,2026-07-30T02:59:26,59.79,696.1,-52.08015060424805,33.243770599365234,nan,49.98999786376953,33.243770599365234,100986.0,-22.788192749023438,4728865,1.0,28.51,0.481,1,7
log_279_2026-07-30-02-59-26.ulg,2026-07-30_flight05,2026-07-30T02:59:26,60.8,697.1,-39.45470428466797,33.243770599365234,nan,49.959999084472656,33.243770599365234,100983.0,-22.788192749023438,4728865,0.9,23.48,0.081,1,7
log_279_2026-07-30-02-59-26.ulg,2026-07-30_flight05,2026-07-30T02:59:26,61.8,698.1,-25.77713394165039,33.14606857299805,nan,49.93000030517578,33.14606857299805,100988.0,-22.788192749023438,4728865,0.9971,28.51,0.198,1,7
log_279_2026-07-30-02-59-26.ulg,2026-07-30_flight05,2026-07-30T02:59:26,62.77,699.0,-42.61106491088867,33.14606857299805,nan,49.88999938964844,33.14606857299805,100990.0,-22.788192749023438,4728865,0.9381,27.5,0.016,1,7
log_279_2026-07-30-02-59-26.ulg,2026-07-30_flight05,2026-07-30T02:59:26,65.8,702.1,-48.923789978027344,33.243770599365234,nan,49.79999923706055,33.243770599365234,101016.0,-22.788192749023438,4728865,0.8209,20.92,0.251,1,7
log_279_2026-07-30-02-59-26.ulg,2026-07-30_flight05,2026-07-30T02:59:26,66.8,703.1,-35.246219635009766,33.34147644042969,nan,49.779998779296875,33.34147644042969,101019.0,-22.788192749023438,4728865,0.7624,19.41,0.156,1,7
log_279_2026-07-30-02-59-26.ulg,2026-07-30_flight05,2026-07-30T02:59:26,67.77,704.0,-48.923789978027344,33.34147644042969,nan,49.75,33.34147644042969,101008.0,-22.788192749023438,4728865,0.7868,0.0,0.053,1,7
log_279_2026-07-30-02-59-26.ulg,2026-07-30_flight05,2026-07-30T02:59:26,68.8,705.1,-47.871665954589844,33.439178466796875,nan,49.71999740600586,33.439178466796875,101015.0,-22.788192749023438,4728865,0.8348,0.0,0.041,1,7
log_279_2026-07-30-02-59-26.ulg,2026-07-30_flight05,2026-07-30T02:59:26,69.78,706.0,-45.767425537109375,33.439178466796875,nan,49.689998626708984,33.439178466796875,101015.0,-22.788192749023438,4728865,0.8574,0.0,0.05,1,7
log_279_2026-07-30-02-59-26.ulg,2026-07-30_flight05,2026-07-30T02:59:26,70.8,707.1,-48.923789978027344,33.53688430786133,nan,49.66999816894531,33.53688430786133,101012.0,-22.788192749023438,4728865,0.7828,0.0,0.043,1,7
log_279_2026-07-30-02-59-26.ulg,2026-07-30_flight05,2026-07-30T02:59:26,71.8,708.1,-41.55894470214844,33.53688430786133,nan,49.64999771118164,33.53688430786133,101008.0,-22.788192749023438,4728865,0.702,0.0,0.047,1,7
log_280_2026-07-30-03-00-34.ulg,2026-07-30_flight06,2026-07-30T03:00:34,2.8,757.3,-47.871665954589844,35.295555114746094,nan,49.439998626708984,35.295555114746094,101006.0,-22.788192749023438,4728865,0.5101,5.56,0.051,1,7
log_280_2026-07-30-03-00-34.ulg,2026-07-30_flight06,2026-07-30T03:00:34,3.8,758.3,-47.871665954589844,35.19784927368164,nan,49.45000076293945,35.19784927368164,101009.0,-22.788192749023438,4728865,0.7274,12.89,0.076,1,7
log_280_2026-07-30-03-00-34.ulg,2026-07-30_flight06,2026-07-30T03:00:34,4.8,759.3,-38.402584075927734,35.19784927368164,nan,49.459999084472656,35.19784927368164,101000.0,-22.788192749023438,4728865,0.823,22.61,0.165,1,7
log_280_2026-07-30-03-00-34.ulg,2026-07-30_flight06,2026-07-30T03:00:34,17.79,772.3,-47.871665954589844,34.90473937988281,nan,49.709999084472656,34.90473937988281,101010.0,-22.788192749023438,4728865,1.0,0.0,0.131,1,7
log_280_2026-07-30-03-00-34.ulg,2026-07-30_flight06,2026-07-30T03:00:34,18.79,773.3,-45.767425537109375,34.90473937988281,nan,49.71999740600586,34.90473937988281,101008.0,-22.788192749023438,4728865,1.0,0.0,0.036,1,7
log_280_2026-07-30-03-00-34.ulg,2026-07-30_flight06,2026-07-30T03:00:34,19.79,774.3,-44.71530532836914,35.00244140625,nan,49.73999786376953,35.00244140625,101010.0,-22.788192749023438,4728865,1.0,0.0,0.035,1,7
log_280_2026-07-30-03-00-34.ulg,2026-07-30_flight06,2026-07-30T03:00:34,20.8,775.3,-44.71530532836914,35.00244140625,nan,49.75,34.90473937988281,101010.0,-22.788192749023438,4728865,0.9876,0.0,0.06,1,7
log_282_2026-07-30-03-02-34.ulg,2026-07-30_flight07,2026-07-30T03:02:34,2.79,867.0,-48.923789978027344,37.2496337890625,nan,50.709999084472656,37.2496337890625,101005.0,-22.788192749023438,4728865,0.5087,6.37,0.101,1,7
log_282_2026-07-30-03-02-34.ulg,2026-07-30_flight07,2026-07-30T03:02:34,3.79,868.0,-42.61106491088867,37.2496337890625,nan,50.73999786376953,37.2496337890625,101000.0,-22.788192749023438,4728865,0.7365,12.49,0.119,1,7
log_282_2026-07-30-03-02-34.ulg,2026-07-30_flight07,2026-07-30T03:02:34,4.78,868.9,-42.61106491088867,37.2496337890625,nan,50.77000045776367,37.2496337890625,101008.0,-22.788192749023438,4728865,0.8155,20.89,0.232,1,7
log_282_2026-07-30-03-02-34.ulg,2026-07-30_flight07,2026-07-30T03:02:34,29.79,894.0,-48.923789978027344,36.565704345703125,nan,51.31999969482422,36.565704345703125,101001.0,-22.788192749023438,4728865,0.8271,0.0,0.078,1,7
log_282_2026-07-30-03-02-34.ulg,2026-07-30_flight07,2026-07-30T03:02:34,30.79,895.0,-48.923789978027344,36.565704345703125,nan,51.32999801635742,36.565704345703125,101002.0,-22.788192749023438,4728865,0.5782,0.0,0.083,1,7
log_266_2026-07-30-01-12-46.ulg,2026-07-30_manual,2026-07-30T01:12:46,8.81,446.4,-44.71530532836914,38.128971099853516,nan,51.96999740600586,38.128971099853516,101054.0,-21.783477783203125,4728865,0.3434,3.92,0.023,1,6
log_266_2026-07-30-01-12-46.ulg,2026-07-30_manual,2026-07-30T01:12:46,9.81,447.4,-51.02803039550781,38.03126525878906,nan,52.0099983215332,38.03126525878906,101062.0,-21.783477783203125,4728865,0.6104,15.06,0.08,1,6
log_266_2026-07-30-01-12-46.ulg,2026-07-30_manual,2026-07-30T01:12:46,10.79,448.4,-52.08015060424805,37.93355941772461,nan,52.04999923706055,37.93355941772461,101059.0,-21.783477783203125,4728865,0.6494,17.95,0.331,1,6
log_266_2026-07-30-01-12-46.ulg,2026-07-30_manual,2026-07-30T01:12:46,11.81,449.4,-33.1419792175293,37.83585739135742,nan,52.09000015258789,37.83585739135742,101047.0,-21.783477783203125,4728865,0.5919,15.16,0.247,1,6
log_266_2026-07-30-01-12-46.ulg,2026-07-30_manual,2026-07-30T01:12:46,12.81,450.4,-35.246219635009766,37.73815155029297,nan,52.119998931884766,37.73815155029297,101042.0,-21.783477783203125,4728865,0.7226,20.83,0.363,1,6
log_266_2026-07-30-01-12-46.ulg,2026-07-30_manual,2026-07-30T01:12:46,13.79,451.4,-52.08015060424805,37.64044952392578,nan,52.15999984741211,37.64044952392578,101040.0,-21.783477783203125,4728865,0.6936,19.72,0.375,1,6
log_266_2026-07-30-01-12-46.ulg,2026-07-30_manual,2026-07-30T01:12:46,37.81,475.4,-42.61106491088867,36.2725944519043,nan,52.19999694824219,36.2725944519043,101052.0,-21.783477783203125,4728865,0.6791,16.31,0.089,1,6
log_266_2026-07-30-01-12-46.ulg,2026-07-30_manual,2026-07-30T01:12:46,38.8,476.4,-44.71530532836914,36.2725944519043,nan,52.189998626708984,36.2725944519043,101072.0,-21.783477783203125,4728865,0.532,8.97,0.077,1,6
log_266_2026-07-30-01-12-46.ulg,2026-07-30_manual,2026-07-30T01:12:46,39.8,477.4,-44.71530532836914,36.2725944519043,nan,52.16999816894531,36.174888610839844,101053.0,-21.783477783203125,4728865,0.4726,0.0,0.024,1,6
log_266_2026-07-30-01-12-46.ulg,2026-07-30_manual,2026-07-30T01:12:46,40.77,478.4,-47.871665954589844,36.174888610839844,nan,52.16999816894531,36.174888610839844,101053.0,-21.783477783203125,4728865,0.4659,0.0,0.067,1,6
log_266_2026-07-30-01-12-46.ulg,2026-07-30_manual,2026-07-30T01:12:46,41.8,479.4,-44.71530532836914,36.174888610839844,nan,52.14999771118164,36.174888610839844,101052.0,-21.783477783203125,4728865,0.4818,0.0,0.098,1,6
