file,flight_dir,wall_utc,session,duration_s,n_dp,boot_s_first_dp,device_id,sens_dpres_off_pa,n_zero,n_hover,zero_raw_mean_pa,zero_raw_sd_pa,zero_t_dp_mean_c,t_dp_min_c,t_dp_max_c,t_dp_first_c,t_dp_last_c
log_140_2026-07-25-01-52-08.ulg,2026-07-25_manual,2026-07-25T01:52:08,0,0.9,1,48.6,4728865,-21.151594161987305,1,0,-36.298,,31.094,31.09,31.09,31.09,31.09
log_141_2026-07-25-01-55-08.ulg,2026-07-25_manual,2026-07-25T01:55:08,0,114.5,114,115.2,4728865,-21.151594161987305,5,19,-34.615,3.209,30.684,29.04,32.17,32.07,29.82
log_142_2026-07-25-03-14-00.ulg,2026-07-25_manual,2026-07-25T03:14:00,1,101.6,101,53.5,4728865,-21.783477783203125,5,10,-30.617,2.305,31.172,29.63,33.15,32.95,29.92
log_143_2026-07-25-06-31-52.ulg,2026-07-25_manual,2026-07-25T06:31:52,2,1.0,1,33.0,4728865,-21.783477783203125,0,0,,,,35.98,35.98,35.98,35.98
log_144_2026-07-25-06-31-54.ulg,2026-07-25_manual,2026-07-25T06:31:54,2,1.0,1,34.9,4728865,-21.783477783203125,1,0,-36.298,,35.979,35.98,35.98,35.98,35.98
log_145_2026-07-25-06-32-10.ulg,2026-07-25_manual,2026-07-25T06:32:10,2,1.0,1,50.1,4728865,-21.783477783203125,1,0,-39.455,,36.37,36.37,36.37,36.37,36.37
log_146_2026-07-25-06-33-54.ulg,2026-07-25_manual,2026-07-25T06:33:54,2,1.0,1,154.8,4728865,-21.783477783203125,1,0,-36.298,,37.64,37.64,37.64,37.64,37.64
log_147_2026-07-25-06-36-58.ulg,2026-07-25_manual,2026-07-25T06:36:58,2,1.0,1,337.7,4728865,-21.783477783203125,1,0,-38.403,,38.715,38.72,38.72,38.72,38.72
log_148_2026-07-25-06-37-00.ulg,2026-07-25_manual,2026-07-25T06:37:00,2,2.2,2,339.2,4728865,-21.783477783203125,2,0,-37.35,1.488,38.764,38.72,38.81,38.72,38.81
log_149_2026-07-25-06-37-02.ulg,2026-07-25_manual,2026-07-25T06:37:02,2,1.0,1,341.5,4728865,-21.783477783203125,1,0,-41.559,,38.813,38.81,38.81,38.81,38.81
log_150_2026-07-25-06-52-04.ulg,2026-07-25_manual,2026-07-25T06:52:04,2,1.0,1,1243.9,4728865,-21.783477783203125,1,0,-42.611,,39.204,39.2,39.2,39.2,39.2
log_151_2026-07-25-06-53-34.ulg,2026-07-25_manual,2026-07-25T06:53:34,2,1.0,1,1334.0,4728865,-21.783477783203125,1,0,-39.455,,39.204,39.2,39.2,39.2,39.2
log_152_2026-07-25-06-55-04.ulg,2026-07-25_manual,2026-07-25T06:55:04,2,38.6,38,1386.3,4728865,-21.783477783203125,4,12,-38.403,1.488,38.276,37.74,39.89,39.79,37.74
log_158_2026-07-25-09-59-06.ulg,2026-07-25_flight05,2026-07-25T09:59:06,3,13.0,13,773.8,4728865,-21.783477783203125,2,10,-37.877,6.696,31.974,31.88,31.97,31.97,31.97
log_170_2026-07-25-10-23-24.ulg,2026-07-25_flight08,2026-07-25T10:23:24,3,25.7,25,329.1,4728865,-21.783477783203125,3,5,-28.933,4.821,30.02,29.82,30.02,30.02,30.02
log_174_2026-07-25-10-32-20.ulg,2026-07-25_flight10,2026-07-25T10:32:20,3,35.5,35,257.2,4728865,-21.783477783203125,2,15,-31.038,5.952,29.58,29.34,29.63,29.53,29.63
log_190_2026-07-25-10-48-48.ulg,2026-07-25_flight14,2026-07-25T10:48:48,3,37.0,37,580.3,4728865,-21.783477783203125,4,11,-29.46,3.037,29.165,28.85,29.24,28.94,29.24
log_196_2026-07-25-11-01-00.ulg,2026-07-25_flight16,2026-07-25T11:01:00,3,40.2,40,1309.5,4728865,-21.783477783203125,4,12,-28.144,1.578,28.774,28.55,28.85,28.55,28.85
log_199_2026-07-25-11-10-42.ulg,2026-07-26_manual,2026-07-25T11:10:42,3,51.2,51,1880.6,4728865,-21.783477783203125,4,31,-28.933,2.104,28.823,28.55,29.04,28.75,29.04
log_201_2026-07-25-11-22-34.ulg,2026-07-25_flight17,2026-07-25T11:22:34,3,72.3,72,2569.7,4728865,-21.783477783203125,4,26,-29.46,2.19,28.652,28.26,28.85,28.26,28.75
log_203_2026-07-25-11-27-10.ulg,2026-07-25_flight19,2026-07-25T11:27:10,3,11.8,11,2906.8,4728865,-21.783477783203125,1,8,-25.777,,28.261,28.26,28.26,28.26,28.26
log_215_2026-07-28-10-29-12.ulg,2026-07-28_flight02,2026-07-28T10:29:12,4,129.6,129,829.5,4728865,-21.783477783203125,4,30,-31.038,3.542,28.725,28.36,28.85,28.55,28.75
log_231_2026-07-29-11-08-54.ulg,2026-07-29_manual,2026-07-29T11:08:54,5,6.8,6,617.3,4728865,-21.783477783203125,6,0,-27.18,3.371,27.121,27.09,27.19,27.09,27.09
log_232_2026-07-29-11-09-12.ulg,2026-07-29_manual,2026-07-29T11:09:12,5,10.4,10,631.2,4728865,-21.783477783203125,2,7,-27.881,1.488,27.088,27.09,27.19,27.09,27.09
log_233_2026-07-29-11-09-58.ulg,2026-07-29_manual,2026-07-29T11:09:58,5,1.0,1,687.7,4728865,-21.783477783203125,1,0,-29.986,,27.284,27.28,27.28,27.28,27.28
log_234_2026-07-29-11-10-02.ulg,2026-07-29_manual,2026-07-29T11:10:02,5,2.5,2,690.3,4728865,-21.783477783203125,2,0,-28.933,0.0,27.235,27.19,27.28,27.28,27.19
log_235_2026-07-29-11-10-04.ulg,2026-07-29_manual,2026-07-29T11:10:04,5,1.0,1,693.1,4728865,-21.783477783203125,1,0,-29.986,,27.284,27.28,27.28,27.28,27.28
log_238_2026-07-29-11-10-54.ulg,2026-07-29_manual,2026-07-29T11:10:54,5,4.5,4,739.5,4728865,-21.783477783203125,4,0,-28.144,2.169,27.162,27.09,27.19,27.19,27.09
log_239_2026-07-29-11-12-50.ulg,2026-07-29_manual,2026-07-29T11:12:50,5,111.5,111,748.2,4728865,-21.783477783203125,2,28,-26.829,4.464,27.43,27.09,27.67,27.28,27.58
log_241_2026-07-29-11-22-16.ulg,2026-07-29_manual,2026-07-29T11:22:16,5,1.0,1,1426.0,4728865,-21.783477783203125,1,0,-29.986,,26.991,26.99,26.99,26.99,26.99
log_242_2026-07-29-11-22-20.ulg,2026-07-29_manual,2026-07-29T11:22:20,5,1.0,1,1428.5,4728865,-21.783477783203125,1,0,-29.986,,26.991,26.99,26.99,26.99,26.99
log_243_2026-07-29-11-22-20.ulg,2026-07-29_manual,2026-07-29T11:22:20,5,1.0,1,1430.1,4728865,-21.783477783203125,1,0,-28.933,,26.991,26.99,26.99,26.99,26.99
log_244_2026-07-29-11-22-22.ulg,2026-07-29_manual,2026-07-29T11:22:22,5,1.0,1,1432.1,4728865,-21.783477783203125,1,0,-28.933,,27.088,27.09,27.09,27.09,27.09
log_245_2026-07-29-11-22-24.ulg,2026-07-29_manual,2026-07-29T11:22:24,5,1.0,1,1434.2,4728865,-21.783477783203125,1,0,-28.933,,26.991,26.99,26.99,26.99,26.99
log_246_2026-07-29-11-22-44.ulg,2026-07-29_flight06,2026-07-29T11:22:44,5,10.5,10,1444.1,4728865,-21.783477783203125,2,7,-25.777,0.0,26.991,26.99,27.09,26.99,26.99
log_247_2026-07-29-11-22-48.ulg,2026-07-29_manual,2026-07-29T11:22:48,5,1.0,1,1456.8,4728865,-21.783477783203125,1,0,-22.621,,27.088,27.09,27.09,27.09,27.09
log_248_2026-07-29-11-24-04.ulg,2026-07-29_flight06,2026-07-29T11:24:04,5,68.1,68,1465.8,4728865,-21.783477783203125,3,14,-29.986,0.0,27.316,26.89,27.48,26.99,27.48
log_249_2026-07-29-11-25-20.ulg,2026-07-29_manual,2026-07-29T11:25:20,5,1.0,1,1609.5,4728865,-21.783477783203125,1,0,-29.986,,27.186,27.19,27.19,27.19,27.19
log_250_2026-07-29-11-25-22.ulg,2026-07-29_manual,2026-07-29T11:25:22,5,1.0,1,1611.3,4728865,-21.783477783203125,1,0,-23.673,,27.186,27.19,27.19,27.19,27.19
log_251_2026-07-29-11-25-56.ulg,2026-07-29_manual,2026-07-29T11:25:56,5,1.0,1,1645.9,4728865,-21.783477783203125,1,0,-28.933,,27.088,27.09,27.09,27.09,27.09
log_252_2026-07-29-11-26-18.ulg,2026-07-29_manual,2026-07-29T11:26:18,5,11.1,11,1658.1,4728865,-21.783477783203125,2,8,-27.881,2.976,26.893,26.8,26.99,26.99,26.8
log_253_2026-07-29-11-26-42.ulg,2026-07-29_manual,2026-07-29T11:26:42,5,10.8,10,1682.3,4728865,-21.783477783203125,1,8,-29.986,,26.795,26.7,26.8,26.8,26.8
log_254_2026-07-29-11-27-06.ulg,2026-07-29_manual,2026-07-29T11:27:06,5,11.3,11,1704.2,4728865,-21.783477783203125,2,8,-29.46,0.744,26.698,26.6,26.7,26.7,26.7
log_255_2026-07-29-11-27-34.ulg,2026-07-29_manual,2026-07-29T11:27:34,5,11.0,11,1733.7,4728865,-21.783477783203125,2,8,-32.09,0.0,26.649,26.6,26.7,26.7,26.6
log_266_2026-07-30-01-12-46.ulg,2026-07-30_manual,2026-07-30T01:12:46,6,46.0,46,438.4,4728865,-21.783477783203125,10,11,-44.189,2.392,37.631,36.17,38.23,38.23,36.27
log_268_2026-07-30-01-13-14.ulg,2026-07-30_flight01,2026-07-30T01:13:14,6,13.8,13,499.8,4728865,-21.783477783203125,5,7,-45.136,2.938,36.781,36.66,36.96,36.66,36.86
log_269_2026-07-30-01-15-54.ulg,2026-07-30_flight02,2026-07-30T01:15:54,6,125.9,126,547.2,4728865,-21.783477783203125,2,83,-42.611,0.0,34.319,30.41,37.84,37.84,30.8
log_274_2026-07-30-02-56-28.ulg,2026-07-30_flight03,2026-07-30T02:56:28,7,47.0,47,484.0,4728865,-22.788192749023438,2,9,-48.398,0.744,36.419,35.49,37.15,37.15,35.69
log_276_2026-07-30-02-57-44.ulg,2026-07-30_flight04,2026-07-30T02:57:44,7,33.4,33,574.3,4728865,-22.788192749023438,4,13,-44.715,1.488,35.613,35.2,36.57,36.47,35.3
log_279_2026-07-30-02-59-26.ulg,2026-07-30_flight05,2026-07-30T02:59:26,7,72.9,73,637.1,4728865,-22.788192749023438,2,29,-42.611,0.0,34.905,33.15,36.17,36.17,33.63
log_280_2026-07-30-03-00-34.ulg,2026-07-30_flight06,2026-07-30T03:00:34,7,22.6,22,755.3,4728865,-22.788192749023438,2,7,-46.82,1.488,35.1,34.9,35.3,35.2,35.0
log_282_2026-07-30-03-02-34.ulg,2026-07-30_flight07,2026-07-30T03:02:34,7,32.1,32,865.0,4728865,-22.788192749023438,2,5,-45.241,5.208,36.908,36.57,37.25,37.25,36.57
