t,n,e,seg_old,seg_new,seg_diff,tgt_old_n,tgt_old_e,tgt_new_n,tgt_new_e,tgt_dist_m
5.888,0.0,-0.0,0,0,0,70.0,0.0,70.0,0.0,0.0
6.088,0.001,-0.001,0,0,0,70.001,0.0,70.001,0.0,0.0
6.288,0.001,-0.001,0,0,0,70.001,0.0,70.001,0.0,0.0
6.488,0.0,-0.001,0,0,0,70.0,0.0,70.0,0.0,0.0
6.696,-0.0,-0.001,0,0,0,70.0,0.0,70.0,0.0,0.0
6.896,-0.0,-0.0,0,0,0,70.0,0.0,70.0,0.0,0.0
7.096,-0.0,-0.0,0,0,0,70.0,0.0,70.0,0.0,0.0
7.296,0.056,-0.005,0,0,0,70.056,0.0,70.056,0.0,0.0
7.496,0.055,-0.01,0,0,0,70.055,0.0,70.055,0.0,0.0
7.704,0.06,-0.01,0,0,0,70.06,0.0,70.06,0.0,0.0
7.904,0.064,-0.012,0,0,0,70.064,0.0,70.064,0.0,0.0
8.112,0.058,-0.016,0,0,0,70.058,0.0,70.058,0.0,0.0
8.32,0.047,-0.015,0,0,0,70.047,0.0,70.047,0.0,0.0
8.528,0.036,-0.012,0,0,0,70.036,0.0,70.036,0.0,0.0
8.736,0.028,-0.012,0,0,0,70.028,0.0,70.028,0.0,0.0
8.944,0.025,-0.014,0,0,0,70.025,0.0,70.025,0.0,0.0
9.152,0.023,-0.016,0,0,0,70.023,0.0,70.023,0.0,0.0
9.352,0.023,-0.017,0,0,0,70.023,0.0,70.023,0.0,0.0
9.56,0.02,-0.015,0,0,0,70.02,0.0,70.02,0.0,0.0
9.768,0.013,-0.01,0,0,0,70.013,0.0,70.013,0.0,0.0
9.976,0.004,-0.003,0,0,0,70.004,0.0,70.004,0.0,0.0
10.184,-0.006,0.003,0,0,0,70.0,0.0,70.0,0.0,0.0
10.384,-0.013,0.007,0,0,0,70.0,0.0,70.0,0.0,0.0
10.592,-0.017,0.007,0,0,0,70.0,0.0,70.0,0.0,0.0
10.8,-0.019,0.006,0,0,0,70.0,0.0,70.0,0.0,0.0
11.008,-0.02,0.007,0,0,0,70.0,0.0,70.0,0.0,0.0
11.208,-0.019,0.01,0,0,0,70.0,0.0,70.0,0.0,0.0
11.416,-0.018,0.013,0,0,0,70.0,0.0,70.0,0.0,0.0
11.62,-0.014,0.017,0,0,0,70.0,0.0,70.0,0.0,0.0
11.82,-0.008,0.022,0,0,0,70.0,0.0,70.0,0.0,0.0
12.028,-0.006,0.025,0,0,0,70.0,0.0,70.0,0.0,0.0
12.236,-0.006,0.024,0,0,0,70.0,0.0,70.0,0.0,0.0
12.444,-0.006,0.023,0,0,0,70.0,0.0,70.0,0.0,0.0
12.652,-0.007,0.024,0,0,0,70.0,0.0,70.0,0.0,0.0
12.852,-0.006,0.026,0,0,0,70.0,0.0,70.0,0.0,0.0
13.06,-0.002,0.029,0,0,0,70.0,0.0,70.0,0.0,0.0
13.268,0.002,0.028,0,0,0,70.002,0.0,70.002,0.0,0.0
13.472,0.005,0.025,0,0,0,70.005,0.0,70.005,0.0,0.0
13.676,0.012,0.02,0,0,0,70.012,0.0,70.012,0.0,0.0
13.884,0.018,0.015,0,0,0,70.018,0.0,70.018,0.0,0.0
14.092,0.021,0.012,0,0,0,70.021,0.0,70.021,0.0,0.0
14.3,0.022,0.009,0,0,0,70.022,0.0,70.022,0.0,0.0
14.508,0.024,0.006,0,0,0,70.024,0.0,70.024,0.0,0.0
14.708,0.026,0.006,0,0,0,70.026,0.0,70.026,0.0,0.0
14.916,0.026,0.007,0,0,0,70.026,0.0,70.026,0.0,0.0
15.124,0.027,0.006,0,0,0,70.027,0.0,70.027,0.0,0.0
15.332,0.027,0.003,0,0,0,70.027,0.0,70.027,0.0,0.0
15.54,0.027,-0.001,0,0,0,70.027,0.0,70.027,0.0,0.0
15.74,0.026,-0.002,0,0,0,70.026,0.0,70.026,0.0,0.0
15.948,0.022,-0.003,0,0,0,70.022,0.0,70.022,0.0,0.0
16.156,0.02,-0.003,0,0,0,70.02,0.0,70.02,0.0,0.0
16.356,0.019,-0.002,0,0,0,70.019,0.0,70.019,0.0,0.0
16.564,0.017,-0.003,0,0,0,70.017,0.0,70.017,0.0,0.0
16.772,0.014,-0.003,0,0,0,70.014,0.0,70.014,0.0,0.0
16.972,0.014,-0.001,0,0,0,70.014,0.0,70.014,0.0,0.0
17.18,0.016,0.001,0,0,0,70.016,0.0,70.016,0.0,0.0
17.388,0.019,0.003,0,0,0,70.019,0.0,70.019,0.0,0.0
17.596,0.019,0.005,0,0,0,70.019,0.0,70.019,0.0,0.0
17.804,0.018,0.004,0,0,0,70.018,0.0,70.018,0.0,0.0
18.004,0.014,0.002,0,0,0,70.014,0.0,70.014,0.0,0.0
18.212,0.009,0.002,0,0,0,70.009,0.0,70.009,0.0,0.0
18.42,0.004,0.003,0,0,0,70.004,0.0,70.004,0.0,0.0
18.628,0.005,0.004,0,0,0,70.005,0.0,70.005,0.0,0.0
18.836,0.006,0.004,0,0,0,70.006,0.0,70.006,0.0,0.0
19.04,0.008,0.004,0,0,0,70.008,0.0,70.008,0.0,0.0
19.248,0.007,0.004,0,0,0,70.007,0.0,70.007,0.0,0.0
19.456,0.005,0.002,0,0,0,70.005,0.0,70.005,0.0,0.0
19.664,0.005,-0.001,0,0,0,70.005,0.0,70.005,0.0,0.0
19.872,0.005,-0.002,0,0,0,70.005,0.0,70.005,0.0,0.0
20.08,0.007,-0.002,0,0,0,70.007,0.0,70.007,0.0,0.0
20.28,0.006,-0.004,0,0,0,70.006,0.0,70.006,0.0,0.0
20.488,0.007,-0.007,0,0,0,70.007,0.0,70.007,0.0,0.0
20.696,0.009,-0.009,0,0,0,70.009,0.0,70.009,0.0,0.0
20.904,0.01,-0.009,0,0,0,70.01,0.0,70.01,0.0,0.0
21.112,0.009,-0.008,0,0,0,70.009,0.0,70.009,0.0,0.0
21.312,0.008,-0.008,0,0,0,70.008,0.0,70.008,0.0,0.0
21.52,0.007,-0.007,0,0,0,70.007,0.0,70.007,0.0,0.0
21.728,0.007,-0.003,0,0,0,70.007,0.0,70.007,0.0,0.0
21.936,0.006,0.002,0,0,0,70.006,0.0,70.006,0.0,0.0
22.144,0.003,0.009,0,0,0,70.003,0.0,70.003,0.0,0.0
22.344,0.002,0.013,0,0,0,70.002,0.0,70.002,0.0,0.0
22.552,0.003,0.013,0,0,0,70.003,0.0,70.003,0.0,0.0
22.76,0.005,0.011,0,0,0,70.005,0.0,70.005,0.0,0.0
22.968,0.009,0.007,0,0,0,70.009,0.0,70.009,0.0,0.0
23.18,0.014,0.005,0,0,0,70.014,0.0,70.014,0.0,0.0
23.384,0.019,0.0,0,0,0,70.019,0.0,70.019,0.0,0.0
23.592,0.022,-0.005,0,0,0,70.022,0.0,70.022,0.0,0.0
23.792,0.023,-0.007,0,0,0,70.023,0.0,70.023,0.0,0.0
24.0,0.024,-0.01,0,0,0,70.024,0.0,70.024,0.0,0.0
24.208,0.024,-0.013,0,0,0,70.024,0.0,70.024,0.0,0.0
24.408,0.024,-0.014,0,0,0,70.024,0.0,70.024,0.0,0.0
24.616,0.022,-0.014,0,0,0,70.022,0.0,70.022,0.0,0.0
24.824,0.02,-0.013,0,0,0,70.02,0.0,70.02,0.0,0.0
25.032,0.02,-0.013,0,0,0,70.02,0.0,70.02,0.0,0.0
25.24,0.019,-0.013,0,0,0,70.019,0.0,70.019,0.0,0.0
25.44,0.017,-0.013,0,0,0,70.017,0.0,70.017,0.0,0.0
25.648,0.016,-0.01,0,0,0,70.016,0.0,70.016,0.0,0.0
25.856,0.016,-0.007,0,0,0,70.016,0.0,70.016,0.0,0.0
26.064,0.016,-0.006,0,0,0,70.016,0.0,70.016,0.0,0.0
26.272,0.017,-0.005,0,0,0,70.017,0.0,70.017,0.0,0.0
26.472,0.018,-0.004,0,0,0,70.018,0.0,70.018,0.0,0.0
26.68,0.017,-0.003,0,0,0,70.017,0.0,70.017,0.0,0.0
26.888,0.016,0.0,0,0,0,70.016,0.0,70.016,0.0,0.0
27.096,0.012,0.002,0,0,0,70.012,0.0,70.012,0.0,0.0
27.304,0.007,0.004,0,0,0,70.007,0.0,70.007,0.0,0.0
27.504,-0.0,0.006,0,0,0,70.0,0.0,70.0,0.0,0.0
27.712,-0.006,0.007,0,0,0,70.0,0.0,70.0,0.0,0.0
27.92,-0.007,0.006,0,0,0,70.0,0.0,70.0,0.0,0.0
28.128,-0.006,0.004,0,0,0,70.0,0.0,70.0,0.0,0.0
28.336,-0.004,0.003,0,0,0,70.0,0.0,70.0,0.0,0.0
28.536,-0.002,0.0,0,0,0,70.0,0.0,70.0,0.0,0.0
28.744,0.001,-0.003,0,0,0,70.001,0.0,70.001,0.0,0.0
28.952,0.004,-0.005,0,0,0,70.004,0.0,70.004,0.0,0.0
29.16,0.005,-0.009,0,0,0,70.005,0.0,70.005,0.0,0.0
29.368,0.004,-0.015,0,0,0,70.004,0.0,70.004,0.0,0.0
29.568,0.004,-0.019,0,0,0,70.004,0.0,70.004,0.0,0.0
29.776,0.002,-0.022,0,0,0,70.002,0.0,70.002,0.0,0.0
29.984,-0.001,-0.023,0,0,0,70.0,0.0,70.0,0.0,0.0
30.192,-0.003,-0.023,0,0,0,70.0,0.0,70.0,0.0,0.0
30.4,-0.005,-0.025,0,0,0,70.0,0.0,70.0,0.0,0.0
30.6,-0.006,-0.029,0,0,0,70.0,0.0,70.0,0.0,0.0
30.808,-0.007,-0.03,0,0,0,70.0,0.0,70.0,0.0,0.0
31.016,-0.005,-0.028,0,0,0,70.0,0.0,70.0,0.0,0.0
31.216,-0.002,-0.024,0,0,0,70.0,0.0,70.0,0.0,0.0
31.424,-0.002,-0.018,0,0,0,70.0,0.0,70.0,0.0,0.0
31.632,-0.006,-0.013,0,0,0,70.0,0.0,70.0,0.0,0.0
31.84,-0.022,-0.009,0,0,0,70.0,0.0,70.0,0.0,0.0
32.048,-0.05,-0.003,0,0,0,70.0,0.0,70.0,0.0,0.0
32.256,-0.09,0.003,0,0,0,70.0,0.0,70.0,0.0,0.0
32.456,-0.13,0.008,0,0,0,70.0,0.0,70.0,0.0,0.0
32.664,-0.163,0.014,0,0,0,70.0,0.0,70.0,0.0,0.0
32.872,-0.174,0.018,0,0,0,70.0,0.0,70.0,0.0,0.0
33.072,-0.149,0.018,0,0,0,70.0,0.0,70.0,0.0,0.0
33.28,-0.102,0.009,0,0,0,70.0,0.0,70.0,0.0,0.0
33.488,-0.071,-0.003,0,0,0,70.0,0.0,70.0,0.0,0.0
33.688,-0.072,-0.013,0,0,0,70.0,0.0,70.0,0.0,0.0
33.896,-0.098,-0.015,0,0,0,70.0,0.0,70.0,0.0,0.0
34.104,-0.128,-0.013,0,0,0,70.0,0.0,70.0,0.0,0.0
34.304,-0.144,-0.01,0,0,0,70.0,0.0,70.0,0.0,0.0
34.512,-0.136,-0.013,0,0,0,70.0,0.0,70.0,0.0,0.0
34.712,-0.109,-0.022,0,0,0,70.0,0.0,70.0,0.0,0.0
34.92,-0.07,-0.034,0,0,0,70.0,0.0,70.0,0.0,0.0
35.128,-0.034,-0.042,0,0,0,70.0,0.0,70.0,0.0,0.0
35.328,-0.016,-0.043,0,0,0,70.0,0.0,70.0,0.0,0.0
35.532,-0.017,-0.036,0,0,0,70.0,0.0,70.0,0.0,0.0
35.732,-0.032,-0.026,0,0,0,70.0,0.0,70.0,0.0,0.0
35.932,-0.051,-0.017,0,0,0,70.0,0.0,70.0,0.0,0.0
36.14,-0.065,-0.012,0,0,0,70.0,0.0,70.0,0.0,0.0
36.34,-0.066,-0.014,0,0,0,70.0,0.0,70.0,0.0,0.0
36.548,-0.052,-0.02,0,0,0,70.0,0.0,70.0,0.0,0.0
36.756,-0.029,-0.028,0,0,0,70.0,0.0,70.0,0.0,0.0
36.956,-0.004,-0.033,0,0,0,70.0,0.0,70.0,0.0,0.0
37.164,0.013,-0.032,0,0,0,70.013,0.0,70.013,0.0,0.0
37.368,0.017,-0.025,0,0,0,70.017,0.0,70.017,0.0,0.0
37.576,0.01,-0.018,0,0,0,70.01,0.0,70.01,0.0,0.0
37.776,-0.003,-0.013,0,0,0,70.0,0.0,70.0,0.0,0.0
37.984,-0.018,-0.01,0,0,0,70.0,0.0,70.0,0.0,0.0
38.192,-0.025,-0.009,0,0,0,70.0,0.0,70.0,0.0,0.0
38.392,-0.023,-0.01,0,0,0,70.0,0.0,70.0,0.0,0.0
38.6,-0.017,-0.009,0,0,0,70.0,0.0,70.0,0.0,0.0
38.808,-0.009,-0.005,0,0,0,70.0,0.0,70.0,0.0,0.0
39.008,-0.002,-0.002,0,0,0,70.0,0.0,70.0,0.0,0.0
39.216,-0.003,-0.0,0,0,0,70.0,0.0,70.0,0.0,0.0
39.424,-0.009,-0.005,0,0,0,70.0,0.0,70.0,0.0,0.0
39.628,-0.015,-0.015,0,0,0,70.0,0.0,70.0,0.0,0.0
39.832,-0.016,-0.022,0,0,0,70.0,0.0,70.0,0.0,0.0
40.04,-0.011,-0.021,0,0,0,70.0,0.0,70.0,0.0,0.0
40.24,-0.003,-0.014,0,0,0,70.0,0.0,70.0,0.0,0.0
40.448,0.006,-0.006,0,0,0,70.006,0.0,70.006,0.0,0.0
40.648,0.014,-0.002,0,0,0,70.014,0.0,70.014,0.0,0.0
40.856,0.019,-0.002,0,0,0,70.019,0.0,70.019,0.0,0.0
41.064,0.02,-0.002,0,0,0,70.02,0.0,70.02,0.0,0.0
41.264,0.018,-0.001,0,0,0,70.018,0.0,70.018,0.0,0.0
41.472,0.015,0.0,0,0,0,70.015,0.0,70.015,0.0,0.0
41.68,0.011,0.003,0,0,0,70.011,0.0,70.011,0.0,0.0
41.88,0.009,0.005,0,0,0,70.009,0.0,70.009,0.0,0.0
42.088,0.007,0.002,0,0,0,70.007,0.0,70.007,0.0,0.0
42.296,0.006,-0.007,0,0,0,70.006,0.0,70.006,0.0,0.0
42.496,0.007,-0.017,0,0,0,70.007,0.0,70.007,0.0,0.0
42.704,0.006,-0.023,0,0,0,70.006,0.0,70.006,0.0,0.0
42.904,0.001,-0.023,0,0,0,70.001,0.0,70.001,0.0,0.0
43.112,-0.005,-0.017,0,0,0,70.0,0.0,70.0,0.0,0.0
43.32,-0.009,-0.006,0,0,0,70.0,0.0,70.0,0.0,0.0
43.52,-0.006,0.002,0,0,0,70.0,0.0,70.0,0.0,0.0
43.728,-0.001,0.005,0,0,0,70.0,0.0,70.0,0.0,0.0
43.936,0.006,-0.0,0,0,0,70.006,0.0,70.006,0.0,0.0
44.136,0.009,-0.007,0,0,0,70.009,0.0,70.009,0.0,0.0
44.344,0.004,-0.012,0,0,0,70.004,0.0,70.004,0.0,0.0
44.552,-0.003,-0.014,0,0,0,70.0,0.0,70.0,0.0,0.0
44.752,-0.011,-0.013,0,0,0,70.0,0.0,70.0,0.0,0.0
44.96,-0.015,-0.013,0,0,0,70.0,0.0,70.0,0.0,0.0
45.168,-0.013,-0.015,0,0,0,70.0,0.0,70.0,0.0,0.0
45.368,-0.009,-0.02,0,0,0,70.0,0.0,70.0,0.0,0.0
45.576,-0.003,-0.025,0,0,0,70.0,0.0,70.0,0.0,0.0
45.776,0.002,-0.024,0,0,0,70.002,0.0,70.002,0.0,0.0
45.984,0.008,-0.02,0,0,0,70.008,0.0,70.008,0.0,0.0
46.192,0.012,-0.016,0,0,0,70.012,0.0,70.012,0.0,0.0
46.392,0.014,-0.013,0,0,0,70.014,0.0,70.014,0.0,0.0
46.6,0.011,-0.012,0,0,0,70.011,0.0,70.011,0.0,0.0
46.808,0.007,-0.012,0,0,0,70.007,0.0,70.007,0.0,0.0
47.008,0.002,-0.014,0,0,0,70.002,0.0,70.002,0.0,0.0
47.216,-0.004,-0.013,0,0,0,70.0,0.0,70.0,0.0,0.0
47.424,-0.011,-0.008,0,0,0,70.0,0.0,70.0,0.0,0.0
47.624,-0.015,0.002,0,0,0,70.0,0.0,70.0,0.0,0.0
47.832,-0.015,0.012,0,0,0,70.0,0.0,70.0,0.0,0.0
48.04,-0.014,0.015,0,0,0,70.0,0.0,70.0,0.0,0.0
48.24,-0.011,0.011,0,0,0,70.0,0.0,70.0,0.0,0.0
48.448,-0.007,0.002,0,0,0,70.0,0.0,70.0,0.0,0.0
48.648,-0.004,-0.005,0,0,0,70.0,0.0,70.0,0.0,0.0
48.856,-0.002,-0.006,0,0,0,70.0,0.0,70.0,0.0,0.0
49.064,0.002,-0.001,0,0,0,70.002,0.0,70.002,0.0,0.0
49.264,0.008,0.005,0,0,0,70.008,0.0,70.008,0.0,0.0
49.472,0.014,0.006,0,0,0,70.014,0.0,70.014,0.0,0.0
49.68,0.018,-0.001,0,0,0,70.018,0.0,70.018,0.0,0.0
49.88,0.018,-0.01,0,0,0,70.018,0.0,70.018,0.0,0.0
50.088,0.012,-0.018,0,0,0,70.012,0.0,70.012,0.0,0.0
50.296,0.003,-0.015,0,0,0,70.003,0.0,70.003,0.0,0.0
50.496,-0.004,-0.004,0,0,0,70.0,0.0,70.0,0.0,0.0
50.704,-0.009,0.008,0,0,0,70.0,0.0,70.0,0.0,0.0
50.904,-0.009,0.014,0,0,0,70.0,0.0,70.0,0.0,0.0
51.112,-0.008,0.011,0,0,0,70.0,0.0,70.0,0.0,0.0
51.316,-0.003,0.003,0,0,0,70.0,0.0,70.0,0.0,0.0
51.52,0.006,-0.003,0,0,0,70.006,0.0,70.006,0.0,0.0
51.728,0.011,-0.007,0,0,0,70.011,0.0,70.011,0.0,0.0
51.936,0.01,-0.008,0,0,0,70.01,0.0,70.01,0.0,0.0
52.136,0.006,-0.007,0,0,0,70.006,0.0,70.006,0.0,0.0
52.344,0.0,-0.006,0,0,0,70.0,0.0,70.0,0.0,0.0
52.552,-0.004,-0.006,0,0,0,70.0,0.0,70.0,0.0,0.0
52.752,-0.005,-0.008,0,0,0,70.0,0.0,70.0,0.0,0.0
52.96,-0.001,-0.013,0,0,0,70.0,0.0,70.0,0.0,0.0
53.168,0.007,-0.021,0,0,0,70.007,0.0,70.007,0.0,0.0
53.368,0.016,-0.026,0,0,0,70.016,0.0,70.016,0.0,0.0
53.576,0.022,-0.027,0,0,0,70.022,0.0,70.022,0.0,0.0
53.776,0.023,-0.026,0,0,0,70.023,0.0,70.023,0.0,0.0
53.984,0.018,-0.019,0,0,0,70.018,0.0,70.018,0.0,0.0
54.192,0.007,-0.008,0,0,0,70.007,0.0,70.007,0.0,0.0
54.392,-0.004,0.001,0,0,0,70.0,0.0,70.0,0.0,0.0
54.6,-0.013,0.006,0,0,0,70.0,0.0,70.0,0.0,0.0
54.808,-0.018,0.007,0,0,0,70.0,0.0,70.0,0.0,0.0
55.008,-0.017,0.005,0,0,0,70.0,0.0,70.0,0.0,0.0
55.216,-0.012,0.002,0,0,0,70.0,0.0,70.0,0.0,0.0
55.424,-0.006,0.002,0,0,0,70.0,0.0,70.0,0.0,0.0
55.624,-0.004,0.01,0,0,0,70.0,0.0,70.0,0.0,0.0
55.832,-0.006,0.024,0,0,0,70.0,0.0,70.0,0.0,0.0
56.04,-0.009,0.037,0,0,0,70.0,0.0,70.0,0.0,0.0
56.24,-0.014,0.049,0,0,0,70.0,0.0,70.0,0.0,0.0
56.448,-0.017,0.055,0,0,0,70.0,0.0,70.0,0.0,0.0
56.648,-0.017,0.054,0,0,0,70.0,0.0,70.0,0.0,0.0
56.856,-0.013,0.053,0,0,0,70.0,0.0,70.0,0.0,0.0
57.064,-0.005,0.051,0,0,0,70.0,0.0,70.0,0.0,0.0
57.264,0.004,0.05,0,0,0,70.004,0.0,70.004,0.0,0.0
57.472,0.013,0.048,0,0,0,70.013,0.0,70.013,0.0,0.0
57.68,0.017,0.045,0,0,0,70.017,0.0,70.017,0.0,0.0
57.88,0.019,0.043,0,0,0,70.019,0.0,70.019,0.0,0.0
58.088,0.02,0.043,0,0,0,70.02,0.0,70.02,0.0,0.0
58.296,0.019,0.042,0,0,0,70.019,0.0,70.019,0.0,0.0
58.496,0.018,0.043,0,0,0,70.018,0.0,70.018,0.0,0.0
58.704,0.02,0.048,0,0,0,70.02,0.0,70.02,0.0,0.0
58.904,0.026,0.058,0,0,0,70.026,0.0,70.026,0.0,0.0
59.112,0.034,0.071,0,0,0,70.034,0.0,70.034,0.0,0.0
59.32,0.042,0.084,0,0,0,70.042,0.0,70.042,0.0,0.0
59.52,0.048,0.094,0,0,0,70.048,0.0,70.048,0.0,0.0
59.728,0.051,0.104,0,0,0,70.051,0.0,70.051,0.0,0.0
59.936,0.051,0.115,0,0,0,70.051,0.0,70.051,0.0,0.0
60.136,0.048,0.127,0,0,0,70.048,0.0,70.048,0.0,0.0
60.344,0.04,0.138,0,0,0,70.04,0.0,70.04,0.0,0.0
60.552,0.029,0.147,0,0,0,70.029,0.0,70.029,0.0,0.0
60.752,0.019,0.15,0,0,0,70.019,0.0,70.019,0.0,0.0
60.96,0.012,0.147,0,0,0,70.012,0.0,70.012,0.0,0.0
61.168,0.009,0.138,0,0,0,70.009,0.0,70.009,0.0,0.0
61.368,0.006,0.123,0,0,0,70.006,0.0,70.006,0.0,0.0
61.576,0.002,0.105,0,0,0,70.002,0.0,70.002,0.0,0.0
61.776,-0.007,0.089,0,0,0,70.0,0.0,70.0,0.0,0.0
61.984,-0.021,0.072,0,0,0,70.0,0.0,70.0,0.0,0.0
62.192,-0.039,0.054,0,0,0,70.0,0.0,70.0,0.0,0.0
62.392,-0.056,0.036,0,0,0,70.0,0.0,70.0,0.0,0.0
62.6,-0.067,0.015,0,0,0,70.0,0.0,70.0,0.0,0.0
62.808,-0.073,-0.007,0,0,0,70.0,0.0,70.0,0.0,0.0
63.008,-0.072,-0.026,0,0,0,70.0,0.0,70.0,0.0,0.0
63.212,-0.067,-0.041,0,0,0,70.0,0.0,70.0,0.0,0.0
63.42,-0.066,-0.051,0,0,0,70.0,0.0,70.0,0.0,0.0
63.628,-0.067,-0.059,0,0,0,70.0,0.0,70.0,0.0,0.0
63.828,-0.072,-0.069,0,0,0,70.0,0.0,70.0,0.0,0.0
64.028,-0.084,-0.08,0,0,0,70.0,0.0,70.0,0.0,0.0
64.236,-0.1,-0.091,0,0,0,70.0,0.0,70.0,0.0,0.0
64.436,-0.115,-0.101,0,0,0,70.0,0.0,70.0,0.0,0.0
64.644,-0.13,-0.114,0,0,0,70.0,0.0,70.0,0.0,0.0
64.852,-0.143,-0.13,0,0,0,70.0,0.0,70.0,0.0,0.0
65.052,-0.155,-0.148,0,0,0,70.0,0.0,70.0,0.0,0.0
65.26,-0.169,-0.167,0,0,0,70.0,0.0,70.0,0.0,0.0
65.468,-0.181,-0.187,0,0,0,70.0,0.0,70.0,0.0,0.0
65.668,-0.189,-0.205,0,0,0,70.0,0.0,70.0,0.0,0.0
65.876,-0.195,-0.222,0,0,0,70.0,0.0,70.0,0.0,0.0
66.084,-0.198,-0.238,0,0,0,70.0,0.0,70.0,0.0,0.0
66.288,-0.198,-0.252,0,0,0,70.0,0.0,70.0,0.0,0.0
66.492,-0.2,-0.266,0,0,0,70.0,0.0,70.0,0.0,0.0
66.7,-0.205,-0.28,0,0,0,70.0,0.0,70.0,0.0,0.0
66.9,-0.21,-0.291,0,0,0,70.0,0.0,70.0,0.0,0.0
67.108,-0.214,-0.302,0,0,0,70.0,0.0,70.0,0.0,0.0
67.308,-0.218,-0.311,0,0,0,70.0,0.0,70.0,0.0,0.0
67.516,-0.224,-0.317,0,0,0,70.0,0.0,70.0,0.0,0.0
67.724,-0.231,-0.32,0,0,0,70.0,0.0,70.0,0.0,0.0
67.924,-0.235,-0.322,0,0,0,70.0,0.0,70.0,0.0,0.0
68.132,-0.235,-0.323,0,0,0,70.0,0.0,70.0,0.0,0.0
68.34,-0.235,-0.327,0,0,0,70.0,0.0,70.0,0.0,0.0
68.54,-0.236,-0.333,0,0,0,70.0,0.0,70.0,0.0,0.0
68.748,-0.24,-0.34,0,0,0,70.0,0.0,70.0,0.0,0.0
68.956,-0.246,-0.345,0,0,0,70.0,0.0,70.0,0.0,0.0
69.156,-0.254,-0.349,0,0,0,70.0,0.0,70.0,0.0,0.0
69.364,-0.26,-0.35,0,0,0,70.0,0.0,70.0,0.0,0.0
69.572,-0.265,-0.351,0,0,0,70.0,0.0,70.0,0.0,0.0
69.772,-0.272,-0.351,0,0,0,70.0,0.0,70.0,0.0,0.0
69.98,-0.275,-0.349,0,0,0,70.0,0.0,70.0,0.0,0.0
70.18,-0.275,-0.349,0,0,0,70.0,0.0,70.0,0.0,0.0
70.388,-0.276,-0.347,0,0,0,70.0,0.0,70.0,0.0,0.0
70.596,-0.277,-0.346,0,0,0,70.0,0.0,70.0,0.0,0.0
70.796,-0.28,-0.347,0,0,0,70.0,0.0,70.0,0.0,0.0
71.004,-0.285,-0.35,0,0,0,70.0,0.0,70.0,0.0,0.0
71.212,-0.288,-0.353,0,0,0,70.0,0.0,70.0,0.0,0.0
71.412,-0.287,-0.355,0,0,0,70.0,0.0,70.0,0.0,0.0
71.62,-0.282,-0.355,0,0,0,70.0,0.0,70.0,0.0,0.0
71.828,-0.275,-0.352,0,0,0,70.0,0.0,70.0,0.0,0.0
72.028,-0.268,-0.347,0,0,0,70.0,0.0,70.0,0.0,0.0
72.236,-0.256,-0.342,0,0,0,70.0,0.0,70.0,0.0,0.0
72.436,-0.228,-0.334,0,0,0,70.0,0.0,70.0,0.0,0.0
72.644,-0.159,-0.321,0,0,0,70.0,0.0,70.0,0.0,0.0
72.852,-0.02,-0.305,0,0,0,70.0,0.0,70.0,0.0,0.0
73.052,0.214,-0.286,0,0,0,70.214,0.0,70.214,0.0,0.0
73.26,0.607,-0.265,0,0,0,70.607,0.0,70.607,0.0,0.0
73.468,1.208,-0.244,1,1,0,71.208,0.0,71.208,0.0,0.0
73.668,2.039,-0.228,2,2,0,72.039,0.0,72.039,0.0,0.0
73.876,3.232,-0.216,3,3,0,73.232,0.0,73.232,0.0,0.0
74.084,4.836,-0.21,4,4,0,74.836,0.0,74.836,0.0,0.0
74.284,6.843,-0.211,6,6,0,76.843,0.0,76.843,0.0,0.0
74.492,9.497,-0.217,9,9,0,79.497,0.0,79.497,0.0,0.0
74.7,12.768,-0.224,12,12,0,82.768,0.0,82.768,0.0,0.0
74.9,16.333,-0.231,16,16,0,86.333,0.0,86.333,0.0,0.0
75.108,20.273,-0.246,20,20,0,90.273,0.0,90.273,0.0,0.0
75.312,24.084,-0.263,24,24,0,94.084,0.0,94.084,0.0,0.0
75.512,27.773,-0.277,27,27,0,97.773,0.0,97.773,0.0,0.0
75.712,31.278,-0.285,31,31,0,101.27799999999999,0.0,101.27799999999999,0.0,0.0
75.912,34.623,-0.29,34,34,0,104.62299999999999,0.0,104.62299999999999,0.0,0.0
76.12,37.969,-0.289,37,37,0,107.969,0.0,107.969,0.0,0.0
76.328,41.213,-0.286,41,41,0,111.213,0.0,111.213,0.0,0.0
76.528,44.263,-0.28,44,44,0,114.263,0.0,114.263,0.0,0.0
76.736,47.383,-0.27,47,47,0,117.38300000000001,0.0,117.38300000000001,0.0,0.0
76.936,50.349,-0.255,50,50,0,120.34899999999999,0.0,120.34899999999999,0.0,0.0
77.144,53.416,-0.238,53,53,0,123.416,0.0,123.416,0.0,0.0
77.352,56.48,-0.216,56,56,0,126.47999999999999,0.0,126.47999999999999,0.0,0.0
77.552,59.431,-0.192,59,59,0,129.43099999999998,0.0,129.43099999999998,0.0,0.0
77.76,62.516,-0.166,62,62,0,132.516,0.0,132.516,0.0,0.0
77.968,65.63,-0.139,65,65,0,135.63,0.0,135.63,0.0,0.0
78.168,68.66,-0.112,68,68,0,138.66,0.0,138.66,0.0,0.0
78.376,71.849,-0.082,71,71,0,141.849,0.0,141.849,0.0,0.0
78.584,75.073,-0.049,75,75,0,145.07299999999998,0.0,145.07299999999998,0.0,0.0
78.784,78.196,-0.015,78,78,0,148.196,0.0,148.196,0.0,0.0
78.992,81.458,0.015,81,81,0,151.458,0.0,151.458,0.0,0.0
79.2,84.718,0.036,84,84,0,154.71800000000002,0.0,154.71800000000002,0.0,0.0
79.4,87.842,0.051,87,87,0,157.84199999999998,0.0,157.84199999999998,0.0,0.0
79.608,91.074,0.063,91,91,0,161.074,0.0,161.074,0.0,0.0
79.808,94.16,0.07,94,94,0,164.16,0.0,164.16,0.0,0.0
80.016,97.344,0.075,97,97,0,167.344,0.0,167.344,0.0,0.0
80.224,100.502,0.077,100,100,0,170.502,0.0,170.502,0.0,0.0
80.424,103.519,0.078,103,103,0,173.519,0.0,173.519,0.0,0.0
80.632,106.638,0.079,106,106,0,176.638,0.0,176.638,0.0,0.0
80.84,109.74,0.082,109,109,0,179.74,0.0,179.74,0.0,0.0
81.04,112.712,0.089,112,112,0,182.712,0.0,182.712,0.0,0.0
81.248,115.678,0.099,115,115,0,185.678,0.0,185.678,0.0,0.0
81.456,118.762,0.111,118,118,0,188.762,0.0,188.762,0.0,0.0
81.656,121.727,0.124,121,121,0,191.727,0.0,191.727,0.0,0.0
81.864,124.812,0.136,124,124,0,194.812,0.0,194.812,0.0,0.0
82.072,127.897,0.146,127,127,0,197.897,0.0,197.897,0.0,0.0
82.272,130.863,0.157,130,130,0,200.863,0.0,200.863,0.0,0.0
82.48,133.946,0.169,133,133,0,203.946,0.0,203.946,0.0,0.0
82.68,136.906,0.178,136,136,0,206.906,0.0,206.906,0.0,0.0
82.888,139.976,0.187,139,139,0,209.976,0.0,209.976,0.0,0.0
83.096,143.033,0.193,143,143,0,213.033,0.0,213.033,0.0,0.0
83.296,145.962,0.197,145,145,0,215.962,0.0,215.962,0.0,0.0
83.504,148.999,0.199,148,148,0,218.999,0.0,218.999,0.0,0.0
83.712,152.025,0.2,152,152,0,222.025,0.0,222.025,0.0,0.0
83.912,154.924,0.199,154,154,0,224.924,0.0,224.924,0.0,0.0
84.12,157.928,0.2,157,157,0,227.928,0.0,227.928,0.0,0.0
84.328,160.919,0.202,160,160,0,230.919,0.0,230.919,0.0,0.0
84.528,163.787,0.208,163,163,0,233.787,0.0,233.787,0.0,0.0
84.736,166.764,0.214,166,166,0,236.764,0.0,236.764,0.0,0.0
84.936,169.62,0.218,169,169,0,239.62,0.0,239.62,0.0,0.0
85.144,172.584,0.221,172,172,0,242.584,0.0,242.584,0.0,0.0
85.352,175.545,0.222,175,175,0,245.545,0.0,245.545,0.0,0.0
85.552,178.387,0.219,178,178,0,248.387,0.0,248.387,0.0,0.0
85.76,181.337,0.215,181,181,0,251.337,0.0,251.337,0.0,0.0
85.968,184.282,0.212,184,184,0,254.282,0.0,254.282,0.0,0.0
86.168,187.109,0.211,187,187,0,257.10900000000004,0.0,257.10900000000004,0.0,0.0
86.376,190.045,0.212,190,190,0,260.04499999999996,0.0,260.04499999999996,0.0,0.0
86.584,192.973,0.211,192,192,0,262.973,0.0,262.973,0.0,0.0
86.784,195.781,0.21,195,195,0,265.781,0.0,265.781,0.0,0.0
86.992,198.695,0.21,198,198,0,268.695,0.0,268.695,0.0,0.0
87.2,201.606,0.212,201,201,0,271.606,0.0,271.606,0.0,0.0
87.4,204.404,0.212,204,204,0,274.404,0.0,274.404,0.0,0.0
87.608,207.311,0.213,207,207,0,277.31100000000004,0.0,277.31100000000004,0.0,0.0
87.808,210.102,0.216,210,210,0,280.102,0.0,280.102,0.0,0.0
88.016,213.0,0.22,212,212,0,283.0,0.0,283.0,0.0,0.0
88.224,215.895,0.222,215,215,0,285.895,0.0,285.895,0.0,0.0
88.424,218.677,0.223,218,218,0,288.677,0.0,288.677,0.0,0.0
88.632,221.572,0.219,221,221,0,291.572,0.0,291.572,0.0,0.0
88.84,224.465,0.211,224,224,0,294.46500000000003,0.0,294.46500000000003,0.0,0.0
89.04,227.244,0.201,227,227,0,297.244,0.0,297.244,0.0,0.0
89.248,230.132,0.192,230,230,0,300.0,0.0,300.0,0.0,0.0
89.456,233.017,0.183,233,233,0,300.0,0.0,300.0,0.0,0.0
89.656,235.786,0.177,235,235,0,300.0,0.0,300.0,0.0,0.0
89.864,238.66,0.175,238,238,0,300.0,0.0,300.0,0.0,0.0
90.072,241.53,0.175,241,241,0,300.0,0.0,300.0,0.0,0.0
90.272,244.288,0.175,244,244,0,300.0,0.0,300.0,0.0,0.0
90.48,247.156,0.176,247,247,0,300.0,0.0,300.0,0.0,0.0
90.68,249.911,0.177,249,249,0,300.0,0.0,300.0,0.0,0.0
90.888,252.776,0.179,252,252,0,300.0,0.0,300.0,0.0,0.0
91.096,255.642,0.178,255,255,0,300.0,0.0,300.0,0.0,0.0
91.296,258.398,0.175,258,258,0,300.0,0.0,300.0,0.0,0.0
91.504,261.265,0.172,261,261,0,300.0,0.0,300.0,0.0,0.0
91.712,264.13,0.168,264,264,0,300.0,0.0,300.0,0.0,0.0
91.912,266.887,0.167,266,266,0,300.0,0.0,300.0,0.0,0.0
92.12,269.754,0.166,269,269,0,300.0,0.0,300.0,0.0,0.0
92.328,272.621,0.163,272,272,0,300.0,0.0,300.0,0.0,0.0
92.528,275.378,0.16,275,275,0,300.0,0.0,300.0,0.0,0.0
92.736,278.247,0.156,278,278,0,300.0,0.0,300.0,0.0,0.0
92.936,281.004,0.148,281,281,0,300.0,0.0,300.0,0.0,0.0
93.144,283.864,0.136,283,283,0,300.0,0.0,300.0,0.0,0.0
93.352,286.717,0.119,286,286,0,300.0,0.0,300.0,0.0,0.0
93.552,289.456,0.098,289,289,0,300.0,0.0,300.0,0.0,0.0
93.76,292.304,0.074,292,292,0,300.0,0.0,300.0,0.0,0.0
93.968,295.145,0.048,295,295,0,300.0,0.0,300.0,0.0,0.0
94.168,297.81,0.021,297,297,0,300.0,0.0,300.0,0.0,0.0
94.372,300.405,-0.008,299,299,0,300.0,0.0,300.0,0.0,0.0
94.572,302.936,-0.037,299,299,0,300.0,0.0,300.0,0.0,0.0
94.772,305.408,-0.066,299,299,0,300.0,0.0,300.0,0.0,0.0
94.98,307.912,-0.096,299,299,0,300.0,0.0,300.0,0.0,0.0
95.18,310.25,-0.121,299,299,0,300.0,0.0,300.0,0.0,0.0
95.388,312.599,-0.141,299,299,0,300.0,0.0,300.0,0.0,0.0
95.596,314.857,-0.153,299,299,0,300.0,0.0,300.0,0.0,0.0
95.796,316.938,-0.16,299,299,0,300.0,0.0,300.0,0.0,0.0
96.004,319.014,-0.164,299,299,0,300.0,0.0,300.0,0.0,0.0
96.212,320.999,-0.166,299,299,0,300.0,0.0,300.0,0.0,0.0
96.412,322.824,-0.168,299,299,0,300.0,0.0,300.0,0.0,0.0
96.62,324.643,-0.166,299,299,0,300.0,0.0,300.0,0.0,0.0
96.828,326.387,-0.164,299,299,0,300.0,0.0,300.0,0.0,0.0
97.028,327.995,-0.157,299,299,0,300.0,0.0,300.0,0.0,0.0
97.236,329.599,-0.149,299,299,0,300.0,0.0,300.0,0.0,0.0
97.436,331.078,-0.142,299,299,0,300.0,0.0,300.0,0.0,0.0
97.644,332.554,-0.135,299,299,0,300.0,0.0,300.0,0.0,0.0
97.852,333.966,-0.126,299,299,0,300.0,0.0,300.0,0.0,0.0
98.052,335.266,-0.115,299,299,0,300.0,0.0,300.0,0.0,0.0
98.26,336.558,-0.104,299,299,0,300.0,0.0,300.0,0.0,0.0
98.468,337.787,-0.091,299,299,0,300.0,0.0,300.0,0.0,0.0
98.668,338.913,-0.078,299,299,0,300.0,0.0,300.0,0.0,0.0
98.876,340.023,-0.064,299,299,0,300.0,0.0,300.0,0.0,0.0
99.084,341.081,-0.049,299,299,0,300.0,0.0,300.0,0.0,0.0
99.284,342.164,-0.036,299,299,0,300.0,0.0,300.0,0.0,0.0
99.492,343.235,-0.025,299,299,0,300.0,0.0,300.0,0.0,0.0
99.7,344.101,-0.013,299,299,0,300.0,0.0,300.0,0.0,0.0
99.9,344.567,-0.0,299,299,0,300.0,0.0,300.0,0.0,0.0
100.108,344.551,0.016,299,299,0,300.0,0.0,300.0,0.0,0.0
100.308,344.071,0.038,299,299,0,300.0,0.0,300.0,0.0,0.0
100.516,343.122,0.069,299,299,0,300.0,0.0,300.0,0.0,0.0
100.724,341.801,0.106,299,299,0,300.0,0.0,300.0,0.0,0.0
100.924,340.291,0.14,299,299,0,300.0,0.0,300.0,0.0,0.0
101.132,338.619,0.16,299,299,0,300.0,0.0,300.0,0.0,0.0
101.34,337.062,0.152,299,299,0,300.0,0.0,300.0,0.0,0.0
101.54,335.767,0.121,299,299,0,300.0,0.0,300.0,0.0,0.0
101.748,334.603,0.078,299,299,0,300.0,0.0,300.0,0.0,0.0
101.956,333.571,0.036,299,299,0,300.0,0.0,300.0,0.0,0.0
102.156,332.658,0.006,299,299,0,300.0,0.0,300.0,0.0,0.0
102.364,331.763,-0.011,299,299,0,300.0,0.0,300.0,0.0,0.0
102.572,330.905,-0.018,299,299,0,300.0,0.0,300.0,0.0,0.0
102.772,330.093,-0.021,299,299,0,300.0,0.0,300.0,0.0,0.0
102.98,329.199,-0.024,299,299,0,300.0,0.0,300.0,0.0,0.0
103.18,328.229,-0.036,299,299,0,300.0,0.0,300.0,0.0,0.0
103.388,327.081,-0.056,299,299,0,300.0,0.0,300.0,0.0,0.0
103.596,325.819,-0.076,299,299,0,300.0,0.0,300.0,0.0,0.0
103.796,324.565,-0.09,299,299,0,300.0,0.0,300.0,0.0,0.0
104.004,323.298,-0.096,299,299,0,300.0,0.0,300.0,0.0,0.0
104.212,322.109,-0.093,299,299,0,300.0,0.0,300.0,0.0,0.0
104.412,321.038,-0.085,299,299,0,300.0,0.0,300.0,0.0,0.0
104.62,319.987,-0.072,299,299,0,300.0,0.0,300.0,0.0,0.0
104.828,318.989,-0.062,299,299,0,300.0,0.0,300.0,0.0,0.0
105.028,318.07,-0.06,299,299,0,300.0,0.0,300.0,0.0,0.0
105.236,317.145,-0.066,299,299,0,300.0,0.0,300.0,0.0,0.0
105.436,316.244,-0.073,299,299,0,300.0,0.0,300.0,0.0,0.0
105.644,315.246,-0.081,299,299,0,300.0,0.0,300.0,0.0,0.0
105.852,314.165,-0.082,299,299,0,300.0,0.0,300.0,0.0,0.0
106.052,313.055,-0.074,299,299,0,300.0,0.0,300.0,0.0,0.0
106.26,311.862,-0.059,299,299,0,300.0,0.0,300.0,0.0,0.0
106.468,310.683,-0.043,299,299,0,300.0,0.0,300.0,0.0,0.0
106.668,309.598,-0.03,299,299,0,300.0,0.0,300.0,0.0,0.0
106.876,308.529,-0.024,299,299,0,300.0,0.0,300.0,0.0,0.0
107.084,307.518,-0.026,299,299,0,300.0,0.0,300.0,0.0,0.0
107.284,306.589,-0.032,299,299,0,300.0,0.0,300.0,0.0,0.0
107.492,305.641,-0.04,299,299,0,300.0,0.0,300.0,0.0,0.0
107.7,304.683,-0.047,299,299,0,300.0,0.0,300.0,0.0,0.0
107.9,303.778,-0.048,299,299,0,300.0,0.0,300.0,0.0,0.0
108.108,302.932,-0.044,299,299,0,300.0,0.0,300.0,0.0,0.0
108.308,302.253,-0.038,299,299,0,300.0,0.0,300.0,0.0,0.0
108.516,301.698,-0.035,299,299,0,300.0,0.0,300.0,0.0,0.0
108.724,301.283,-0.034,299,299,0,300.0,0.0,300.0,0.0,0.0
108.924,300.996,-0.032,299,299,0,300.0,0.0,300.0,0.0,0.0
109.132,300.79,-0.03,299,299,0,300.0,0.0,300.0,0.0,0.0
109.34,300.653,-0.031,299,299,0,300.0,0.0,300.0,0.0,0.0
109.54,300.572,-0.035,299,299,0,300.0,0.0,300.0,0.0,0.0
109.748,300.528,-0.04,299,299,0,300.0,0.0,300.0,0.0,0.0
109.956,300.515,-0.045,299,299,0,300.0,0.0,300.0,0.0,0.0
110.156,300.542,-0.051,299,299,0,300.0,0.0,300.0,0.0,0.0
110.36,300.615,-0.053,299,299,0,300.0,0.0,300.0,0.0,0.0
110.564,300.689,-0.051,299,299,0,300.0,0.0,300.0,0.0,0.0
110.768,300.753,-0.046,299,299,0,300.0,0.0,300.0,0.0,0.0
110.968,300.802,-0.041,299,299,0,300.0,0.0,300.0,0.0,0.0
111.168,300.84,-0.039,299,299,0,300.0,0.0,300.0,0.0,0.0
111.376,300.853,-0.042,299,299,0,300.0,0.0,300.0,0.0,0.0
111.584,300.834,-0.049,299,299,0,300.0,0.0,300.0,0.0,0.0
111.784,300.792,-0.058,299,299,0,300.0,0.0,300.0,0.0,0.0
111.992,300.734,-0.064,299,299,0,300.0,0.0,300.0,0.0,0.0
112.2,300.677,-0.068,299,299,0,300.0,0.0,300.0,0.0,0.0
112.4,300.627,-0.066,299,299,0,300.0,0.0,300.0,0.0,0.0
112.608,300.584,-0.059,299,299,0,300.0,0.0,300.0,0.0,0.0
112.808,300.55,-0.053,299,299,0,300.0,0.0,300.0,0.0,0.0
113.016,300.521,-0.048,299,299,0,300.0,0.0,300.0,0.0,0.0
113.22,300.502,-0.049,299,299,0,300.0,0.0,300.0,0.0,0.0
113.42,300.496,-0.054,299,299,0,300.0,0.0,300.0,0.0,0.0
113.62,300.502,-0.061,299,299,0,300.0,0.0,300.0,0.0,0.0
113.828,300.517,-0.066,299,299,0,300.0,0.0,300.0,0.0,0.0
114.028,300.539,-0.065,299,299,0,300.0,0.0,300.0,0.0,0.0
114.236,300.57,-0.059,299,299,0,300.0,0.0,300.0,0.0,0.0
114.436,300.601,-0.051,299,299,0,300.0,0.0,300.0,0.0,0.0
114.644,300.632,-0.039,299,299,0,300.0,0.0,300.0,0.0,0.0
114.852,300.659,-0.03,299,299,0,300.0,0.0,300.0,0.0,0.0
115.052,300.684,-0.025,299,299,0,300.0,0.0,300.0,0.0,0.0
115.26,300.708,-0.027,299,299,0,300.0,0.0,300.0,0.0,0.0
115.468,300.73,-0.031,299,299,0,300.0,0.0,300.0,0.0,0.0
115.668,300.743,-0.035,299,299,0,300.0,0.0,300.0,0.0,0.0
115.876,300.745,-0.038,299,299,0,300.0,0.0,300.0,0.0,0.0
116.08,300.731,-0.039,299,299,0,300.0,0.0,300.0,0.0,0.0
116.28,300.706,-0.038,299,299,0,300.0,0.0,300.0,0.0,0.0
116.48,300.675,-0.036,299,299,0,300.0,0.0,300.0,0.0,0.0
116.68,300.645,-0.033,299,299,0,300.0,0.0,300.0,0.0,0.0
116.888,300.616,-0.03,299,299,0,300.0,0.0,300.0,0.0,0.0
117.096,300.595,-0.029,299,299,0,300.0,0.0,300.0,0.0,0.0
117.296,300.58,-0.03,299,299,0,300.0,0.0,300.0,0.0,0.0
117.504,300.566,-0.032,299,299,0,300.0,0.0,300.0,0.0,0.0
117.712,300.556,-0.032,299,299,0,300.0,0.0,300.0,0.0,0.0
117.912,300.553,-0.034,299,299,0,300.0,0.0,300.0,0.0,0.0
118.12,300.557,-0.034,299,299,0,300.0,0.0,300.0,0.0,0.0
118.328,300.568,-0.036,299,299,0,300.0,0.0,300.0,0.0,0.0
118.528,300.58,-0.036,299,299,0,300.0,0.0,300.0,0.0,0.0
118.732,300.595,-0.036,299,299,0,300.0,0.0,300.0,0.0,0.0
118.932,300.614,-0.036,299,299,0,300.0,0.0,300.0,0.0,0.0
119.132,300.632,-0.037,299,299,0,300.0,0.0,300.0,0.0,0.0
119.34,300.65,-0.038,299,299,0,300.0,0.0,300.0,0.0,0.0
119.54,300.666,-0.039,299,299,0,300.0,0.0,300.0,0.0,0.0
119.748,300.681,-0.039,299,299,0,300.0,0.0,300.0,0.0,0.0
119.956,300.695,-0.038,299,299,0,300.0,0.0,300.0,0.0,0.0
120.156,300.709,-0.033,299,299,0,300.0,0.0,300.0,0.0,0.0
120.364,300.722,-0.026,299,299,0,300.0,0.0,300.0,0.0,0.0
120.572,300.726,-0.021,299,299,0,300.0,0.0,300.0,0.0,0.0
120.772,300.719,-0.022,299,299,0,300.0,0.0,300.0,0.0,0.0
120.98,300.7,-0.03,299,299,0,300.0,0.0,300.0,0.0,0.0
121.18,300.676,-0.037,299,299,0,300.0,0.0,300.0,0.0,0.0
121.388,300.648,-0.042,299,299,0,300.0,0.0,300.0,0.0,0.0
121.596,300.621,-0.042,299,299,0,300.0,0.0,300.0,0.0,0.0
121.796,300.597,-0.042,299,299,0,300.0,0.0,300.0,0.0,0.0
122.004,300.577,-0.04,299,299,0,300.0,0.0,300.0,0.0,0.0
122.212,300.563,-0.038,299,299,0,300.0,0.0,300.0,0.0,0.0
122.412,300.554,-0.037,299,299,0,300.0,0.0,300.0,0.0,0.0
122.62,300.549,-0.037,299,299,0,300.0,0.0,300.0,0.0,0.0
122.828,300.547,-0.04,299,299,0,300.0,0.0,300.0,0.0,0.0
123.028,300.547,-0.044,299,299,0,300.0,0.0,300.0,0.0,0.0
123.236,300.548,-0.047,299,299,0,300.0,0.0,300.0,0.0,0.0
123.436,300.552,-0.05,299,299,0,300.0,0.0,300.0,0.0,0.0
123.644,300.559,-0.049,299,299,0,300.0,0.0,300.0,0.0,0.0
123.852,300.57,-0.045,299,299,0,300.0,0.0,300.0,0.0,0.0
124.052,300.581,-0.04,299,299,0,300.0,0.0,300.0,0.0,0.0
124.26,300.592,-0.037,299,299,0,300.0,0.0,300.0,0.0,0.0
124.468,300.604,-0.036,299,299,0,300.0,0.0,300.0,0.0,0.0
124.668,300.615,-0.034,299,299,0,300.0,0.0,300.0,0.0,0.0
124.876,300.623,-0.03,299,299,0,300.0,0.0,300.0,0.0,0.0
125.084,300.629,-0.026,299,299,0,300.0,0.0,300.0,0.0,0.0
125.284,300.632,-0.025,299,299,0,300.0,0.0,300.0,0.0,0.0
125.492,300.633,-0.027,299,299,0,300.0,0.0,300.0,0.0,0.0
125.7,300.634,-0.03,299,299,0,300.0,0.0,300.0,0.0,0.0
125.9,300.635,-0.033,299,299,0,300.0,0.0,300.0,0.0,0.0
126.108,300.637,-0.036,299,299,0,300.0,0.0,300.0,0.0,0.0
126.308,300.638,-0.039,299,299,0,300.0,0.0,300.0,0.0,0.0
126.516,300.639,-0.038,299,299,0,300.0,0.0,300.0,0.0,0.0
126.724,300.64,-0.033,299,299,0,300.0,0.0,300.0,0.0,0.0
126.928,300.641,-0.025,299,299,0,300.0,0.0,300.0,0.0,0.0
127.128,300.638,-0.016,299,299,0,300.0,0.0,300.0,0.0,0.0
127.328,300.633,-0.008,299,299,0,300.0,0.0,300.0,0.0,0.0
127.528,300.624,-0.005,299,299,0,300.0,0.0,300.0,0.0,0.0
127.736,300.614,-0.005,299,299,0,300.0,0.0,300.0,0.0,0.0
127.94,300.604,-0.007,299,299,0,300.0,0.0,300.0,0.0,0.0
128.144,300.594,-0.009,299,299,0,300.0,0.0,300.0,0.0,0.0
128.352,300.584,-0.01,299,299,0,300.0,0.0,300.0,0.0,0.0
128.56,300.575,-0.01,299,299,0,300.0,0.0,300.0,0.0,0.0
128.768,300.568,-0.014,299,299,0,300.0,0.0,300.0,0.0,0.0
128.972,300.561,-0.016,299,299,0,300.0,0.0,300.0,0.0,0.0
129.18,300.553,-0.015,299,299,0,300.0,0.0,300.0,0.0,0.0
129.388,300.546,-0.014,299,299,0,300.0,0.0,300.0,0.0,0.0
129.596,300.541,-0.012,299,299,0,300.0,0.0,300.0,0.0,0.0
129.804,300.538,-0.013,299,299,0,300.0,0.0,300.0,0.0,0.0
130.012,300.539,-0.018,299,299,0,300.0,0.0,300.0,0.0,0.0
130.22,300.546,-0.026,299,299,0,300.0,0.0,300.0,0.0,0.0
130.428,300.557,-0.036,299,299,0,300.0,0.0,300.0,0.0,0.0
130.636,300.567,-0.044,299,299,0,300.0,0.0,300.0,0.0,0.0
130.836,300.576,-0.044,299,299,0,300.0,0.0,300.0,0.0,0.0
131.044,300.588,-0.039,299,299,0,300.0,0.0,300.0,0.0,0.0
131.252,300.601,-0.033,299,299,0,300.0,0.0,300.0,0.0,0.0
131.46,300.614,-0.027,299,299,0,300.0,0.0,300.0,0.0,0.0
131.668,300.627,-0.024,299,299,0,300.0,0.0,300.0,0.0,0.0
131.876,300.641,-0.026,299,299,0,300.0,0.0,300.0,0.0,0.0
132.084,300.654,-0.029,299,299,0,300.0,0.0,300.0,0.0,0.0
132.292,300.664,-0.035,299,299,0,300.0,0.0,300.0,0.0,0.0
132.5,300.67,-0.04,299,299,0,300.0,0.0,300.0,0.0,0.0
132.708,300.675,-0.046,299,299,0,300.0,0.0,300.0,0.0,0.0
132.916,300.678,-0.048,299,299,0,300.0,0.0,300.0,0.0,0.0
133.116,300.678,-0.046,299,299,0,300.0,0.0,300.0,0.0,0.0
133.324,300.674,-0.041,299,299,0,300.0,0.0,300.0,0.0,0.0
133.532,300.663,-0.035,299,299,0,300.0,0.0,300.0,0.0,0.0
133.74,300.649,-0.029,299,299,0,300.0,0.0,300.0,0.0,0.0
133.948,300.634,-0.024,299,299,0,300.0,0.0,300.0,0.0,0.0
134.156,300.619,-0.023,299,299,0,300.0,0.0,300.0,0.0,0.0
134.364,300.605,-0.025,299,299,0,300.0,0.0,300.0,0.0,0.0
134.572,300.591,-0.029,299,299,0,300.0,0.0,300.0,0.0,0.0
134.78,300.575,-0.034,299,299,0,300.0,0.0,300.0,0.0,0.0
134.988,300.559,-0.036,299,299,0,300.0,0.0,300.0,0.0,0.0
135.196,300.543,-0.037,299,299,0,300.0,0.0,300.0,0.0,0.0
135.404,300.532,-0.035,299,299,0,300.0,0.0,300.0,0.0,0.0
135.604,300.526,-0.033,299,299,0,300.0,0.0,300.0,0.0,0.0
135.812,300.525,-0.034,299,299,0,300.0,0.0,300.0,0.0,0.0
136.02,300.525,-0.038,299,299,0,300.0,0.0,300.0,0.0,0.0
136.228,300.525,-0.042,299,299,0,300.0,0.0,300.0,0.0,0.0
136.436,300.525,-0.047,299,299,0,300.0,0.0,300.0,0.0,0.0
136.644,300.53,-0.048,299,299,0,300.0,0.0,300.0,0.0,0.0
136.852,300.542,-0.05,299,299,0,300.0,0.0,300.0,0.0,0.0
137.06,300.555,-0.054,299,299,0,300.0,0.0,300.0,0.0,0.0
137.268,300.569,-0.058,299,299,0,300.0,0.0,300.0,0.0,0.0
137.476,300.582,-0.06,299,299,0,300.0,0.0,300.0,0.0,0.0
137.684,300.596,-0.063,299,299,0,300.0,0.0,300.0,0.0,0.0
137.892,300.606,-0.065,299,299,0,300.0,0.0,300.0,0.0,0.0
138.092,300.615,-0.065,299,299,0,300.0,0.0,300.0,0.0,0.0
138.3,300.626,-0.063,299,299,0,300.0,0.0,300.0,0.0,0.0
138.508,300.64,-0.059,299,299,0,300.0,0.0,300.0,0.0,0.0
138.716,300.654,-0.054,299,299,0,300.0,0.0,300.0,0.0,0.0
138.924,300.666,-0.05,299,299,0,300.0,0.0,300.0,0.0,0.0
139.132,300.673,-0.047,299,299,0,300.0,0.0,300.0,0.0,0.0
139.34,300.672,-0.041,299,299,0,300.0,0.0,300.0,0.0,0.0
139.548,300.661,-0.036,299,299,0,300.0,0.0,300.0,0.0,0.0
139.756,300.644,-0.031,299,299,0,300.0,0.0,300.0,0.0,0.0
139.964,300.626,-0.026,299,299,0,300.0,0.0,300.0,0.0,0.0
140.172,300.607,-0.023,299,299,0,300.0,0.0,300.0,0.0,0.0
140.372,300.593,-0.021,299,299,0,300.0,0.0,300.0,0.0,0.0
140.58,300.583,-0.023,299,299,0,300.0,0.0,300.0,0.0,0.0
140.788,300.576,-0.026,299,299,0,300.0,0.0,300.0,0.0,0.0
140.996,300.572,-0.028,299,299,0,300.0,0.0,300.0,0.0,0.0
141.204,300.571,-0.028,299,299,0,300.0,0.0,300.0,0.0,0.0
141.412,300.571,-0.024,299,299,0,300.0,0.0,300.0,0.0,0.0
141.62,300.571,-0.022,299,299,0,300.0,0.0,300.0,0.0,0.0
141.828,300.572,-0.018,299,299,0,300.0,0.0,300.0,0.0,0.0
142.036,300.576,-0.014,299,299,0,300.0,0.0,300.0,0.0,0.0
142.244,300.583,-0.01,299,299,0,300.0,0.0,300.0,0.0,0.0
142.452,300.591,-0.009,299,299,0,300.0,0.0,300.0,0.0,0.0
142.66,300.603,-0.008,299,299,0,300.0,0.0,300.0,0.0,0.0
142.86,300.615,-0.009,299,299,0,300.0,0.0,300.0,0.0,0.0
143.068,300.627,-0.013,299,299,0,300.0,0.0,300.0,0.0,0.0
143.276,300.639,-0.021,299,299,0,300.0,0.0,300.0,0.0,0.0
143.484,300.653,-0.032,299,299,0,300.0,0.0,300.0,0.0,0.0
143.692,300.665,-0.042,299,299,0,300.0,0.0,300.0,0.0,0.0
143.9,300.675,-0.049,299,299,0,300.0,0.0,300.0,0.0,0.0
144.108,300.686,-0.051,299,299,0,300.0,0.0,300.0,0.0,0.0
144.316,300.694,-0.047,299,299,0,300.0,0.0,300.0,0.0,0.0
144.524,300.694,-0.04,299,299,0,300.0,0.0,300.0,0.0,0.0
144.732,300.685,-0.035,299,299,0,300.0,0.0,300.0,0.0,0.0
144.94,300.673,-0.034,299,299,0,300.0,0.0,300.0,0.0,0.0
145.148,300.66,-0.037,299,299,0,300.0,0.0,300.0,0.0,0.0
145.348,300.646,-0.038,299,299,0,300.0,0.0,300.0,0.0,0.0
145.556,300.632,-0.038,299,299,0,300.0,0.0,300.0,0.0,0.0
145.764,300.619,-0.039,299,299,0,300.0,0.0,300.0,0.0,0.0
145.972,300.605,-0.037,299,299,0,300.0,0.0,300.0,0.0,0.0
146.18,300.595,-0.034,299,299,0,300.0,0.0,300.0,0.0,0.0
146.388,300.588,-0.031,299,299,0,300.0,0.0,300.0,0.0,0.0
146.596,300.584,-0.031,299,299,0,300.0,0.0,300.0,0.0,0.0
146.804,300.582,-0.035,299,299,0,300.0,0.0,300.0,0.0,0.0
147.012,300.579,-0.04,299,299,0,300.0,0.0,300.0,0.0,0.0
147.22,300.577,-0.048,299,299,0,300.0,0.0,300.0,0.0,0.0
147.428,300.579,-0.053,299,299,0,300.0,0.0,300.0,0.0,0.0
147.636,300.585,-0.053,299,299,0,300.0,0.0,300.0,0.0,0.0
147.836,300.596,-0.051,299,299,0,300.0,0.0,300.0,0.0,0.0
148.044,300.609,-0.048,299,299,0,300.0,0.0,300.0,0.0,0.0
148.252,300.622,-0.048,299,299,0,300.0,0.0,300.0,0.0,0.0
148.46,300.634,-0.05,299,299,0,300.0,0.0,300.0,0.0,0.0
148.668,300.648,-0.053,299,299,0,300.0,0.0,300.0,0.0,0.0
148.876,300.661,-0.055,299,299,0,300.0,0.0,300.0,0.0,0.0
149.084,300.672,-0.057,299,299,0,300.0,0.0,300.0,0.0,0.0
149.292,300.68,-0.056,299,299,0,300.0,0.0,300.0,0.0,0.0
149.5,300.685,-0.054,299,299,0,300.0,0.0,300.0,0.0,0.0
149.708,300.691,-0.052,299,299,0,300.0,0.0,300.0,0.0,0.0
149.916,300.695,-0.049,299,299,0,300.0,0.0,300.0,0.0,0.0
150.116,300.692,-0.047,299,299,0,300.0,0.0,300.0,0.0,0.0
150.324,300.68,-0.047,299,299,0,300.0,0.0,300.0,0.0,0.0
150.532,300.663,-0.049,299,299,0,300.0,0.0,300.0,0.0,0.0
150.74,300.644,-0.048,299,299,0,300.0,0.0,300.0,0.0,0.0
150.948,300.623,-0.043,299,299,0,300.0,0.0,300.0,0.0,0.0
151.156,300.603,-0.035,299,299,0,300.0,0.0,300.0,0.0,0.0
151.364,300.592,-0.031,299,299,0,300.0,0.0,300.0,0.0,0.0
151.572,300.595,-0.032,299,299,0,300.0,0.0,300.0,0.0,0.0
151.78,300.6,-0.031,299,299,0,300.0,0.0,300.0,0.0,0.0
151.988,300.602,-0.028,299,299,0,300.0,0.0,300.0,0.0,0.0
152.196,300.602,-0.027,299,299,0,300.0,0.0,300.0,0.0,0.0
152.404,300.6,-0.025,299,299,0,300.0,0.0,300.0,0.0,0.0
152.604,300.597,-0.024,299,299,0,300.0,0.0,300.0,0.0,0.0
152.812,300.595,-0.023,299,299,0,300.0,0.0,300.0,0.0,0.0
153.02,300.594,-0.023,299,299,0,300.0,0.0,300.0,0.0,0.0
153.228,300.594,-0.022,299,299,0,300.0,0.0,300.0,0.0,0.0
153.436,300.595,-0.02,299,299,0,300.0,0.0,300.0,0.0,0.0
153.644,300.597,-0.018,299,299,0,300.0,0.0,300.0,0.0,0.0
153.852,300.6,-0.015,299,299,0,300.0,0.0,300.0,0.0,0.0
154.06,300.601,-0.015,299,299,0,300.0,0.0,300.0,0.0,0.0
154.268,300.6,-0.013,299,299,0,300.0,0.0,300.0,0.0,0.0
154.476,300.6,-0.013,299,299,0,300.0,0.0,300.0,0.0,0.0
154.684,300.6,-0.013,299,299,0,300.0,0.0,300.0,0.0,0.0
154.892,300.598,-0.015,299,299,0,300.0,0.0,300.0,0.0,0.0
155.092,300.595,-0.021,299,299,0,300.0,0.0,300.0,0.0,0.0
155.3,300.592,-0.031,299,299,0,300.0,0.0,300.0,0.0,0.0
