name,type,value,index,raw_float
ASPD_DO_CHECKS,INT32,7,0,9.80908925027372e-45
ASPD_FALLBACK,INT32,0,1,0.0
ASPD_FP_T_WINDOW,REAL32,2.0,2,2.0
ASPD_FS_INNOV,REAL32,5.0,3,5.0
ASPD_FS_INTEG,REAL32,10.0,4,10.0
ASPD_FS_T_START,REAL32,-1.0,5,-1.0
ASPD_FS_T_STOP,REAL32,1.0,6,1.0
ASPD_PRIMARY,INT32,1,7,1.401298464324817e-45
ASPD_SCALE_1,REAL32,1.0,8,1.0
ASPD_SCALE_2,REAL32,1.0,9,1.0
ASPD_SCALE_3,REAL32,1.0,10,1.0
ASPD_SCALE_APPLY,INT32,2,11,2.802596928649634e-45
ASPD_TAS_NOISE,REAL32,1.399999976158142,12,1.399999976158142
ASPD_WERR_THR,REAL32,2.0,13,2.0
ASPD_WIND_NSD,REAL32,0.10000000149011612,14,0.10000000149011612
BAT1_A_PER_V,REAL32,36.367515563964844,15,36.367515563964844
BAT1_CAPACITY,REAL32,-1.0,16,-1.0
BAT1_I_FILT,REAL32,0.0,17,0.0
BAT1_I_OVERWRITE,REAL32,0.0,18,0.0
BAT1_N_CELLS,INT32,4,19,5.605193857299268e-45
BAT1_R_INTERNAL,REAL32,-1.0,20,-1.0
BAT1_SOURCE,INT32,0,21,0.0
BAT1_V_CHANNEL,INT32,-1,22,nan
BAT1_V_CHARGED,REAL32,4.199999809265137,23,4.199999809265137
BAT1_V_DIV,REAL32,18.100000381469727,24,18.100000381469727
BAT1_V_EMPTY,REAL32,3.5999999046325684,25,3.5999999046325684
BAT1_V_FILT,REAL32,0.0,26,0.0
BAT2_A_PER_V,REAL32,36.367515563964844,27,36.367515563964844
BAT2_CAPACITY,REAL32,-1.0,28,-1.0
BAT2_I_FILT,REAL32,0.0,29,0.0
BAT2_I_OVERWRITE,REAL32,0.0,30,0.0
BAT2_N_CELLS,INT32,0,31,0.0
BAT2_R_INTERNAL,REAL32,-1.0,32,-1.0
BAT2_SOURCE,INT32,-1,33,nan
BAT2_V_CHANNEL,INT32,-1,34,nan
BAT2_V_CHARGED,REAL32,4.050000190734863,35,4.050000190734863
BAT2_V_DIV,REAL32,18.100000381469727,36,18.100000381469727
BAT2_V_EMPTY,REAL32,3.5999999046325684,37,3.5999999046325684
BAT2_V_FILT,REAL32,0.0,38,0.0
BAT_AVRG_CURRENT,REAL32,15.0,39,15.0
BAT_CRIT_THR,REAL32,0.07000000029802322,40,0.07000000029802322
BAT_EMERGEN_THR,REAL32,0.05000000074505806,41,0.05000000074505806
BAT_LOW_THR,REAL32,0.15000000596046448,42,0.15000000596046448
BAT_V_OFFS_CURR,REAL32,0.0,43,0.0
BMM350_AVG,INT32,1,44,1.401298464324817e-45
BMM350_DRIVE,INT32,7,45,9.80908925027372e-45
BMM350_ODR,INT32,3,46,4.203895392974451e-45
CAL_ACC0_ID,INT32,4259850,47,5.969321263254072e-39
CAL_ACC0_PRIO,INT32,50,48,7.006492321624085e-44
CAL_ACC0_ROT,INT32,-1,49,nan
CAL_ACC0_XOFF,REAL32,-0.13060568273067474,50,-0.13060568273067474
CAL_ACC0_XSCALE,REAL32,0.9781705737113953,51,0.9781705737113953
CAL_ACC0_YOFF,REAL32,0.007096715271472931,52,0.007096715271472931
CAL_ACC0_YSCALE,REAL32,0.9825758934020996,53,0.9825758934020996
CAL_ACC0_ZOFF,REAL32,0.13777536153793335,54,0.13777536153793335
CAL_ACC0_ZSCALE,REAL32,0.9775566458702087,55,0.9775566458702087
CAL_ACC1_ID,INT32,2490378,56,3.489762866988309e-39
CAL_ACC1_PRIO,INT32,50,57,7.006492321624085e-44
CAL_ACC1_ROT,INT32,-1,58,nan
CAL_ACC1_XOFF,REAL32,-0.0250278040766716,59,-0.0250278040766716
CAL_ACC1_XSCALE,REAL32,1.0,60,1.0
CAL_ACC1_YOFF,REAL32,-0.004193175584077835,61,-0.004193175584077835
CAL_ACC1_YSCALE,REAL32,1.0,62,1.0
CAL_ACC1_ZOFF,REAL32,0.12234184890985489,63,0.12234184890985489
CAL_ACC1_ZSCALE,REAL32,1.0,64,1.0
CAL_ACC2_ID,INT32,0,65,0.0
CAL_ACC3_ID,INT32,0,66,0.0
CAL_AIR_CMODEL,INT32,0,67,0.0
CAL_AIR_TUBED_MM,REAL32,1.5,68,1.5
CAL_AIR_TUBELEN,REAL32,0.10000000149011612,69,0.10000000149011612
CAL_BARO0_ID,INT32,4028193,70,5.644700664903978e-39
CAL_BARO0_OFF,REAL32,-56.15234375,71,-56.15234375
CAL_BARO0_PRIO,INT32,50,72,7.006492321624085e-44
CAL_GYRO0_ID,INT32,4325386,73,6.061156759412063e-39
CAL_GYRO0_PRIO,INT32,50,74,7.006492321624085e-44
CAL_GYRO0_ROT,INT32,-1,75,nan
CAL_GYRO0_XOFF,REAL32,0.004152987152338028,76,0.004152987152338028
CAL_GYRO0_YOFF,REAL32,-0.0013632295886054635,77,-0.0013632295886054635
CAL_GYRO0_ZOFF,REAL32,-0.0004894040175713599,78,-0.0004894040175713599
CAL_GYRO1_ID,INT32,2490378,79,3.489762866988309e-39
CAL_GYRO1_PRIO,INT32,50,80,7.006492321624085e-44
CAL_GYRO1_ROT,INT32,-1,81,nan
CAL_GYRO1_XOFF,REAL32,-0.01243679504841566,82,-0.01243679504841566
CAL_GYRO1_YOFF,REAL32,-0.05952353775501251,83,-0.05952353775501251
CAL_GYRO1_ZOFF,REAL32,0.007319935597479343,84,0.007319935597479343
CAL_GYRO2_ID,INT32,0,85,0.0
CAL_GYRO3_ID,INT32,0,86,0.0
CAL_MAG0_ID,INT32,396809,87,5.560478423302663e-40
CAL_MAG0_PITCH,REAL32,0.0,88,0.0
CAL_MAG0_PRIO,INT32,75,89,1.0509738482436128e-43
CAL_MAG0_ROLL,REAL32,0.0,90,0.0
CAL_MAG0_ROT,INT32,0,91,0.0
CAL_MAG0_XCOMP,REAL32,0.0,92,0.0
CAL_MAG0_XODIAG,REAL32,-0.005488032009452581,93,-0.005488032009452581
CAL_MAG0_XOFF,REAL32,0.05556090921163559,94,0.05556090921163559
CAL_MAG0_XSCALE,REAL32,0.9506732225418091,95,0.9506732225418091
CAL_MAG0_YAW,REAL32,0.0,96,0.0
CAL_MAG0_YCOMP,REAL32,0.0,97,0.0
CAL_MAG0_YODIAG,REAL32,-0.1822270154953003,98,-0.1822270154953003
CAL_MAG0_YOFF,REAL32,-0.14267674088478088,99,-0.14267674088478088
CAL_MAG0_YSCALE,REAL32,0.9645456075668335,100,0.9645456075668335
CAL_MAG0_ZCOMP,REAL32,0.0,101,0.0
CAL_MAG0_ZODIAG,REAL32,-0.04765893891453743,102,-0.04765893891453743
CAL_MAG0_ZOFF,REAL32,0.12361718714237213,103,0.12361718714237213
CAL_MAG0_ZSCALE,REAL32,1.1702940464019775,104,1.1702940464019775
CAL_MAG1_ID,INT32,396321,105,5.553640086796758e-40
CAL_MAG1_PITCH,REAL32,0.0,106,0.0
CAL_MAG1_PRIO,INT32,0,107,0.0
CAL_MAG1_ROLL,REAL32,0.0,108,0.0
CAL_MAG1_ROT,INT32,-1,109,nan
CAL_MAG1_XCOMP,REAL32,0.0,110,0.0
CAL_MAG1_XODIAG,REAL32,0.008941387757658958,111,0.008941387757658958
CAL_MAG1_XOFF,REAL32,0.12840650975704193,112,0.12840650975704193
CAL_MAG1_XSCALE,REAL32,0.9621613621711731,113,0.9621613621711731
CAL_MAG1_YAW,REAL32,0.0,114,0.0
CAL_MAG1_YCOMP,REAL32,0.0,115,0.0
CAL_MAG1_YODIAG,REAL32,-0.12862572073936462,116,-0.12862572073936462
CAL_MAG1_YOFF,REAL32,-0.11194226890802383,117,-0.11194226890802383
CAL_MAG1_YSCALE,REAL32,0.9941766262054443,118,0.9941766262054443
CAL_MAG1_ZCOMP,REAL32,0.0,119,0.0
CAL_MAG1_ZODIAG,REAL32,-0.026766734197735786,120,-0.026766734197735786
CAL_MAG1_ZOFF,REAL32,0.09309225529432297,121,0.09309225529432297
CAL_MAG1_ZSCALE,REAL32,1.0909709930419922,122,1.0909709930419922
CAL_MAG2_ID,INT32,0,123,0.0
CAL_MAG2_ROT,INT32,-1,124,nan
CAL_MAG3_ID,INT32,0,125,0.0
CAL_MAG3_ROT,INT32,-1,126,nan
CAL_MAG_COMP_TYP,INT32,0,127,0.0
CAL_MAG_SIDES,INT32,63,128,8.828180325246348e-44
CAM_CAP_FBACK,INT32,0,129,0.0
CA_AIRFRAME,INT32,2,130,2.802596928649634e-45
CA_CS_LAUN_LK,INT32,0,131,0.0
CA_FAILURE_MODE,INT32,0,132,0.0
CA_ICE_PERIOD,REAL32,0.0,133,0.0
CA_METHOD,INT32,2,134,2.802596928649634e-45
CA_R0_SLEW,REAL32,0.0,135,0.0
CA_R10_SLEW,REAL32,0.0,136,0.0
CA_R11_SLEW,REAL32,0.0,137,0.0
CA_R1_SLEW,REAL32,0.0,138,0.0
CA_R2_SLEW,REAL32,0.0,139,0.0
CA_R3_SLEW,REAL32,0.0,140,0.0
CA_R4_SLEW,REAL32,0.0,141,0.0
CA_R5_SLEW,REAL32,0.0,142,0.0
CA_R6_SLEW,REAL32,0.0,143,0.0
CA_R7_SLEW,REAL32,0.0,144,0.0
CA_R8_SLEW,REAL32,0.0,145,0.0
CA_R9_SLEW,REAL32,0.0,146,0.0
CA_ROTOR0_AX,REAL32,0.0,147,0.0
CA_ROTOR0_AY,REAL32,0.0,148,0.0
CA_ROTOR0_AZ,REAL32,-1.0,149,-1.0
CA_ROTOR0_CT,REAL32,6.5,150,6.5
CA_ROTOR0_KM,REAL32,0.05000000074505806,151,0.05000000074505806
CA_ROTOR0_PX,REAL32,1.0,152,1.0
CA_ROTOR0_PY,REAL32,1.0,153,1.0
CA_ROTOR0_PZ,REAL32,0.0,154,0.0
CA_ROTOR10_AX,REAL32,0.0,155,0.0
CA_ROTOR10_AY,REAL32,0.0,156,0.0
CA_ROTOR10_AZ,REAL32,-1.0,157,-1.0
CA_ROTOR10_CT,REAL32,6.5,158,6.5
CA_ROTOR10_KM,REAL32,0.05000000074505806,159,0.05000000074505806
CA_ROTOR10_PX,REAL32,0.0,160,0.0
CA_ROTOR10_PY,REAL32,0.0,161,0.0
CA_ROTOR10_PZ,REAL32,0.0,162,0.0
CA_ROTOR11_AX,REAL32,0.0,163,0.0
CA_ROTOR11_AY,REAL32,0.0,164,0.0
CA_ROTOR11_AZ,REAL32,-1.0,165,-1.0
CA_ROTOR11_CT,REAL32,6.5,166,6.5
CA_ROTOR11_KM,REAL32,0.05000000074505806,167,0.05000000074505806
CA_ROTOR11_PX,REAL32,0.0,168,0.0
CA_ROTOR11_PY,REAL32,0.0,169,0.0
CA_ROTOR11_PZ,REAL32,0.0,170,0.0
CA_ROTOR1_AX,REAL32,0.0,171,0.0
CA_ROTOR1_AY,REAL32,0.0,172,0.0
CA_ROTOR1_AZ,REAL32,-1.0,173,-1.0
CA_ROTOR1_CT,REAL32,6.5,174,6.5
CA_ROTOR1_KM,REAL32,0.05000000074505806,175,0.05000000074505806
CA_ROTOR1_PX,REAL32,-1.0,176,-1.0
CA_ROTOR1_PY,REAL32,-1.0,177,-1.0
CA_ROTOR1_PZ,REAL32,0.0,178,0.0
CA_ROTOR2_AX,REAL32,0.0,179,0.0
CA_ROTOR2_AY,REAL32,0.0,180,0.0
CA_ROTOR2_AZ,REAL32,-1.0,181,-1.0
CA_ROTOR2_CT,REAL32,6.5,182,6.5
CA_ROTOR2_KM,REAL32,-0.05000000074505806,183,-0.05000000074505806
CA_ROTOR2_PX,REAL32,1.0,184,1.0
CA_ROTOR2_PY,REAL32,-1.0,185,-1.0
CA_ROTOR2_PZ,REAL32,0.0,186,0.0
CA_ROTOR3_AX,REAL32,0.0,187,0.0
CA_ROTOR3_AY,REAL32,0.0,188,0.0
CA_ROTOR3_AZ,REAL32,-1.0,189,-1.0
CA_ROTOR3_CT,REAL32,6.5,190,6.5
CA_ROTOR3_KM,REAL32,-0.05000000074505806,191,-0.05000000074505806
CA_ROTOR3_PX,REAL32,-1.0,192,-1.0
CA_ROTOR3_PY,REAL32,1.0,193,1.0
CA_ROTOR3_PZ,REAL32,0.0,194,0.0
CA_ROTOR4_AX,REAL32,1.0,195,1.0
CA_ROTOR4_AY,REAL32,0.0,196,0.0
CA_ROTOR4_AZ,REAL32,0.0,197,0.0
CA_ROTOR4_CT,REAL32,6.5,198,6.5
CA_ROTOR4_KM,REAL32,0.05000000074505806,199,0.05000000074505806
CA_ROTOR4_PX,REAL32,0.0,200,0.0
CA_ROTOR4_PY,REAL32,0.0,201,0.0
CA_ROTOR4_PZ,REAL32,0.0,202,0.0
CA_ROTOR5_AX,REAL32,0.0,203,0.0
CA_ROTOR5_AY,REAL32,0.0,204,0.0
CA_ROTOR5_AZ,REAL32,-1.0,205,-1.0
CA_ROTOR5_CT,REAL32,6.5,206,6.5
CA_ROTOR5_KM,REAL32,0.05000000074505806,207,0.05000000074505806
CA_ROTOR5_PX,REAL32,0.0,208,0.0
CA_ROTOR5_PY,REAL32,0.0,209,0.0
CA_ROTOR5_PZ,REAL32,0.0,210,0.0
CA_ROTOR6_AX,REAL32,0.0,211,0.0
CA_ROTOR6_AY,REAL32,0.0,212,0.0
CA_ROTOR6_AZ,REAL32,-1.0,213,-1.0
CA_ROTOR6_CT,REAL32,6.5,214,6.5
CA_ROTOR6_KM,REAL32,0.05000000074505806,215,0.05000000074505806
CA_ROTOR6_PX,REAL32,0.0,216,0.0
CA_ROTOR6_PY,REAL32,0.0,217,0.0
CA_ROTOR6_PZ,REAL32,0.0,218,0.0
CA_ROTOR7_AX,REAL32,0.0,219,0.0
CA_ROTOR7_AY,REAL32,0.0,220,0.0
CA_ROTOR7_AZ,REAL32,-1.0,221,-1.0
CA_ROTOR7_CT,REAL32,6.5,222,6.5
CA_ROTOR7_KM,REAL32,0.05000000074505806,223,0.05000000074505806
CA_ROTOR7_PX,REAL32,0.0,224,0.0
CA_ROTOR7_PY,REAL32,0.0,225,0.0
CA_ROTOR7_PZ,REAL32,0.0,226,0.0
CA_ROTOR8_AX,REAL32,0.0,227,0.0
CA_ROTOR8_AY,REAL32,0.0,228,0.0
CA_ROTOR8_AZ,REAL32,-1.0,229,-1.0
CA_ROTOR8_CT,REAL32,6.5,230,6.5
CA_ROTOR8_KM,REAL32,0.05000000074505806,231,0.05000000074505806
CA_ROTOR8_PX,REAL32,0.0,232,0.0
CA_ROTOR8_PY,REAL32,0.0,233,0.0
CA_ROTOR8_PZ,REAL32,0.0,234,0.0
CA_ROTOR9_AX,REAL32,0.0,235,0.0
CA_ROTOR9_AY,REAL32,0.0,236,0.0
CA_ROTOR9_AZ,REAL32,-1.0,237,-1.0
CA_ROTOR9_CT,REAL32,6.5,238,6.5
CA_ROTOR9_KM,REAL32,0.05000000074505806,239,0.05000000074505806
CA_ROTOR9_PX,REAL32,0.0,240,0.0
CA_ROTOR9_PY,REAL32,0.0,241,0.0
CA_ROTOR9_PZ,REAL32,0.0,242,0.0
CA_ROTOR_COUNT,INT32,5,243,7.006492321624085e-45
CA_R_REV,INT32,0,244,0.0
CA_SV0_SLEW,REAL32,0.0,245,0.0
CA_SV10_SLEW,REAL32,0.0,246,0.0
CA_SV11_SLEW,REAL32,0.0,247,0.0
CA_SV12_SLEW,REAL32,0.0,248,0.0
CA_SV13_SLEW,REAL32,0.0,249,0.0
CA_SV14_SLEW,REAL32,0.0,250,0.0
CA_SV1_SLEW,REAL32,0.0,251,0.0
CA_SV2_SLEW,REAL32,0.0,252,0.0
CA_SV3_SLEW,REAL32,0.0,253,0.0
CA_SV4_SLEW,REAL32,0.0,254,0.0
CA_SV5_SLEW,REAL32,0.0,255,0.0
CA_SV6_SLEW,REAL32,0.0,256,0.0
CA_SV7_SLEW,REAL32,0.0,257,0.0
CA_SV8_SLEW,REAL32,0.0,258,0.0
CA_SV9_SLEW,REAL32,0.0,259,0.0
CA_SV_CS0_FLAP,REAL32,0.0,260,0.0
CA_SV_CS0_SPOIL,REAL32,0.0,261,0.0
CA_SV_CS0_TRIM,REAL32,0.0,262,0.0
CA_SV_CS0_TRQ_P,REAL32,0.0,263,0.0
CA_SV_CS0_TRQ_R,REAL32,-0.5,264,-0.5
CA_SV_CS0_TRQ_Y,REAL32,0.0,265,0.0
CA_SV_CS0_TYPE,INT32,1,266,1.401298464324817e-45
CA_SV_CS1_FLAP,REAL32,0.0,267,0.0
CA_SV_CS1_SPOIL,REAL32,0.0,268,0.0
CA_SV_CS1_TRIM,REAL32,0.0,269,0.0
CA_SV_CS1_TRQ_P,REAL32,0.0,270,0.0
CA_SV_CS1_TRQ_R,REAL32,0.5,271,0.5
CA_SV_CS1_TRQ_Y,REAL32,0.0,272,0.0
CA_SV_CS1_TYPE,INT32,2,273,2.802596928649634e-45
CA_SV_CS2_FLAP,REAL32,0.0,274,0.0
CA_SV_CS2_SPOIL,REAL32,0.0,275,0.0
CA_SV_CS2_TRIM,REAL32,0.0,276,0.0
CA_SV_CS2_TRQ_P,REAL32,0.5,277,0.5
CA_SV_CS2_TRQ_R,REAL32,0.0,278,0.0
CA_SV_CS2_TRQ_Y,REAL32,0.5,279,0.5
CA_SV_CS2_TYPE,INT32,7,280,9.80908925027372e-45
CA_SV_CS3_FLAP,REAL32,0.0,281,0.0
CA_SV_CS3_SPOIL,REAL32,0.0,282,0.0
CA_SV_CS3_TRIM,REAL32,0.0,283,0.0
CA_SV_CS3_TRQ_P,REAL32,0.5,284,0.5
CA_SV_CS3_TRQ_R,REAL32,0.0,285,0.0
CA_SV_CS3_TRQ_Y,REAL32,-0.5,286,-0.5
CA_SV_CS3_TYPE,INT32,8,287,1.1210387714598537e-44
CA_SV_CS4_FLAP,REAL32,0.0,288,0.0
CA_SV_CS4_SPOIL,REAL32,0.0,289,0.0
CA_SV_CS4_TRIM,REAL32,0.0,290,0.0
CA_SV_CS4_TRQ_P,REAL32,0.0,291,0.0
CA_SV_CS4_TRQ_R,REAL32,0.0,292,0.0
CA_SV_CS4_TRQ_Y,REAL32,0.0,293,0.0
CA_SV_CS4_TYPE,INT32,0,294,0.0
CA_SV_CS5_FLAP,REAL32,0.0,295,0.0
CA_SV_CS5_SPOIL,REAL32,0.0,296,0.0
CA_SV_CS5_TRIM,REAL32,0.0,297,0.0
CA_SV_CS5_TRQ_P,REAL32,0.0,298,0.0
CA_SV_CS5_TRQ_R,REAL32,0.0,299,0.0
CA_SV_CS5_TRQ_Y,REAL32,0.0,300,0.0
CA_SV_CS5_TYPE,INT32,0,301,0.0
CA_SV_CS6_FLAP,REAL32,0.0,302,0.0
CA_SV_CS6_SPOIL,REAL32,0.0,303,0.0
CA_SV_CS6_TRIM,REAL32,0.0,304,0.0
CA_SV_CS6_TRQ_P,REAL32,0.0,305,0.0
CA_SV_CS6_TRQ_R,REAL32,0.0,306,0.0
CA_SV_CS6_TRQ_Y,REAL32,0.0,307,0.0
CA_SV_CS6_TYPE,INT32,0,308,0.0
CA_SV_CS7_FLAP,REAL32,0.0,309,0.0
CA_SV_CS7_SPOIL,REAL32,0.0,310,0.0
CA_SV_CS7_TRIM,REAL32,0.0,311,0.0
CA_SV_CS7_TRQ_P,REAL32,0.0,312,0.0
CA_SV_CS7_TRQ_R,REAL32,0.0,313,0.0
CA_SV_CS7_TRQ_Y,REAL32,0.0,314,0.0
CA_SV_CS7_TYPE,INT32,0,315,0.0
CA_SV_CS_COUNT,INT32,4,316,5.605193857299268e-45
CA_SV_FLAP_SLEW,REAL32,0.5,317,0.5
CBRK_BUZZER,INT32,0,318,0.0
CBRK_FLIGHTTERM,INT32,121212,319,1.6985418945773973e-40
CBRK_IO_SAFETY,INT32,22027,320,3.0866401273682746e-41
CBRK_SUPPLY_CHK,INT32,0,321,0.0
CBRK_USB_CHK,INT32,197848,322,2.772440985697364e-40
CBRK_VTOLARMING,INT32,0,323,0.0
COM_ACT_FAIL_ACT,INT32,0,324,0.0
COM_ARMABLE,INT32,1,325,1.401298464324817e-45
COM_ARM_AUTH_ID,INT32,10,326,1.401298464324817e-44
COM_ARM_AUTH_MET,INT32,0,327,0.0
COM_ARM_AUTH_REQ,INT32,0,328,0.0
COM_ARM_AUTH_TO,REAL32,1.0,329,1.0
COM_ARM_BAT_MIN,REAL32,-1.0,330,-1.0
COM_ARM_CHK_ESCS,INT32,0,331,0.0
COM_ARM_HFLT_CHK,INT32,1,332,1.401298464324817e-45
COM_ARM_IMU_ACC,REAL32,0.699999988079071,333,0.699999988079071
COM_ARM_IMU_GYR,REAL32,0.25,334,0.25
COM_ARM_MAG_ANG,INT32,60,335,8.407790785948902e-44
COM_ARM_MAG_STR,INT32,2,336,2.802596928649634e-45
COM_ARM_MIS_REQ,INT32,0,337,0.0
COM_ARM_ODID,INT32,0,338,0.0
COM_ARM_ON_BOOT,INT32,0,339,0.0
COM_ARM_SWISBTN,INT32,0,340,0.0
COM_ARM_TRAFF,INT32,0,341,0.0
COM_ARM_WO_GPS,INT32,1,342,1.401298464324817e-45
COM_CC_TEMP_WARN,REAL32,80.0,343,80.0
COM_CPU_MAX,REAL32,95.0,344,95.0
COM_DISARM_LAND,REAL32,2.0,345,2.0
COM_DISARM_PRFLT,REAL32,10.0,346,10.0
COM_DLL_EXCEPT,INT32,0,347,0.0
COM_DL_LOSS_T,INT32,10,348,1.401298464324817e-44
COM_FAIL_ACT_T,REAL32,5.0,349,5.0
COM_FLIGHT_UUID,INT32,222,350,3.110882590801094e-43
COM_FLTMODE1,INT32,0,351,0.0
COM_FLTMODE2,INT32,2,352,2.802596928649634e-45
COM_FLTMODE3,INT32,2,353,2.802596928649634e-45
COM_FLTMODE4,INT32,2,354,2.802596928649634e-45
COM_FLTMODE5,INT32,2,355,2.802596928649634e-45
COM_FLTMODE6,INT32,2,356,2.802596928649634e-45
COM_FLTMODE_BOOT,INT32,4,357,5.605193857299268e-45
COM_FLTT_LOW_ACT,INT32,0,358,0.0
COM_FLT_TIME_MAX,INT32,-1,359,nan
COM_FORCE_SAFETY,INT32,0,360,0.0
COM_GNSSLOSS_ACT,INT32,0,361,0.0
COM_HLDL_LOSS_T,INT32,120,362,1.6815581571897805e-43
COM_HOME_EN,INT32,1,363,1.401298464324817e-45
COM_HOME_IN_AIR,INT32,0,364,0.0
COM_LOW_BAT_ACT,INT32,0,365,0.0
COM_MODE_ARM_CHK,INT32,0,366,0.0
COM_OBL_RC_ACT,INT32,0,367,0.0
COM_OF_LOSS_T,REAL32,1.0,368,1.0
COM_PARACHUTE,INT32,0,369,0.0
COM_POS_FS_EPH,REAL32,5.0,370,5.0
COM_POS_LOW_ACT,INT32,3,371,4.203895392974451e-45
COM_POS_LOW_EPH,REAL32,50.0,372,50.0
COM_POWER_COUNT,INT32,1,373,1.401298464324817e-45
COM_PREARM_MODE,INT32,0,374,0.0
COM_QC_ACT,INT32,0,375,0.0
COM_RAM_MAX,REAL32,95.0,376,95.0
COM_RCL_EXCEPT,INT32,0,377,0.0
COM_RC_IN_MODE,INT32,0,378,0.0
COM_RC_LOSS_T,REAL32,0.5,379,0.5
COM_SPOOLUP_TIME,REAL32,1.0,380,1.0
COM_THROW_EN,INT32,0,381,0.0
COM_THROW_SPEED,REAL32,5.0,382,5.0
COM_VEL_FS_EVH,REAL32,1.0,383,1.0
COM_WIND_MAX,REAL32,-1.0,384,-1.0
COM_WIND_MAX_ACT,INT32,0,385,0.0
COM_WIND_WARN,REAL32,-1.0,386,-1.0
CP_DELAY,REAL32,0.4000000059604645,387,0.4000000059604645
CP_DIST,REAL32,-1.0,388,-1.0
CP_GO_NO_DATA,INT32,0,389,0.0
CP_GUIDE_ANG,REAL32,30.0,390,30.0
DSHOT_3D_DEAD_H,INT32,1000,391,1.401298464324817e-42
DSHOT_3D_DEAD_L,INT32,1000,392,1.401298464324817e-42
DSHOT_3D_ENABLE,INT32,0,393,0.0
DSHOT_BIDIR_EDT,INT32,0,394,0.0
DSHOT_ESC_TYPE,INT32,0,395,0.0
DSHOT_MIN,REAL32,0.054999999701976776,396,0.054999999701976776
DSHOT_MOT_POL1,INT32,14,397,1.961817850054744e-44
DSHOT_MOT_POL2,INT32,14,398,1.961817850054744e-44
DSHOT_MOT_POL3,INT32,14,399,1.961817850054744e-44
DSHOT_MOT_POL4,INT32,14,400,1.961817850054744e-44
DSHOT_MOT_POL5,INT32,14,401,1.961817850054744e-44
DSHOT_MOT_POL6,INT32,14,402,1.961817850054744e-44
DSHOT_MOT_POL7,INT32,14,403,1.961817850054744e-44
DSHOT_MOT_POL8,INT32,14,404,1.961817850054744e-44
DSHOT_TEL_CFG,INT32,0,405,0.0
EKF2_ABIAS_INIT,REAL32,0.20000000298023224,406,0.20000000298023224
EKF2_ABL_ACCLIM,REAL32,25.0,407,25.0
EKF2_ABL_GYRLIM,REAL32,3.0,408,3.0
EKF2_ABL_LIM,REAL32,0.4000000059604645,409,0.4000000059604645
EKF2_ABL_TAU,REAL32,0.5,410,0.5
EKF2_ACC_B_NOISE,REAL32,0.003000000026077032,411,0.003000000026077032
EKF2_ACC_NOISE,REAL32,0.3499999940395355,412,0.3499999940395355
EKF2_AGP0_ID,INT32,0,413,0.0
EKF2_AGP1_ID,INT32,0,414,0.0
EKF2_AGP2_ID,INT32,0,415,0.0
EKF2_AGP3_ID,INT32,0,416,0.0
EKF2_ANGERR_INIT,REAL32,0.10000000149011612,417,0.10000000149011612
EKF2_ARSP_THR,REAL32,10.0,418,10.0
EKF2_ASPD_MAX,REAL32,20.0,419,20.0
EKF2_ASP_DELAY,REAL32,100.0,420,100.0
EKF2_AVEL_DELAY,REAL32,5.0,421,5.0
EKF2_AVEL_EN,INT32,1,422,1.401298464324817e-45
EKF2_BARO_CTRL,INT32,1,423,1.401298464324817e-45
EKF2_BARO_DELAY,REAL32,0.0,424,0.0
EKF2_BARO_GATE,REAL32,5.0,425,5.0
EKF2_BARO_NOISE,REAL32,3.5,426,3.5
EKF2_BCOEF_X,REAL32,100.0,427,100.0
EKF2_BCOEF_Y,REAL32,100.0,428,100.0
EKF2_BETA_GATE,REAL32,5.0,429,5.0
EKF2_BETA_NOISE,REAL32,0.30000001192092896,430,0.30000001192092896
EKF2_DECL_TYPE,INT32,3,431,4.203895392974451e-45
EKF2_DELAY_MAX,REAL32,200.0,432,200.0
EKF2_DRAG_CTRL,INT32,0,433,0.0
EKF2_DRAG_NOISE,REAL32,2.5,434,2.5
EKF2_EAS_NOISE,REAL32,1.399999976158142,435,1.399999976158142
EKF2_EN,INT32,1,436,1.401298464324817e-45
EKF2_EVA_NOISE,REAL32,0.10000000149011612,437,0.10000000149011612
EKF2_EVP_GATE,REAL32,5.0,438,5.0
EKF2_EVP_NOISE,REAL32,0.10000000149011612,439,0.10000000149011612
EKF2_EVV_GATE,REAL32,3.0,440,3.0
EKF2_EVV_NOISE,REAL32,0.10000000149011612,441,0.10000000149011612
EKF2_EV_CTRL,INT32,0,442,0.0
EKF2_EV_DELAY,REAL32,0.0,443,0.0
EKF2_EV_NOISE_MD,INT32,0,444,0.0
EKF2_EV_POS_X,REAL32,0.0,445,0.0
EKF2_EV_POS_Y,REAL32,0.0,446,0.0
EKF2_EV_POS_Z,REAL32,0.0,447,0.0
EKF2_EV_QMIN,INT32,0,448,0.0
EKF2_FUSE_BETA,INT32,1,449,1.401298464324817e-45
EKF2_GBIAS_INIT,REAL32,0.10000000149011612,450,0.10000000149011612
EKF2_GND_EFF_DZ,REAL32,4.0,451,4.0
EKF2_GND_MAX_HGT,REAL32,0.5,452,0.5
EKF2_GPS_CHECK,INT32,2047,453,2.8684579564729005e-42
EKF2_GPS_CTRL,INT32,7,454,9.80908925027372e-45
EKF2_GPS_MODE,INT32,0,455,0.0
EKF2_GPS_P_GATE,REAL32,5.0,456,5.0
EKF2_GPS_P_NOISE,REAL32,0.5,457,0.5
EKF2_GPS_V_GATE,REAL32,5.0,458,5.0
EKF2_GPS_V_NOISE,REAL32,0.30000001192092896,459,0.30000001192092896
EKF2_GPS_YAW_OFF,REAL32,0.0,460,0.0
EKF2_GRAV_NOISE,REAL32,1.0,461,1.0
EKF2_GSF_TAS,REAL32,15.0,462,15.0
EKF2_GYR_B_LIM,REAL32,0.15000000596046448,463,0.15000000596046448
EKF2_GYR_B_NOISE,REAL32,0.0010000000474974513,464,0.0010000000474974513
EKF2_GYR_NOISE,REAL32,0.014999999664723873,465,0.014999999664723873
EKF2_HDG_GATE,REAL32,2.5999999046325684,466,2.5999999046325684
EKF2_HEAD_NOISE,REAL32,0.30000001192092896,467,0.30000001192092896
EKF2_HGT_REF,INT32,1,468,1.401298464324817e-45
EKF2_IMU_CTRL,INT32,7,469,9.80908925027372e-45
EKF2_IMU_POS_X,REAL32,0.0,470,0.0
EKF2_IMU_POS_Y,REAL32,0.0,471,0.0
EKF2_IMU_POS_Z,REAL32,0.0,472,0.0
EKF2_LOG_VERBOSE,INT32,1,473,1.401298464324817e-45
EKF2_MAG_ACCLIM,REAL32,0.5,474,0.5
EKF2_MAG_B_NOISE,REAL32,9.999999747378752e-05,475,9.999999747378752e-05
EKF2_MAG_CHECK,INT32,1,476,1.401298464324817e-45
EKF2_MAG_CHK_INC,REAL32,20.0,477,20.0
EKF2_MAG_CHK_STR,REAL32,0.20000000298023224,478,0.20000000298023224
EKF2_MAG_DECL,REAL32,-8.15362548828125,479,-8.15362548828125
EKF2_MAG_DELAY,REAL32,0.0,480,0.0
EKF2_MAG_E_NOISE,REAL32,0.0010000000474974513,481,0.0010000000474974513
EKF2_MAG_GATE,REAL32,3.0,482,3.0
EKF2_MAG_NOISE,REAL32,0.05000000074505806,483,0.05000000074505806
EKF2_MAG_TYPE,INT32,0,484,0.0
EKF2_MCOEF,REAL32,0.15000000596046448,485,0.15000000596046448
EKF2_MIN_RNG,REAL32,0.009999999776482582,486,0.009999999776482582
EKF2_MULTI_IMU,INT32,3,487,4.203895392974451e-45
EKF2_NOAID_NOISE,REAL32,10.0,488,10.0
EKF2_NOAID_TOUT,INT32,5000000,489,7.006492321624085e-39
EKF2_OF_CTRL,INT32,1,490,1.401298464324817e-45
EKF2_OF_DELAY,REAL32,20.0,491,20.0
EKF2_OF_GATE,REAL32,3.0,492,3.0
EKF2_OF_GYR_SRC,INT32,0,493,0.0
EKF2_OF_N_MAX,REAL32,0.5,494,0.5
EKF2_OF_N_MIN,REAL32,0.15000000596046448,495,0.15000000596046448
EKF2_OF_POS_X,REAL32,0.0,496,0.0
EKF2_OF_POS_Y,REAL32,0.0,497,0.0
EKF2_OF_POS_Z,REAL32,0.0,498,0.0
EKF2_OF_QMIN,INT32,1,499,1.401298464324817e-45
EKF2_OF_QMIN_GND,INT32,0,500,0.0
EKF2_PCOEF_XN,REAL32,0.0,501,0.0
EKF2_PCOEF_XP,REAL32,0.0,502,0.0
EKF2_PCOEF_YN,REAL32,0.0,503,0.0
EKF2_PCOEF_YP,REAL32,0.0,504,0.0
EKF2_PCOEF_Z,REAL32,0.0,505,0.0
EKF2_POS_LOCK,INT32,0,506,0.0
EKF2_PREDICT_US,INT32,10000,507,1.401298464324817e-41
EKF2_REQ_EPH,REAL32,3.0,508,3.0
EKF2_REQ_EPV,REAL32,5.0,509,5.0
EKF2_REQ_FIX,INT32,3,510,4.203895392974451e-45
EKF2_REQ_GPS_H,REAL32,10.0,511,10.0
EKF2_REQ_HDRIFT,REAL32,0.10000000149011612,512,0.10000000149011612
EKF2_REQ_NSATS,INT32,6,513,8.407790785948902e-45
EKF2_REQ_PDOP,REAL32,2.5,514,2.5
EKF2_REQ_SACC,REAL32,0.5,515,0.5
EKF2_REQ_VDRIFT,REAL32,0.20000000298023224,516,0.20000000298023224
EKF2_RNGBC_CTRL,INT32,0,517,0.0
EKF2_RNGBC_DELAY,REAL32,0.0,518,0.0
EKF2_RNGBC_GATE,REAL32,5.0,519,5.0
EKF2_RNGBC_NOISE,REAL32,30.0,520,30.0
EKF2_RNG_A_HMAX,REAL32,5.0,521,5.0
EKF2_RNG_A_VMAX,REAL32,1.0,522,1.0
EKF2_RNG_CTRL,INT32,1,523,1.401298464324817e-45
EKF2_RNG_DELAY,REAL32,5.0,524,5.0
EKF2_RNG_FOG,REAL32,3.0,525,3.0
EKF2_RNG_GATE,REAL32,5.0,526,5.0
EKF2_RNG_K_GATE,REAL32,1.0,527,1.0
EKF2_RNG_NOISE,REAL32,0.10000000149011612,528,0.10000000149011612
EKF2_RNG_PITCH,REAL32,0.0,529,0.0
EKF2_RNG_POS_X,REAL32,0.0,530,0.0
EKF2_RNG_POS_Y,REAL32,0.0,531,0.0
EKF2_RNG_POS_Z,REAL32,0.0,532,0.0
EKF2_RNG_QLTY_T,REAL32,1.0,533,1.0
EKF2_RNG_SFE,REAL32,0.05000000074505806,534,0.05000000074505806
EKF2_SEL_ERR_RED,REAL32,0.20000000298023224,535,0.20000000298023224
EKF2_SEL_IMU_ACC,REAL32,1.0,536,1.0
EKF2_SEL_IMU_ANG,REAL32,15.0,537,15.0
EKF2_SEL_IMU_RAT,REAL32,7.0,538,7.0
EKF2_SEL_IMU_VEL,REAL32,2.0,539,2.0
EKF2_SENS_EN,INT32,8189,540,1.1475233124355927e-41
EKF2_SYNT_MAG_Z,INT32,0,541,0.0
EKF2_TAS_GATE,REAL32,5.0,542,5.0
EKF2_TAU_POS,REAL32,0.25,543,0.25
EKF2_TAU_VEL,REAL32,0.25,544,0.25
EKF2_TERR_GRAD,REAL32,0.5,545,0.5
EKF2_TERR_NOISE,REAL32,5.0,546,5.0
EKF2_VEL_LIM,REAL32,100.0,547,100.0
EKF2_WIND_NSD,REAL32,0.05000000074505806,548,0.05000000074505806
ESC_TEMP_WARN_TH,REAL32,90.0,549,90.0
EV_TSK_RC_LOSS,INT32,0,550,0.0
EV_TSK_STAT_DIS,INT32,0,551,0.0
FD_ACT_EN,INT32,0,552,0.0
FD_ALT_LOSS,REAL32,0.0,553,0.0
FD_ALT_LOSS_T,REAL32,1.0,554,1.0
FD_EXT_ATS_EN,INT32,0,555,0.0
FD_EXT_ATS_TRIG,INT32,1900,556,2.6624670822171524e-42
FD_FAIL_P,INT32,60,557,8.407790785948902e-44
FD_FAIL_P_TTRI,REAL32,0.30000001192092896,558,0.30000001192092896
FD_FAIL_R,INT32,60,559,8.407790785948902e-44
FD_FAIL_R_TTRI,REAL32,0.30000001192092896,560,0.30000001192092896
FD_IMB_PROP_THR,INT32,30,561,4.203895392974451e-44
FLW_TGT_ALT_M,INT32,0,562,0.0
FLW_TGT_DST,REAL32,8.0,563,8.0
FLW_TGT_FA,REAL32,180.0,564,180.0
FLW_TGT_HT,REAL32,8.0,565,8.0
FLW_TGT_MAX_VEL,REAL32,5.0,566,5.0
FLW_TGT_RS,REAL32,0.10000000149011612,567,0.10000000149011612
FW_ACRO_X_MAX,REAL32,90.0,568,90.0
FW_ACRO_YAW_EN,INT32,0,569,0.0
FW_ACRO_Y_MAX,REAL32,90.0,570,90.0
FW_ACRO_Z_MAX,REAL32,45.0,571,45.0
FW_AIRSPD_FLP_SC,REAL32,1.0,572,1.0
FW_AIRSPD_MAX,REAL32,20.0,573,20.0
FW_AIRSPD_MIN,REAL32,10.0,574,10.0
FW_AIRSPD_STALL,REAL32,7.0,575,7.0
FW_AIRSPD_TRIM,REAL32,15.0,576,15.0
FW_ARSP_SCALE_EN,INT32,1,577,1.401298464324817e-45
FW_AT_APPLY,INT32,2,578,2.802596928649634e-45
FW_AT_AXES,INT32,3,579,4.203895392974451e-45
FW_AT_MAN_AUX,INT32,0,580,0.0
FW_AT_SYSID_F0,REAL32,1.0,581,1.0
FW_AT_SYSID_F1,REAL32,10.0,582,10.0
FW_AT_SYSID_TIME,REAL32,10.0,583,10.0
FW_AT_SYSID_TYPE,INT32,1,584,1.401298464324817e-45
FW_BAT_SCALE_EN,INT32,0,585,0.0
FW_DTRIM_P_VMAX,REAL32,0.0,586,0.0
FW_DTRIM_P_VMIN,REAL32,0.0,587,0.0
FW_DTRIM_R_VMAX,REAL32,0.0,588,0.0
FW_DTRIM_R_VMIN,REAL32,0.0,589,0.0
FW_DTRIM_Y_VMAX,REAL32,0.0,590,0.0
FW_DTRIM_Y_VMIN,REAL32,0.0,591,0.0
FW_FLAPS_LND_SCL,REAL32,1.0,592,1.0
FW_FLAPS_MAN,INT32,0,593,0.0
FW_FLAPS_TO_SCL,REAL32,0.0,594,0.0
FW_GC_EN,INT32,1,595,1.401298464324817e-45
FW_GC_GAIN_MIN,REAL32,0.30000001192092896,596,0.30000001192092896
FW_GND_SPD_MIN,REAL32,5.0,597,5.0
FW_GPSF_LT,INT32,30,598,4.203895392974451e-44
FW_GPSF_R,REAL32,15.0,599,15.0
FW_LAUN_AC_T,REAL32,0.05000000074505806,600,0.05000000074505806
FW_LAUN_AC_THLD,REAL32,30.0,601,30.0
FW_LAUN_CS_LK_DY,REAL32,0.0,602,0.0
FW_LAUN_DETCN_ON,INT32,0,603,0.0
FW_LAUN_MOT_DEL,REAL32,0.0,604,0.0
FW_LND_ABORT,INT32,3,605,4.203895392974451e-45
FW_LND_AIRSPD,REAL32,-1.0,606,-1.0
FW_LND_ANG,REAL32,5.0,607,5.0
FW_LND_EARLYCFG,INT32,0,608,0.0
FW_LND_FLALT,REAL32,0.5,609,0.5
FW_LND_FL_PMAX,REAL32,15.0,610,15.0
FW_LND_FL_PMIN,REAL32,2.5,611,2.5
FW_LND_FL_SINK,REAL32,0.25,612,0.25
FW_LND_FL_TIME,REAL32,1.0,613,1.0
FW_LND_NUDGE,INT32,2,614,2.802596928649634e-45
FW_LND_TD_OFF,REAL32,3.0,615,3.0
FW_LND_TD_TIME,REAL32,-1.0,616,-1.0
FW_LND_THRTC_SC,REAL32,1.0,617,1.0
FW_LND_USETER,INT32,1,618,1.401298464324817e-45
FW_MAN_P_MAX,REAL32,30.0,619,30.0
FW_MAN_P_SC,REAL32,1.0,620,1.0
FW_MAN_R_MAX,REAL32,45.0,621,45.0
FW_MAN_R_SC,REAL32,1.0,622,1.0
FW_MAN_YR_MAX,REAL32,30.0,623,30.0
FW_MAN_Y_SC,REAL32,1.0,624,1.0
FW_PN_R_SLEW_MAX,REAL32,90.0,625,90.0
FW_POS_STK_CONF,INT32,2,626,2.802596928649634e-45
FW_PR_D,REAL32,0.0,627,0.0
FW_PR_FF,REAL32,0.5,628,0.5
FW_PR_I,REAL32,0.10000000149011612,629,0.10000000149011612
FW_PR_IMAX,REAL32,0.4000000059604645,630,0.4000000059604645
FW_PR_P,REAL32,0.07999999821186066,631,0.07999999821186066
FW_PSP_OFF,REAL32,0.0,632,0.0
FW_P_LIM_MAX,REAL32,30.0,633,30.0
FW_P_LIM_MIN,REAL32,-30.0,634,-30.0
FW_P_RMAX_NEG,REAL32,60.0,635,60.0
FW_P_RMAX_POS,REAL32,60.0,636,60.0
FW_P_TC,REAL32,0.4000000059604645,637,0.4000000059604645
FW_RLL_TO_YAW_FF,REAL32,0.0,638,0.0
FW_RR_D,REAL32,0.0,639,0.0
FW_RR_FF,REAL32,0.5,640,0.5
FW_RR_I,REAL32,0.10000000149011612,641,0.10000000149011612
FW_RR_IMAX,REAL32,0.20000000298023224,642,0.20000000298023224
FW_RR_P,REAL32,0.05000000074505806,643,0.05000000074505806
FW_R_LIM,REAL32,50.0,644,50.0
FW_R_RMAX,REAL32,70.0,645,70.0
FW_R_TC,REAL32,0.4000000059604645,646,0.4000000059604645
FW_SERVICE_CEIL,REAL32,-1.0,647,-1.0
FW_SPOILERS_LND,REAL32,0.0,648,0.0
FW_SPOILERS_MAN,INT32,0,649,0.0
FW_THR_ASPD_MAX,REAL32,0.0,650,0.0
FW_THR_ASPD_MIN,REAL32,0.0,651,0.0
FW_THR_IDLE,REAL32,0.0,652,0.0
FW_THR_MAX,REAL32,1.0,653,1.0
FW_THR_MIN,REAL32,0.0,654,0.0
FW_THR_SLEW_MAX,REAL32,0.0,655,0.0
FW_THR_TRIM,REAL32,0.6000000238418579,656,0.6000000238418579
FW_TKO_AIRSPD,REAL32,-1.0,657,-1.0
FW_TKO_PITCH_MIN,REAL32,10.0,658,10.0
FW_T_ALT_TC,REAL32,5.0,659,5.0
FW_T_CLMB_MAX,REAL32,5.0,660,5.0
FW_T_CLMB_R_SP,REAL32,3.0,661,3.0
FW_T_F_ALT_ERR,REAL32,-1.0,662,-1.0
FW_T_HRATE_FF,REAL32,0.5,663,0.5
FW_T_I_GAIN_PIT,REAL32,0.10000000149011612,664,0.10000000149011612
FW_T_PTCH_DAMP,REAL32,0.10000000149011612,665,0.10000000149011612
FW_T_RLL2THR,REAL32,15.0,666,15.0
FW_T_SEB_R_FF,REAL32,1.0,667,1.0
FW_T_SINK_MAX,REAL32,5.0,668,5.0
FW_T_SINK_MIN,REAL32,2.0,669,2.0
FW_T_SINK_R_SP,REAL32,2.0,670,2.0
FW_T_SPDWEIGHT,REAL32,1.0,671,1.0
FW_T_STE_R_TC,REAL32,0.4000000059604645,672,0.4000000059604645
FW_T_TAS_TC,REAL32,5.0,673,5.0
FW_T_THR_DAMPING,REAL32,0.05000000074505806,674,0.05000000074505806
FW_T_THR_INTEG,REAL32,0.019999999552965164,675,0.019999999552965164
FW_T_THR_LOW_HGT,REAL32,-1.0,676,-1.0
FW_T_VERT_ACC,REAL32,7.0,677,7.0
FW_USE_AIRSPD,INT32,1,678,1.401298464324817e-45
FW_WIND_ARSP_SC,REAL32,0.0,679,0.0
FW_WING_HEIGHT,REAL32,0.5,680,0.5
FW_WING_SPAN,REAL32,3.0,681,3.0
FW_WP_RST_DIST,REAL32,-1.0,682,-1.0
FW_WR_FF,REAL32,0.20000000298023224,683,0.20000000298023224
FW_WR_I,REAL32,0.10000000149011612,684,0.10000000149011612
FW_WR_IMAX,REAL32,0.4000000059604645,685,0.4000000059604645
FW_WR_P,REAL32,0.5,686,0.5
FW_W_EN,INT32,0,687,0.0
FW_W_RMAX,REAL32,30.0,688,30.0
FW_YR_D,REAL32,0.0,689,0.0
FW_YR_FF,REAL32,0.30000001192092896,690,0.30000001192092896
FW_YR_I,REAL32,0.10000000149011612,691,0.10000000149011612
FW_YR_IMAX,REAL32,0.20000000298023224,692,0.20000000298023224
FW_YR_P,REAL32,0.05000000074505806,693,0.05000000074505806
FW_Y_RMAX,REAL32,50.0,694,50.0
GF_ACTION,INT32,2,695,2.802596928649634e-45
GF_MAX_HOR_DIST,REAL32,0.0,696,0.0
GF_MAX_VER_DIST,REAL32,0.0,697,0.0
GF_SOURCE,INT32,0,698,0.0
GPS_1_CONFIG,INT32,201,699,2.8166099132928823e-43
GPS_1_GNSS,INT32,0,700,0.0
GPS_1_PROTOCOL,INT32,1,701,1.401298464324817e-45
GPS_2_CONFIG,INT32,0,702,0.0
GPS_CFG_WIPE,INT32,0,703,0.0
GPS_DUMP_COMM,INT32,0,704,0.0
GPS_SAT_INFO,INT32,0,705,0.0
GPS_UBX_BAUD2,INT32,230400,706,3.2285916618043785e-40
GPS_UBX_CFG_INTF,INT32,0,707,0.0
GPS_UBX_DGNSS_TO,INT32,0,708,0.0
GPS_UBX_DYNMODEL,INT32,7,709,9.80908925027372e-45
GPS_UBX_JAM_DET,INT32,1,710,1.401298464324817e-45
GPS_UBX_MIN_CNO,INT32,0,711,0.0
GPS_UBX_MIN_ELEV,INT32,0,712,0.0
GPS_UBX_MODE,INT32,0,713,0.0
GPS_UBX_PPK,INT32,0,714,0.0
GPS_UBX_RATE,INT32,0,715,0.0
GPS_YAW_OFFSET,REAL32,0.0,716,0.0
HTE_ACC_GATE,REAL32,3.0,717,3.0
HTE_HT_ERR_INIT,REAL32,0.10000000149011612,718,0.10000000149011612
HTE_HT_NOISE,REAL32,0.003599999938160181,719,0.003599999938160181
HTE_THR_RANGE,REAL32,0.20000000298023224,720,0.20000000298023224
HTE_VXY_THR,REAL32,2.0,721,2.0
HTE_VZ_THR,REAL32,2.0,722,2.0
IMU_ACCEL_CUTOFF,REAL32,30.0,723,30.0
IMU_DGYRO_CUTOFF,REAL32,20.0,724,20.0
IMU_GYRO_CAL_EN,INT32,1,725,1.401298464324817e-45
IMU_GYRO_CUTOFF,REAL32,40.0,726,40.0
IMU_GYRO_DNF_BW,REAL32,15.0,727,15.0
IMU_GYRO_DNF_EN,INT32,0,728,0.0
IMU_GYRO_DNF_HMC,INT32,3,729,4.203895392974451e-45
IMU_GYRO_DNF_MIN,REAL32,25.0,730,25.0
IMU_GYRO_NF0_BW,REAL32,20.0,731,20.0
IMU_GYRO_NF0_FRQ,REAL32,0.0,732,0.0
IMU_GYRO_NF1_BW,REAL32,20.0,733,20.0
IMU_GYRO_NF1_FRQ,REAL32,0.0,734,0.0
IMU_GYRO_RATEMAX,INT32,400,735,5.605193857299268e-43
IMU_INTEG_RATE,INT32,200,736,2.802596928649634e-43
LNDMC_ALT_GND,REAL32,2.0,737,2.0
LNDMC_ROT_MAX,REAL32,20.0,738,20.0
LNDMC_XY_VEL_MAX,REAL32,1.5,739,1.5
LNDMC_Z_VEL_MAX,REAL32,0.25,740,0.25
LND_FLIGHT_T_HI,INT32,0,741,0.0
LND_FLIGHT_T_LO,INT32,-1468814504,742,-1.3526364002394015e-14
MAN_ARM_GESTURE,INT32,0,743,0.0
MAN_DEADZONE,REAL32,0.10000000149011612,744,0.10000000149011612
MAN_KILL_GEST_T,REAL32,-1.0,745,-1.0
MAN_OVERRIDE_SPD,REAL32,1.0,746,1.0
MAV_0_CONFIG,INT32,101,747,1.4153114489680652e-43
MAV_0_FLOW_CTRL,INT32,2,748,2.802596928649634e-45
MAV_0_FORWARD,INT32,1,749,1.401298464324817e-45
MAV_0_MODE,INT32,0,750,0.0
MAV_0_RADIO_CTL,INT32,1,751,1.401298464324817e-45
MAV_0_RATE,INT32,1200,752,1.6815581571897805e-42
MAV_1_CONFIG,INT32,0,753,0.0
MAV_2_CONFIG,INT32,0,754,0.0
MAV_COMP_ID,INT32,1,755,1.401298464324817e-45
MAV_FWDEXTSP,INT32,1,756,1.401298464324817e-45
MAV_HASH_CHK_EN,INT32,1,757,1.401298464324817e-45
MAV_HB_FORW_EN,INT32,1,758,1.401298464324817e-45
MAV_PROTO_VER,INT32,2,759,2.802596928649634e-45
MAV_RADIO_TOUT,INT32,5,760,7.006492321624085e-45
MAV_SIK_RADIO_ID,INT32,0,761,0.0
MAV_SYS_ID,INT32,1,762,1.401298464324817e-45
MAV_TYPE,INT32,22,763,3.0828566215145976e-44
MAV_USEHILGPS,INT32,0,764,0.0
MBE_ENABLE,INT32,1,765,1.401298464324817e-45
MBE_LEARN_GAIN,REAL32,18.0,766,18.0
MC_ACRO_EXPO,REAL32,0.0,767,0.0
MC_ACRO_EXPO_Y,REAL32,0.0,768,0.0
MC_ACRO_P_MAX,REAL32,100.0,769,100.0
MC_ACRO_R_MAX,REAL32,100.0,770,100.0
MC_ACRO_SUPEXPO,REAL32,0.0,771,0.0
MC_ACRO_SUPEXPOY,REAL32,0.0,772,0.0
MC_ACRO_Y_MAX,REAL32,100.0,773,100.0
MC_AIRMODE,INT32,0,774,0.0
MC_AT_APPLY,INT32,1,775,1.401298464324817e-45
MC_AT_EN,INT32,1,776,1.401298464324817e-45
MC_AT_RISE_TIME,REAL32,0.14000000059604645,777,0.14000000059604645
MC_AT_SYSID_AMP,REAL32,0.699999988079071,778,0.699999988079071
MC_BAT_SCALE_EN,INT32,0,779,0.0
MC_MAN_TILT_TAU,REAL32,0.0,780,0.0
MC_ORBIT_RAD_MAX,REAL32,1000.0,781,1000.0
MC_ORBIT_YAW_MOD,INT32,0,782,0.0
MC_PITCHRATE_D,REAL32,0.003000000026077032,783,0.003000000026077032
MC_PITCHRATE_FF,REAL32,0.0,784,0.0
MC_PITCHRATE_I,REAL32,0.20000000298023224,785,0.20000000298023224
MC_PITCHRATE_K,REAL32,1.0,786,1.0
MC_PITCHRATE_MAX,REAL32,220.0,787,220.0
MC_PITCHRATE_P,REAL32,0.15000000596046448,788,0.15000000596046448
MC_PITCH_P,REAL32,4.0,789,4.0
MC_PR_INT_LIM,REAL32,0.30000001192092896,790,0.30000001192092896
MC_REF_FF,REAL32,0.0,791,0.0
MC_REF_FF_MAX,REAL32,100.0,792,100.0
MC_REF_W_N,REAL32,50.0,793,50.0
MC_ROLLRATE_D,REAL32,0.003000000026077032,794,0.003000000026077032
MC_ROLLRATE_FF,REAL32,0.0,795,0.0
MC_ROLLRATE_I,REAL32,0.20000000298023224,796,0.20000000298023224
MC_ROLLRATE_K,REAL32,1.0,797,1.0
MC_ROLLRATE_MAX,REAL32,120.0,798,120.0
MC_ROLLRATE_P,REAL32,0.15000000596046448,799,0.15000000596046448
MC_ROLL_P,REAL32,5.0,800,5.0
MC_RR_INT_LIM,REAL32,0.30000001192092896,801,0.30000001192092896
MC_SLOW_DEF_HVEL,REAL32,3.0,802,3.0
MC_SLOW_DEF_VVEL,REAL32,1.0,803,1.0
MC_SLOW_DEF_YAWR,REAL32,45.0,804,45.0
MC_SLOW_MAP_HVEL,INT32,0,805,0.0
MC_SLOW_MAP_PTCH,INT32,0,806,0.0
MC_SLOW_MAP_VVEL,INT32,0,807,0.0
MC_SLOW_MAP_YAWR,INT32,0,808,0.0
MC_SLOW_MIN_HVEL,REAL32,0.30000001192092896,809,0.30000001192092896
MC_SLOW_MIN_VVEL,REAL32,0.30000001192092896,810,0.30000001192092896
MC_SLOW_MIN_YAWR,REAL32,3.0,811,3.0
MC_YAWRATE_D,REAL32,0.0,812,0.0
MC_YAWRATE_FF,REAL32,0.0,813,0.0
MC_YAWRATE_I,REAL32,0.10000000149011612,814,0.10000000149011612
MC_YAWRATE_K,REAL32,1.0,815,1.0
MC_YAWRATE_MAX,REAL32,120.0,816,120.0
MC_YAWRATE_P,REAL32,0.20000000298023224,817,0.20000000298023224
MC_YAW_P,REAL32,2.0,818,2.0
MC_YAW_TQ_CUTOFF,REAL32,2.0,819,2.0
MC_YAW_WEIGHT,REAL32,0.4000000059604645,820,0.4000000059604645
MC_YR_INT_LIM,REAL32,0.30000001192092896,821,0.30000001192092896
MIS_COMMAND_TOUT,REAL32,0.0,822,0.0
MIS_LND_ABRT_ALT,INT32,30,823,4.203895392974451e-44
MIS_MNT_YAW_CTL,INT32,0,824,0.0
MIS_TAKEOFF_ALT,REAL32,20.0,825,20.0
MIS_TKO_LAND_REQ,INT32,2,826,2.802596928649634e-45
MIS_YAW_ERR,REAL32,12.0,827,12.0
MIS_YAW_TMT,REAL32,10.0,828,10.0
MNT_MODE_IN,INT32,-1,829,nan
MOTFAIL_C2T,REAL32,35.0,830,35.0
MOTFAIL_OFF,REAL32,10.0,831,10.0
MOTFAIL_TIME,REAL32,1.0,832,1.0
MPC_ACC_DECOUPLE,INT32,1,833,1.401298464324817e-45
MPC_ACC_DOWN_MAX,REAL32,3.0,834,3.0
MPC_ACC_HOR,REAL32,3.0,835,3.0
MPC_ACC_HOR_MAX,REAL32,2.0,836,2.0
MPC_ACC_UP_MAX,REAL32,4.0,837,4.0
MPC_ALT_MODE,INT32,2,838,2.802596928649634e-45
MPC_AUTO_NUDGING,INT32,0,839,0.0
MPC_HOLD_MAX_XY,REAL32,0.800000011920929,840,0.800000011920929
MPC_HOLD_MAX_Z,REAL32,0.6000000238418579,841,0.6000000238418579
MPC_JERK_AUTO,REAL32,4.0,842,4.0
MPC_JERK_MAX,REAL32,4.5,843,4.5
MPC_LAND_ALT1,REAL32,10.0,844,10.0
MPC_LAND_ALT2,REAL32,5.0,845,5.0
MPC_LAND_ALT3,REAL32,1.0,846,1.0
MPC_LAND_CRWL,REAL32,0.30000001192092896,847,0.30000001192092896
MPC_LAND_RADIUS,REAL32,-1.0,848,-1.0
MPC_LAND_SPEED,REAL32,0.699999988079071,849,0.699999988079071
MPC_MANTHR_MIN,REAL32,0.07999999821186066,850,0.07999999821186066
MPC_MAN_TILT_MAX,REAL32,35.0,851,35.0
MPC_MAN_Y_MAX,REAL32,90.0,852,90.0
MPC_MAN_Y_TAU,REAL32,0.07999999821186066,853,0.07999999821186066
MPC_POS_MODE,INT32,4,854,5.605193857299268e-45
MPC_THR_CURVE,INT32,0,855,0.0
MPC_THR_HOVER,REAL32,0.5,856,0.5
MPC_THR_MAX,REAL32,1.0,857,1.0
MPC_THR_MIN,REAL32,0.11999999731779099,858,0.11999999731779099
MPC_THR_XY_MARG,REAL32,0.30000001192092896,859,0.30000001192092896
MPC_TILTMAX_AIR,REAL32,45.0,860,45.0
MPC_TILTMAX_LND,REAL32,12.0,861,12.0
MPC_TKO_RAMP_T,REAL32,3.0,862,3.0
MPC_TKO_SPEED,REAL32,1.5,863,1.5
MPC_VELD_LP,REAL32,5.0,864,5.0
MPC_VEL_LP,REAL32,0.0,865,0.0
MPC_VEL_MANUAL,REAL32,5.0,866,5.0
MPC_VEL_MAN_BACK,REAL32,-1.0,867,-1.0
MPC_VEL_MAN_SIDE,REAL32,-1.0,868,-1.0
MPC_VEL_NF_BW,REAL32,5.0,869,5.0
MPC_VEL_NF_FRQ,REAL32,0.0,870,0.0
MPC_XY_CRUISE,REAL32,5.0,871,5.0
MPC_XY_ERR_MAX,REAL32,5.0,872,5.0
MPC_XY_P,REAL32,0.949999988079071,873,0.949999988079071
MPC_XY_TRAJ_P,REAL32,0.5,874,0.5
MPC_XY_VEL_ALL,REAL32,-10.0,875,-10.0
MPC_XY_VEL_D_ACC,REAL32,0.20000000298023224,876,0.20000000298023224
MPC_XY_VEL_I_ACC,REAL32,0.4000000059604645,877,0.4000000059604645
MPC_XY_VEL_MAX,REAL32,8.0,878,8.0
MPC_XY_VEL_P_ACC,REAL32,1.7999999523162842,879,1.7999999523162842
MPC_YAWRAUTO_ACC,REAL32,20.0,880,20.0
MPC_YAWRAUTO_MAX,REAL32,60.0,881,60.0
MPC_YAW_MODE,INT32,4,882,5.605193857299268e-45
MPC_Z_ERR_MAX,REAL32,1.0,883,1.0
MPC_Z_P,REAL32,1.0,884,1.0
MPC_Z_VEL_ALL,REAL32,-3.0,885,-3.0
MPC_Z_VEL_D_ACC,REAL32,0.0,886,0.0
MPC_Z_VEL_I_ACC,REAL32,2.0,887,2.0
MPC_Z_VEL_MAX_DN,REAL32,1.5,888,1.5
MPC_Z_VEL_MAX_UP,REAL32,3.0,889,3.0
MPC_Z_VEL_P_ACC,REAL32,4.0,890,4.0
MPC_Z_V_AUTO_DN,REAL32,1.5,891,1.5
MPC_Z_V_AUTO_UP,REAL32,3.0,892,3.0
NAV_ACC_RAD,REAL32,10.0,893,10.0
NAV_DLL_ACT,INT32,0,894,0.0
NAV_FORCE_VT,INT32,1,895,1.401298464324817e-45
NAV_FW_ALTL_RAD,REAL32,5.0,896,5.0
NAV_FW_ALT_RAD,REAL32,10.0,897,10.0
NAV_LOITER_RAD,REAL32,60.0,898,60.0
NAV_LTR_LAST_DL,INT32,0,899,0.0
NAV_MC_ALT_RAD,REAL32,0.800000011920929,900,0.800000011920929
NAV_MIN_GND_DIST,REAL32,-1.0,901,-1.0
NAV_MIN_LTR_ALT,REAL32,-1.0,902,-1.0
NAV_RCL_ACT,INT32,2,903,2.802596928649634e-45
NAV_TRAFF_AVOID,INT32,1,904,1.401298464324817e-45
NAV_TRAFF_A_HOR,REAL32,500.0,905,500.0
NAV_TRAFF_A_VER,REAL32,500.0,906,500.0
NAV_TRAFF_COLL_T,INT32,60,907,8.407790785948902e-44
NPFG_DAMPING,REAL32,0.699999988079071,908,0.699999988079071
NPFG_LB_PERIOD,INT32,1,909,1.401298464324817e-45
NPFG_PERIOD,REAL32,10.0,910,10.0
NPFG_PERIOD_SF,REAL32,1.5,911,1.5
NPFG_ROLL_TC,REAL32,0.5,912,0.5
NPFG_SW_DST_MLT,REAL32,0.3199999928474426,913,0.3199999928474426
NPFG_UB_PERIOD,INT32,1,914,1.401298464324817e-45
PLD_BTOUT,REAL32,5.0,915,5.0
PLD_FAPPR_ALT,REAL32,0.10000000149011612,916,0.10000000149011612
PLD_HACC_RAD,REAL32,0.20000000298023224,917,0.20000000298023224
PLD_MAX_SRCH,INT32,3,918,4.203895392974451e-45
PLD_SRCH_ALT,REAL32,10.0,919,10.0
PLD_SRCH_TOUT,REAL32,10.0,920,10.0
PWM_AUX_CENT1,INT32,-1,921,nan
PWM_AUX_CENT2,INT32,-1,922,nan
PWM_AUX_CENT3,INT32,-1,923,nan
PWM_AUX_CENT4,INT32,-1,924,nan
PWM_AUX_CENT5,INT32,-1,925,nan
PWM_AUX_CENT6,INT32,-1,926,nan
PWM_AUX_CENT7,INT32,-1,927,nan
PWM_AUX_CENT8,INT32,-1,928,nan
PWM_AUX_DIS1,INT32,1000,929,1.401298464324817e-42
PWM_AUX_DIS2,INT32,1000,930,1.401298464324817e-42
PWM_AUX_DIS3,INT32,1000,931,1.401298464324817e-42
PWM_AUX_DIS4,INT32,1000,932,1.401298464324817e-42
PWM_AUX_DIS5,INT32,1000,933,1.401298464324817e-42
PWM_AUX_DIS6,INT32,1000,934,1.401298464324817e-42
PWM_AUX_DIS7,INT32,1000,935,1.401298464324817e-42
PWM_AUX_DIS8,INT32,1000,936,1.401298464324817e-42
PWM_AUX_FAIL1,INT32,-1,937,nan
PWM_AUX_FAIL2,INT32,-1,938,nan
PWM_AUX_FAIL3,INT32,-1,939,nan
PWM_AUX_FAIL4,INT32,-1,940,nan
PWM_AUX_FAIL5,INT32,-1,941,nan
PWM_AUX_FAIL6,INT32,-1,942,nan
PWM_AUX_FAIL7,INT32,-1,943,nan
PWM_AUX_FAIL8,INT32,-1,944,nan
PWM_AUX_FUNC1,INT32,101,945,1.4153114489680652e-43
PWM_AUX_FUNC2,INT32,102,946,1.4293244336113134e-43
PWM_AUX_FUNC3,INT32,103,947,1.4433374182545616e-43
PWM_AUX_FUNC4,INT32,104,948,1.4573504028978098e-43
PWM_AUX_FUNC5,INT32,105,949,1.471363387541058e-43
PWM_AUX_FUNC6,INT32,0,950,0.0
PWM_AUX_FUNC7,INT32,0,951,0.0
PWM_AUX_FUNC8,INT32,0,952,0.0
PWM_AUX_MAX1,INT32,1900,953,2.6624670822171524e-42
PWM_AUX_MAX2,INT32,1900,954,2.6624670822171524e-42
PWM_AUX_MAX3,INT32,1900,955,2.6624670822171524e-42
PWM_AUX_MAX4,INT32,1900,956,2.6624670822171524e-42
PWM_AUX_MAX5,INT32,1900,957,2.6624670822171524e-42
PWM_AUX_MAX6,INT32,2000,958,2.802596928649634e-42
PWM_AUX_MAX7,INT32,2000,959,2.802596928649634e-42
PWM_AUX_MAX8,INT32,2000,960,2.802596928649634e-42
PWM_AUX_MIN1,INT32,1100,961,1.5414283107572988e-42
PWM_AUX_MIN2,INT32,1100,962,1.5414283107572988e-42
PWM_AUX_MIN3,INT32,1100,963,1.5414283107572988e-42
PWM_AUX_MIN4,INT32,1100,964,1.5414283107572988e-42
PWM_AUX_MIN5,INT32,1100,965,1.5414283107572988e-42
PWM_AUX_MIN6,INT32,1000,966,1.401298464324817e-42
PWM_AUX_MIN7,INT32,1000,967,1.401298464324817e-42
PWM_AUX_MIN8,INT32,1000,968,1.401298464324817e-42
PWM_AUX_REV,INT32,0,969,0.0
PWM_AUX_TIM0,INT32,400,970,5.605193857299268e-43
PWM_AUX_TIM1,INT32,400,971,5.605193857299268e-43
PWM_AUX_TIM2,INT32,400,972,5.605193857299268e-43
PWM_MAIN_CENT1,INT32,-1,973,nan
PWM_MAIN_CENT2,INT32,-1,974,nan
PWM_MAIN_CENT3,INT32,-1,975,nan
PWM_MAIN_CENT4,INT32,-1,976,nan
PWM_MAIN_CENT5,INT32,-1,977,nan
PWM_MAIN_CENT6,INT32,-1,978,nan
PWM_MAIN_CENT7,INT32,-1,979,nan
PWM_MAIN_CENT8,INT32,-1,980,nan
PWM_MAIN_DIS1,INT32,1500,981,2.1019476964872256e-42
PWM_MAIN_DIS2,INT32,1500,982,2.1019476964872256e-42
PWM_MAIN_DIS3,INT32,1500,983,2.1019476964872256e-42
PWM_MAIN_DIS4,INT32,1500,984,2.1019476964872256e-42
PWM_MAIN_DIS5,INT32,1000,985,1.401298464324817e-42
PWM_MAIN_DIS6,INT32,1000,986,1.401298464324817e-42
PWM_MAIN_DIS7,INT32,1000,987,1.401298464324817e-42
PWM_MAIN_DIS8,INT32,1000,988,1.401298464324817e-42
PWM_MAIN_FAIL1,INT32,-1,989,nan
PWM_MAIN_FAIL2,INT32,-1,990,nan
PWM_MAIN_FAIL3,INT32,-1,991,nan
PWM_MAIN_FAIL4,INT32,-1,992,nan
PWM_MAIN_FAIL5,INT32,-1,993,nan
PWM_MAIN_FAIL6,INT32,-1,994,nan
PWM_MAIN_FAIL7,INT32,-1,995,nan
PWM_MAIN_FAIL8,INT32,-1,996,nan
PWM_MAIN_FUNC1,INT32,201,997,2.8166099132928823e-43
PWM_MAIN_FUNC2,INT32,202,998,2.8306228979361305e-43
PWM_MAIN_FUNC3,INT32,204,999,2.858648867222627e-43
PWM_MAIN_FUNC4,INT32,203,1000,2.8446358825793787e-43
PWM_MAIN_FUNC5,INT32,0,1001,0.0
PWM_MAIN_FUNC6,INT32,0,1002,0.0
PWM_MAIN_FUNC7,INT32,0,1003,0.0
PWM_MAIN_FUNC8,INT32,0,1004,0.0
PWM_MAIN_MAX1,INT32,2000,1005,2.802596928649634e-42
PWM_MAIN_MAX2,INT32,2000,1006,2.802596928649634e-42
PWM_MAIN_MAX3,INT32,2000,1007,2.802596928649634e-42
PWM_MAIN_MAX4,INT32,2000,1008,2.802596928649634e-42
PWM_MAIN_MAX5,INT32,2000,1009,2.802596928649634e-42
PWM_MAIN_MAX6,INT32,2000,1010,2.802596928649634e-42
PWM_MAIN_MAX7,INT32,2000,1011,2.802596928649634e-42
PWM_MAIN_MAX8,INT32,2000,1012,2.802596928649634e-42
PWM_MAIN_MIN1,INT32,1000,1013,1.401298464324817e-42
PWM_MAIN_MIN2,INT32,1000,1014,1.401298464324817e-42
PWM_MAIN_MIN3,INT32,1000,1015,1.401298464324817e-42
PWM_MAIN_MIN4,INT32,1000,1016,1.401298464324817e-42
PWM_MAIN_MIN5,INT32,1000,1017,1.401298464324817e-42
PWM_MAIN_MIN6,INT32,1000,1018,1.401298464324817e-42
PWM_MAIN_MIN7,INT32,1000,1019,1.401298464324817e-42
PWM_MAIN_MIN8,INT32,1000,1020,1.401298464324817e-42
PWM_MAIN_REV,INT32,6,1021,8.407790785948902e-45
PWM_MAIN_TIM0,INT32,50,1022,7.006492321624085e-44
PWM_MAIN_TIM1,INT32,50,1023,7.006492321624085e-44
PWM_MAIN_TIM2,INT32,400,1024,5.605193857299268e-43
PWM_SBUS_MODE,INT32,0,1025,0.0
RC10_MAX,REAL32,2000.0,1026,2000.0
RC10_MIN,REAL32,1000.0,1027,1000.0
RC10_REV,INT32,1,1028,1.401298464324817e-45
RC10_TRIM,REAL32,1500.0,1029,1500.0
RC11_MAX,REAL32,1988.0,1030,1988.0
RC11_MIN,REAL32,1011.0,1031,1011.0
RC11_REV,INT32,1,1032,1.401298464324817e-45
RC11_TRIM,REAL32,1499.0,1033,1499.0
RC12_MAX,REAL32,1988.0,1034,1988.0
RC12_MIN,REAL32,1011.0,1035,1011.0
RC12_REV,INT32,1,1036,1.401298464324817e-45
RC12_TRIM,REAL32,1499.0,1037,1499.0
RC13_MAX,REAL32,2000.0,1038,2000.0
RC13_MIN,REAL32,1000.0,1039,1000.0
RC13_REV,INT32,1,1040,1.401298464324817e-45
RC13_TRIM,REAL32,1500.0,1041,1500.0
RC14_MAX,REAL32,2000.0,1042,2000.0
RC14_MIN,REAL32,1000.0,1043,1000.0
RC14_REV,INT32,1,1044,1.401298464324817e-45
RC14_TRIM,REAL32,1500.0,1045,1500.0
RC15_MAX,REAL32,2000.0,1046,2000.0
RC15_MIN,REAL32,1000.0,1047,1000.0
RC15_REV,INT32,1,1048,1.401298464324817e-45
RC15_TRIM,REAL32,1500.0,1049,1500.0
RC16_MAX,REAL32,2000.0,1050,2000.0
RC16_MIN,REAL32,1000.0,1051,1000.0
RC16_REV,INT32,1,1052,1.401298464324817e-45
RC16_TRIM,REAL32,1500.0,1053,1500.0
RC17_MAX,REAL32,2000.0,1054,2000.0
RC17_MIN,REAL32,1000.0,1055,1000.0
RC17_REV,INT32,1,1056,1.401298464324817e-45
RC17_TRIM,REAL32,1500.0,1057,1500.0
RC18_MAX,REAL32,2000.0,1058,2000.0
RC18_MIN,REAL32,1000.0,1059,1000.0
RC18_REV,INT32,1,1060,1.401298464324817e-45
RC18_TRIM,REAL32,1500.0,1061,1500.0
RC1_MAX,REAL32,1993.0,1062,1993.0
RC1_MIN,REAL32,1001.0,1063,1001.0
RC1_REV,INT32,1,1064,1.401298464324817e-45
RC1_TRIM,REAL32,1500.0,1065,1500.0
RC2_MAX,REAL32,1932.0,1066,1932.0
RC2_MIN,REAL32,1023.0,1067,1023.0
RC2_REV,INT32,1,1068,1.401298464324817e-45
RC2_TRIM,REAL32,1500.0,1069,1500.0
RC3_MAX,REAL32,1993.0,1070,1993.0
RC3_MIN,REAL32,1001.0,1071,1001.0
RC3_REV,INT32,1,1072,1.401298464324817e-45
RC3_TRIM,REAL32,1001.0,1073,1001.0
RC4_MAX,REAL32,1882.0,1074,1882.0
RC4_MIN,REAL32,1001.0,1075,1001.0
RC4_REV,INT32,1,1076,1.401298464324817e-45
RC4_TRIM,REAL32,1500.0,1077,1500.0
RC5_MAX,REAL32,1988.0,1078,1988.0
RC5_MIN,REAL32,1011.0,1079,1011.0
RC5_REV,INT32,1,1080,1.401298464324817e-45
RC5_TRIM,REAL32,1499.0,1081,1499.0
RC6_MAX,REAL32,2000.0,1082,2000.0
RC6_MIN,REAL32,1000.0,1083,1000.0
RC6_REV,INT32,1,1084,1.401298464324817e-45
RC6_TRIM,REAL32,1500.0,1085,1500.0
RC7_MAX,REAL32,1988.0,1086,1988.0
RC7_MIN,REAL32,1011.0,1087,1011.0
RC7_REV,INT32,1,1088,1.401298464324817e-45
RC7_TRIM,REAL32,1499.0,1089,1499.0
RC8_MAX,REAL32,1988.0,1090,1988.0
RC8_MIN,REAL32,1011.0,1091,1011.0
RC8_REV,INT32,1,1092,1.401298464324817e-45
RC8_TRIM,REAL32,1499.0,1093,1499.0
RC9_MAX,REAL32,1988.0,1094,1988.0
RC9_MIN,REAL32,1011.0,1095,1011.0
RC9_REV,INT32,1,1096,1.401298464324817e-45
RC9_TRIM,REAL32,1499.0,1097,1499.0
RC_ARMSWITCH_TH,REAL32,0.75,1098,0.75
RC_CHAN_CNT,INT32,16,1099,2.2420775429197073e-44
RC_CRSF_PRT_CFG,INT32,103,1100,1.4433374182545616e-43
RC_CRSF_TEL_EN,INT32,0,1101,0.0
RC_ENG_MOT_TH,REAL32,0.75,1102,0.75
RC_FAILS_THR,INT32,0,1103,0.0
RC_GEAR_TH,REAL32,0.75,1104,0.75
RC_KILLSWITCH_TH,REAL32,0.75,1105,0.75
RC_LOITER_TH,REAL32,0.75,1106,0.75
RC_MAP_ARM_SW,INT32,12,1107,1.6815581571897805e-44
RC_MAP_AUX1,INT32,0,1108,0.0
RC_MAP_AUX2,INT32,0,1109,0.0
RC_MAP_AUX3,INT32,0,1110,0.0
RC_MAP_AUX4,INT32,0,1111,0.0
RC_MAP_AUX5,INT32,0,1112,0.0
RC_MAP_AUX6,INT32,0,1113,0.0
RC_MAP_ENG_MOT,INT32,0,1114,0.0
RC_MAP_FAILSAFE,INT32,0,1115,0.0
RC_MAP_FLAPS,INT32,0,1116,0.0
RC_MAP_FLTMODE,INT32,10,1117,1.401298464324817e-44
RC_MAP_FLTM_BTN,INT32,0,1118,0.0
RC_MAP_GEAR_SW,INT32,0,1119,0.0
RC_MAP_KILL_SW,INT32,11,1120,1.5414283107572988e-44
RC_MAP_LOITER_SW,INT32,0,1121,0.0
RC_MAP_MODE_SW,INT32,0,1122,0.0
RC_MAP_OFFB_SW,INT32,7,1123,9.80908925027372e-45
RC_MAP_PARAM1,INT32,0,1124,0.0
RC_MAP_PARAM2,INT32,0,1125,0.0
RC_MAP_PARAM3,INT32,0,1126,0.0
RC_MAP_PAY_SW,INT32,0,1127,0.0
RC_MAP_PITCH,INT32,2,1128,2.802596928649634e-45
RC_MAP_RETURN_SW,INT32,0,1129,0.0
RC_MAP_ROLL,INT32,1,1130,1.401298464324817e-45
RC_MAP_TERM_SW,INT32,0,1131,0.0
RC_MAP_THROTTLE,INT32,3,1132,4.203895392974451e-45
RC_MAP_TRANS_SW,INT32,8,1133,1.1210387714598537e-44
RC_MAP_YAW,INT32,4,1134,5.605193857299268e-45
RC_OFFB_TH,REAL32,0.75,1135,0.75
RC_PAYLOAD_MIDTH,REAL32,0.25,1136,0.25
RC_PAYLOAD_TH,REAL32,0.75,1137,0.75
RC_RETURN_TH,REAL32,0.75,1138,0.75
RC_RSSI_PWM_CHAN,INT32,0,1139,0.0
RC_RSSI_PWM_MAX,INT32,2000,1140,2.802596928649634e-42
RC_RSSI_PWM_MIN,INT32,1000,1141,1.401298464324817e-42
RC_TRANS_TH,REAL32,0.75,1142,0.75
RO_SPEED_LIM,REAL32,-1.0,1143,-1.0
RTL_APPR_FORCE,INT32,0,1144,0.0
RTL_CONE_ANG,INT32,45,1145,6.305843089461677e-44
RTL_DESCEND_ALT,REAL32,30.0,1146,30.0
RTL_LAND_DELAY,REAL32,0.0,1147,0.0
RTL_LOITER_RAD,REAL32,80.0,1148,80.0
RTL_MIN_DIST,REAL32,10.0,1149,10.0
RTL_PLD_MD,INT32,0,1150,0.0
RTL_RETURN_ALT,REAL32,60.0,1151,60.0
RTL_TIME_FACTOR,REAL32,1.100000023841858,1152,1.100000023841858
RTL_TIME_MARGIN,INT32,100,1153,1.401298464324817e-43
RTL_TYPE,INT32,1,1154,1.401298464324817e-45
RWTO_MAX_THR,REAL32,1.0,1155,1.0
RWTO_NUDGE,INT32,1,1156,1.401298464324817e-45
RWTO_PSP,REAL32,0.0,1157,0.0
RWTO_RAMP_TIME,REAL32,2.0,1158,2.0
RWTO_ROT_AIRSPD,REAL32,-1.0,1159,-1.0
RWTO_ROT_TIME,REAL32,1.0,1160,1.0
RWTO_TKOFF,INT32,0,1161,0.0
SDLOG_BACKEND,INT32,3,1162,4.203895392974451e-45
SDLOG_BOOT_BAT,INT32,0,1163,0.0
SDLOG_DIRS_MAX,INT32,0,1164,0.0
SDLOG_MAX_SIZE,INT32,1024,1165,1.4349296274686127e-42
SDLOG_MISSION,INT32,0,1166,0.0
SDLOG_MODE,INT32,0,1167,0.0
SDLOG_PROFILE,INT32,1,1168,1.401298464324817e-45
SDLOG_ROTATE,INT32,90,1169,1.2611686178923354e-43
SDLOG_UTC_OFFSET,INT32,0,1170,0.0
SDLOG_UUID,INT32,1,1171,1.401298464324817e-45
SENS_BARO_QNH,REAL32,1013.25,1172,1013.25
SENS_BARO_RATE,REAL32,20.0,1173,20.0
SENS_BAR_AUTOCAL,INT32,1,1174,1.401298464324817e-45
SENS_BOARD_ROT,INT32,8,1175,1.1210387714598537e-44
SENS_BOARD_X_OFF,REAL32,-2.2564966678619385,1176,-2.2564966678619385
SENS_BOARD_Y_OFF,REAL32,-0.541390597820282,1177,-0.541390597820282
SENS_BOARD_Z_OFF,REAL32,0.0,1178,0.0
SENS_DPRES_OFF,REAL32,-21.783477783203125,1179,-21.783477783203125
SENS_DPRES_REV,INT32,0,1180,0.0
SENS_EN_BATT,INT32,0,1181,0.0
SENS_EN_LL40LS,INT32,0,1182,0.0
SENS_EN_MS4525DO,INT32,1,1183,1.401298464324817e-45
SENS_EN_MS5525DS,INT32,0,1184,0.0
SENS_EN_SDP3X,INT32,0,1185,0.0
SENS_EN_SF1XX,INT32,0,1186,0.0
SENS_EN_TF02PRO,INT32,0,1187,0.0
SENS_EN_THERMAL,INT32,-1,1188,nan
SENS_EN_VL53L0X,INT32,0,1189,0.0
SENS_EN_VL53L1X,INT32,0,1190,0.0
SENS_EXT_I2C_PRB,INT32,1,1191,1.401298464324817e-45
SENS_GPS0_DELAY,INT32,110,1192,1.5414283107572988e-43
SENS_GPS0_ID,INT32,0,1193,0.0
SENS_GPS0_OFFX,REAL32,0.0,1194,0.0
SENS_GPS0_OFFY,REAL32,0.0,1195,0.0
SENS_GPS0_OFFZ,REAL32,0.0,1196,0.0
SENS_GPS1_DELAY,INT32,110,1197,1.5414283107572988e-43
SENS_GPS1_ID,INT32,0,1198,0.0
SENS_GPS1_OFFX,REAL32,0.0,1199,0.0
SENS_GPS1_OFFY,REAL32,0.0,1200,0.0
SENS_GPS1_OFFZ,REAL32,0.0,1201,0.0
SENS_GPS_MASK,INT32,7,1202,9.80908925027372e-45
SENS_GPS_PRIME,INT32,0,1203,0.0
SENS_GPS_TAU,REAL32,10.0,1204,10.0
SENS_IMU_AUTOCAL,INT32,1,1205,1.401298464324817e-45
SENS_IMU_CLPNOTI,INT32,1,1206,1.401298464324817e-45
SENS_IMU_MODE,INT32,0,1207,0.0
SENS_MAG_AUTOCAL,INT32,0,1208,0.0
SENS_MAG_AUTOROT,INT32,1,1209,1.401298464324817e-45
SENS_MAG_MODE,INT32,1,1210,1.401298464324817e-45
SENS_MAG_RATE,REAL32,15.0,1211,15.0
SENS_MAG_SIDES,INT32,63,1212,8.828180325246348e-44
SENS_SF0X_CFG,INT32,0,1213,0.0
SENS_TFMINI_CFG,INT32,0,1214,0.0
SENS_ULAND_CFG,INT32,0,1215,0.0
SEP_PORT1_CFG,INT32,0,1216,0.0
SEP_PORT2_CFG,INT32,0,1217,0.0
SER_GPS1_BAUD,INT32,0,1218,0.0
SER_TEL1_BAUD,INT32,57600,1219,8.071479154510946e-41
SYS_AUTOCONFIG,INT32,0,1220,0.0
SYS_AUTOSTART,INT32,13000,1221,1.8216880036222622e-41
SYS_CAL_TDEL,INT32,24,1222,3.363116314379561e-44
SYS_CAL_TMAX,INT32,10,1223,1.401298464324817e-44
SYS_CAL_TMIN,INT32,5,1224,7.006492321624085e-45
SYS_DM_BACKEND,INT32,0,1225,0.0
SYS_FAC_CAL_MODE,INT32,0,1226,0.0
SYS_HAS_BARO,INT32,1,1227,1.401298464324817e-45
SYS_HAS_GPS,INT32,1,1228,1.401298464324817e-45
SYS_HAS_MAG,INT32,1,1229,1.401298464324817e-45
SYS_HAS_NUM_ASPD,INT32,1,1230,1.401298464324817e-45
SYS_HAS_NUM_DIST,INT32,0,1231,0.0
SYS_HAS_NUM_GNSS,INT32,0,1232,0.0
SYS_HAS_NUM_OF,INT32,0,1233,0.0
SYS_HITL,INT32,0,1234,0.0
SYS_PARAM_VER,INT32,1,1235,1.401298464324817e-45
SYS_RGB_MAXBRT,REAL32,1.0,1236,1.0
SYS_STCK_EN,INT32,1,1237,1.401298464324817e-45
SYS_USB_AUTO,INT32,2,1238,2.802596928649634e-45
SYS_VEHICLE_RESP,REAL32,-0.4000000059604645,1239,-0.4000000059604645
TEL_BST_EN,INT32,0,1240,0.0
TEL_FRSKY_CONFIG,INT32,0,1241,0.0
TEL_HOTT_CONFIG,INT32,0,1242,0.0
THR_MDL_FAC,REAL32,0.0,1243,0.0
TRIG_MODE,INT32,0,1244,0.0
TRIM_PITCH,REAL32,0.0,1245,0.0
TRIM_ROLL,REAL32,0.0,1246,0.0
TRIM_YAW,REAL32,0.0,1247,0.0
UAVCAN_BITRATE,INT32,1000000,1248,1.401298464324817e-39
UAVCAN_EC_FAIL1,INT32,-1,1249,nan
UAVCAN_EC_FAIL10,INT32,-1,1250,nan
UAVCAN_EC_FAIL11,INT32,-1,1251,nan
UAVCAN_EC_FAIL12,INT32,-1,1252,nan
UAVCAN_EC_FAIL2,INT32,-1,1253,nan
UAVCAN_EC_FAIL3,INT32,-1,1254,nan
UAVCAN_EC_FAIL4,INT32,-1,1255,nan
UAVCAN_EC_FAIL5,INT32,-1,1256,nan
UAVCAN_EC_FAIL6,INT32,-1,1257,nan
UAVCAN_EC_FAIL7,INT32,-1,1258,nan
UAVCAN_EC_FAIL8,INT32,-1,1259,nan
UAVCAN_EC_FAIL9,INT32,-1,1260,nan
UAVCAN_EC_FUNC1,INT32,0,1261,0.0
UAVCAN_EC_FUNC10,INT32,0,1262,0.0
UAVCAN_EC_FUNC11,INT32,0,1263,0.0
UAVCAN_EC_FUNC12,INT32,0,1264,0.0
UAVCAN_EC_FUNC2,INT32,0,1265,0.0
UAVCAN_EC_FUNC3,INT32,0,1266,0.0
UAVCAN_EC_FUNC4,INT32,0,1267,0.0
UAVCAN_EC_FUNC5,INT32,0,1268,0.0
UAVCAN_EC_FUNC6,INT32,0,1269,0.0
UAVCAN_EC_FUNC7,INT32,0,1270,0.0
UAVCAN_EC_FUNC8,INT32,0,1271,0.0
UAVCAN_EC_FUNC9,INT32,0,1272,0.0
UAVCAN_EC_MAX1,INT32,8191,1273,1.1478035721284577e-41
UAVCAN_EC_MAX10,INT32,8191,1274,1.1478035721284577e-41
UAVCAN_EC_MAX11,INT32,8191,1275,1.1478035721284577e-41
UAVCAN_EC_MAX12,INT32,8191,1276,1.1478035721284577e-41
UAVCAN_EC_MAX2,INT32,8191,1277,1.1478035721284577e-41
UAVCAN_EC_MAX3,INT32,8191,1278,1.1478035721284577e-41
UAVCAN_EC_MAX4,INT32,8191,1279,1.1478035721284577e-41
UAVCAN_EC_MAX5,INT32,8191,1280,1.1478035721284577e-41
UAVCAN_EC_MAX6,INT32,8191,1281,1.1478035721284577e-41
UAVCAN_EC_MAX7,INT32,8191,1282,1.1478035721284577e-41
UAVCAN_EC_MAX8,INT32,8191,1283,1.1478035721284577e-41
UAVCAN_EC_MAX9,INT32,8191,1284,1.1478035721284577e-41
UAVCAN_EC_MIN1,INT32,1,1285,1.401298464324817e-45
UAVCAN_EC_MIN10,INT32,1,1286,1.401298464324817e-45
UAVCAN_EC_MIN11,INT32,1,1287,1.401298464324817e-45
UAVCAN_EC_MIN12,INT32,1,1288,1.401298464324817e-45
UAVCAN_EC_MIN2,INT32,1,1289,1.401298464324817e-45
UAVCAN_EC_MIN3,INT32,1,1290,1.401298464324817e-45
UAVCAN_EC_MIN4,INT32,1,1291,1.401298464324817e-45
UAVCAN_EC_MIN5,INT32,1,1292,1.401298464324817e-45
UAVCAN_EC_MIN6,INT32,1,1293,1.401298464324817e-45
UAVCAN_EC_MIN7,INT32,1,1294,1.401298464324817e-45
UAVCAN_EC_MIN8,INT32,1,1295,1.401298464324817e-45
UAVCAN_EC_MIN9,INT32,1,1296,1.401298464324817e-45
UAVCAN_EC_REV,INT32,0,1297,0.0
UAVCAN_ENABLE,INT32,2,1298,2.802596928649634e-45
UAVCAN_LGT_FN0,INT32,0,1299,0.0
UAVCAN_LGT_ID0,INT32,0,1300,0.0
UAVCAN_LGT_MODE,INT32,1,1301,1.401298464324817e-45
UAVCAN_LGT_NUM,INT32,1,1302,1.401298464324817e-45
UAVCAN_NODE_ID,INT32,1,1303,1.401298464324817e-45
UAVCAN_PUB_ARM,INT32,0,1304,0.0
UAVCAN_PUB_MBD,INT32,0,1305,0.0
UAVCAN_PUB_RTCM,INT32,0,1306,0.0
UAVCAN_SUB_ASPD,INT32,0,1307,0.0
UAVCAN_SUB_BARO,INT32,0,1308,0.0
UAVCAN_SUB_BAT,INT32,0,1309,0.0
UAVCAN_SUB_BTN,INT32,0,1310,0.0
UAVCAN_SUB_DPRES,INT32,0,1311,0.0
UAVCAN_SUB_FLOW,INT32,0,1312,0.0
UAVCAN_SUB_FUEL,INT32,0,1313,0.0
UAVCAN_SUB_GPS,INT32,1,1314,1.401298464324817e-45
UAVCAN_SUB_GPS_R,INT32,1,1315,1.401298464324817e-45
UAVCAN_SUB_HYGRO,INT32,0,1316,0.0
UAVCAN_SUB_ICE,INT32,0,1317,0.0
UAVCAN_SUB_IMU,INT32,0,1318,0.0
UAVCAN_SUB_MAG,INT32,1,1319,1.401298464324817e-45
UAVCAN_SUB_MBD,INT32,0,1320,0.0
UAVCAN_SUB_RNG,INT32,0,1321,0.0
UAVCAN_SV_DIS1,INT32,500,1322,7.006492321624085e-43
UAVCAN_SV_DIS10,INT32,500,1323,7.006492321624085e-43
UAVCAN_SV_DIS11,INT32,500,1324,7.006492321624085e-43
UAVCAN_SV_DIS12,INT32,500,1325,7.006492321624085e-43
UAVCAN_SV_DIS13,INT32,500,1326,7.006492321624085e-43
UAVCAN_SV_DIS14,INT32,500,1327,7.006492321624085e-43
UAVCAN_SV_DIS15,INT32,500,1328,7.006492321624085e-43
UAVCAN_SV_DIS2,INT32,500,1329,7.006492321624085e-43
UAVCAN_SV_DIS3,INT32,500,1330,7.006492321624085e-43
UAVCAN_SV_DIS4,INT32,500,1331,7.006492321624085e-43
UAVCAN_SV_DIS5,INT32,500,1332,7.006492321624085e-43
UAVCAN_SV_DIS6,INT32,500,1333,7.006492321624085e-43
UAVCAN_SV_DIS7,INT32,500,1334,7.006492321624085e-43
UAVCAN_SV_DIS8,INT32,500,1335,7.006492321624085e-43
UAVCAN_SV_DIS9,INT32,500,1336,7.006492321624085e-43
UAVCAN_SV_FAIL1,INT32,-1,1337,nan
UAVCAN_SV_FAIL10,INT32,-1,1338,nan
UAVCAN_SV_FAIL11,INT32,-1,1339,nan
UAVCAN_SV_FAIL12,INT32,-1,1340,nan
UAVCAN_SV_FAIL13,INT32,-1,1341,nan
UAVCAN_SV_FAIL14,INT32,-1,1342,nan
UAVCAN_SV_FAIL15,INT32,-1,1343,nan
UAVCAN_SV_FAIL2,INT32,-1,1344,nan
UAVCAN_SV_FAIL3,INT32,-1,1345,nan
UAVCAN_SV_FAIL4,INT32,-1,1346,nan
UAVCAN_SV_FAIL5,INT32,-1,1347,nan
UAVCAN_SV_FAIL6,INT32,-1,1348,nan
UAVCAN_SV_FAIL7,INT32,-1,1349,nan
UAVCAN_SV_FAIL8,INT32,-1,1350,nan
UAVCAN_SV_FAIL9,INT32,-1,1351,nan
UAVCAN_SV_FUNC1,INT32,0,1352,0.0
UAVCAN_SV_FUNC10,INT32,0,1353,0.0
UAVCAN_SV_FUNC11,INT32,0,1354,0.0
UAVCAN_SV_FUNC12,INT32,0,1355,0.0
UAVCAN_SV_FUNC13,INT32,0,1356,0.0
UAVCAN_SV_FUNC14,INT32,0,1357,0.0
UAVCAN_SV_FUNC15,INT32,0,1358,0.0
UAVCAN_SV_FUNC2,INT32,0,1359,0.0
UAVCAN_SV_FUNC3,INT32,0,1360,0.0
UAVCAN_SV_FUNC4,INT32,0,1361,0.0
UAVCAN_SV_FUNC5,INT32,0,1362,0.0
UAVCAN_SV_FUNC6,INT32,0,1363,0.0
UAVCAN_SV_FUNC7,INT32,0,1364,0.0
UAVCAN_SV_FUNC8,INT32,0,1365,0.0
UAVCAN_SV_FUNC9,INT32,0,1366,0.0
UAVCAN_SV_MAX1,INT32,1000,1367,1.401298464324817e-42
UAVCAN_SV_MAX10,INT32,1000,1368,1.401298464324817e-42
UAVCAN_SV_MAX11,INT32,1000,1369,1.401298464324817e-42
UAVCAN_SV_MAX12,INT32,1000,1370,1.401298464324817e-42
UAVCAN_SV_MAX13,INT32,1000,1371,1.401298464324817e-42
UAVCAN_SV_MAX14,INT32,1000,1372,1.401298464324817e-42
UAVCAN_SV_MAX15,INT32,1000,1373,1.401298464324817e-42
UAVCAN_SV_MAX2,INT32,1000,1374,1.401298464324817e-42
UAVCAN_SV_MAX3,INT32,1000,1375,1.401298464324817e-42
UAVCAN_SV_MAX4,INT32,1000,1376,1.401298464324817e-42
UAVCAN_SV_MAX5,INT32,1000,1377,1.401298464324817e-42
UAVCAN_SV_MAX6,INT32,1000,1378,1.401298464324817e-42
UAVCAN_SV_MAX7,INT32,1000,1379,1.401298464324817e-42
UAVCAN_SV_MAX8,INT32,1000,1380,1.401298464324817e-42
UAVCAN_SV_MAX9,INT32,1000,1381,1.401298464324817e-42
UAVCAN_SV_MIN1,INT32,0,1382,0.0
UAVCAN_SV_MIN10,INT32,0,1383,0.0
UAVCAN_SV_MIN11,INT32,0,1384,0.0
UAVCAN_SV_MIN12,INT32,0,1385,0.0
UAVCAN_SV_MIN13,INT32,0,1386,0.0
UAVCAN_SV_MIN14,INT32,0,1387,0.0
UAVCAN_SV_MIN15,INT32,0,1388,0.0
UAVCAN_SV_MIN2,INT32,0,1389,0.0
UAVCAN_SV_MIN3,INT32,0,1390,0.0
UAVCAN_SV_MIN4,INT32,0,1391,0.0
UAVCAN_SV_MIN5,INT32,0,1392,0.0
UAVCAN_SV_MIN6,INT32,0,1393,0.0
UAVCAN_SV_MIN7,INT32,0,1394,0.0
UAVCAN_SV_MIN8,INT32,0,1395,0.0
UAVCAN_SV_MIN9,INT32,0,1396,0.0
UAVCAN_SV_REV,INT32,0,1397,0.0
UAVCAN_TRACE_EN,INT32,1,1398,1.401298464324817e-45
USB_MAV_MODE,INT32,2,1399,2.802596928649634e-45
VERTIQ_IO_CFG,INT32,0,1400,0.0
VT_ARSP_BLEND,REAL32,10.0,1401,10.0
VT_ARSP_TRANS,REAL32,12.0,1402,12.0
VT_B_DEC_I,REAL32,0.10000000149011612,1403,0.10000000149011612
VT_B_DEC_MSS,REAL32,2.0,1404,2.0
VT_B_TRANS_DUR,REAL32,10.0,1405,10.0
VT_B_TRANS_RAMP,REAL32,3.0,1406,3.0
VT_ELEV_MC_LOCK,INT32,0,1407,0.0
VT_FWD_THRUST_EN,INT32,0,1408,0.0
VT_FWD_THRUST_SC,REAL32,0.699999988079071,1409,0.699999988079071
VT_FW_DIFTHR_EN,INT32,0,1410,0.0
VT_FW_DIFTHR_S_P,REAL32,1.0,1411,1.0
VT_FW_DIFTHR_S_R,REAL32,1.0,1412,1.0
VT_FW_DIFTHR_S_Y,REAL32,0.10000000149011612,1413,0.10000000149011612
VT_FW_MIN_ALT,REAL32,10.0,1414,10.0
VT_FW_QC_HMAX,INT32,0,1415,0.0
VT_FW_QC_P,INT32,0,1416,0.0
VT_FW_QC_R,INT32,0,1417,0.0
VT_F_TRANS_DUR,REAL32,10.0,1418,10.0
VT_F_TRANS_THR,REAL32,1.0,1419,1.0
VT_F_TR_OL_TM,REAL32,10.0,1420,10.0
VT_LND_PITCH_MIN,REAL32,0.0,1421,0.0
VT_PITCH_MIN,REAL32,0.0,1422,0.0
VT_PSHER_SLEW,REAL32,1.0,1423,1.0
VT_QC_ALT_LOSS,REAL32,0.0,1424,0.0
VT_QC_T_ALT_LOSS,REAL32,20.0,1425,20.0
VT_SPOILER_MC_LD,REAL32,0.0,1426,0.0
VT_TRANS_MIN_TM,REAL32,8.0,1427,8.0
VT_TRANS_TIMEOUT,REAL32,20.0,1428,20.0
VT_TYPE,INT32,2,1429,2.802596928649634e-45
WEIGHT_BASE,REAL32,-1.0,1430,-1.0
WEIGHT_GROSS,REAL32,-1.0,1431,-1.0
WV_EN,INT32,1,1432,1.401298464324817e-45
WV_GAIN,REAL32,1.0,1433,1.0
WV_ROLL_MIN,REAL32,1.0,1434,1.0
WV_YRATE_MAX,REAL32,90.0,1435,90.0
_HASH_CHECK,UINT32,-1695031802,65535,-1.0251550385934653e-22
