t_ulog_s,t_rel_trans_s,vtol_state,cas_reported_mps,groundspeed_mps,alt_m,pusher_cmd,pusher_pwm_us,battery_a,battery_v,body_ax_mps2
570.000,-3.570,3.000,-4.862,0.281,18.667,,1000.000,18.796,14.138,-0.506
570.100,-3.470,3.000,-5.015,0.261,18.667,,1000.000,18.861,14.106,0.322
570.200,-3.370,3.000,-5.136,0.243,18.665,,1000.000,19.227,14.057,0.405
570.300,-3.270,3.000,-5.534,0.230,18.664,,1000.000,19.062,13.982,-0.702
570.400,-3.170,3.000,-6.033,0.214,18.663,,1000.000,18.359,13.880,-0.253
570.500,-3.070,3.000,-6.096,0.179,18.663,,1000.000,18.426,13.889,-0.473
570.600,-2.970,3.000,-6.002,0.157,18.662,,1000.000,19.016,13.973,0.365
570.700,-2.870,3.000,-5.707,0.149,18.661,,1000.000,19.260,14.109,0.201
570.800,-2.770,3.000,-5.339,0.129,18.660,,1000.000,19.271,14.281,-0.620
570.900,-2.670,3.000,-5.512,0.113,18.658,,1000.000,19.117,14.295,-0.158
571.000,-2.570,3.000,-5.880,0.105,18.656,,1000.000,18.851,14.203,-0.577
571.100,-2.470,3.000,-5.617,0.089,18.654,,1000.000,18.747,14.095,-0.445
571.200,-2.370,3.000,-5.128,0.069,18.651,,1000.000,18.808,13.971,0.051
571.300,-2.270,3.000,-4.868,0.055,18.648,,1000.000,18.657,13.912,-0.085
571.400,-2.170,3.000,-4.689,0.048,18.645,,1000.000,18.293,13.918,0.144
571.500,-2.070,3.000,-5.202,0.050,18.643,,1000.000,18.314,13.891,-0.385
571.600,-1.970,3.000,-5.964,0.059,18.641,,1000.000,18.727,13.829,-0.425
571.700,-1.870,3.000,-5.888,0.069,18.638,,1000.000,18.924,13.795,-0.488
571.800,-1.770,3.000,-5.511,0.090,18.636,,1000.000,18.902,13.789,-0.291
571.900,-1.670,3.000,-5.473,0.108,18.634,,1000.000,18.730,13.776,-0.518
572.000,-1.570,3.000,-5.558,0.116,18.631,,1000.000,18.457,13.759,0.265
572.100,-1.470,3.000,-5.854,0.124,18.628,,1000.000,18.238,13.738,0.284
572.200,-1.370,3.000,-6.227,0.127,18.625,,1000.000,18.055,13.715,0.068
572.300,-1.270,3.000,-5.900,0.122,18.623,,1000.000,18.116,13.802,0.006
572.400,-1.170,3.000,-5.321,0.121,18.621,,1000.000,18.342,13.964,0.028
572.500,-1.070,3.000,-5.300,0.111,18.620,,1000.000,18.260,14.060,0.011
572.600,-0.970,3.000,-5.481,0.091,18.618,,1000.000,17.865,14.090,0.013
572.700,-0.870,3.000,-5.253,0.094,18.617,,1000.000,17.940,14.060,0.273
572.800,-0.770,3.000,-4.878,0.102,18.614,,1000.000,18.492,13.970,-0.540
572.900,-0.670,3.000,-4.768,0.117,18.610,,1000.000,18.708,13.902,0.546
573.000,-0.570,3.000,-4.753,0.117,18.605,,1000.000,18.583,13.856,0.095
573.100,-0.470,3.000,-4.898,0.100,18.600,,1000.000,18.624,14.004,0.333
573.200,-0.370,3.000,-5.100,0.094,18.595,,1000.000,18.835,14.350,0.496
573.300,-0.270,3.000,-5.133,0.081,18.591,,1000.000,18.757,14.293,0.240
573.400,-0.170,3.000,-5.105,0.059,18.587,,1000.000,18.482,13.964,0.176
573.500,-0.070,3.000,-5.275,0.050,18.583,,1000.000,18.186,13.784,-0.252
573.600,0.030,1.000,-5.517,0.061,18.580,,1094.802,17.877,13.704,-0.406
573.700,0.130,1.000,-5.382,0.077,18.578,0.162,1229.330,18.666,13.665,0.375
573.800,0.230,1.000,-5.113,0.084,18.576,0.260,1308.332,20.197,13.652,0.222
573.900,0.330,1.000,-4.127,0.114,18.575,0.360,1388.315,21.463,13.614,0.940
574.000,0.430,1.000,-2.883,0.231,18.575,0.462,1469.318,22.460,13.551,1.266
574.100,0.530,1.000,-3.515,0.393,18.574,0.558,1546.221,24.483,13.441,2.068
574.200,0.630,1.000,-4.822,0.627,18.569,0.658,1626.406,27.545,13.284,2.230
574.300,0.730,1.000,-4.899,0.964,18.556,0.758,1706.256,31.366,13.123,2.658
574.400,0.830,1.000,-4.534,1.392,18.532,0.858,1786.372,35.957,12.956,3.290
574.500,0.930,1.000,-4.659,1.905,18.493,0.957,1865.321,39.984,12.577,3.903
574.600,1.030,1.000,-4.961,2.454,18.437,1.000,1900.000,43.439,11.982,3.630
574.700,1.130,1.000,-4.945,2.954,18.370,1.000,1900.000,45.205,11.874,3.540
574.800,1.230,1.000,-4.814,3.368,18.295,1.000,1900.000,45.830,12.094,3.073
574.900,1.330,1.000,-4.957,3.690,18.219,1.000,1900.000,45.332,12.098,2.764
575.000,1.430,1.000,-5.199,3.895,18.155,1.000,1900.000,44.076,11.957,3.969
575.100,1.530,1.000,-5.118,4.001,18.107,1.000,1900.000,42.932,12.070,2.429
575.200,1.630,1.000,-4.920,4.061,18.067,1.000,1900.000,41.865,12.355,3.042
575.300,1.730,1.000,-4.480,4.100,18.034,1.000,1900.000,41.535,12.652,3.155
575.400,1.830,1.000,-3.952,4.147,18.003,1.000,1900.000,41.953,12.961,3.305
575.500,1.930,1.000,-4.295,4.230,17.973,1.000,1900.000,42.014,12.928,3.016
575.600,2.030,1.000,-4.952,4.333,17.943,1.000,1900.000,41.715,12.551,3.297
575.700,2.130,1.000,-4.769,4.448,17.916,1.000,1900.000,40.874,12.418,3.535
575.800,2.230,1.000,-4.283,4.554,17.894,1.000,1900.000,39.485,12.533,2.800
575.900,2.330,1.000,-4.734,4.631,17.881,1.000,1900.000,38.051,12.669,2.815
576.000,2.430,1.000,-5.523,4.695,17.876,1.000,1900.000,36.571,12.824,2.852
576.100,2.530,1.000,-5.382,4.780,17.877,1.000,1900.000,35.637,12.914,3.354
576.200,2.630,1.000,-4.905,4.883,17.876,1.000,1900.000,35.071,12.960,3.297
576.300,2.730,1.000,-4.779,4.977,17.874,1.000,1900.000,34.656,12.931,2.605
576.400,2.830,1.000,-4.779,5.065,17.874,1.000,1900.000,34.342,12.853,3.350
576.500,2.930,1.000,-5.219,5.171,17.880,1.000,1900.000,34.064,12.928,3.125
576.600,3.030,1.000,-5.818,5.275,17.887,1.000,1900.000,33.812,13.107,2.462
576.700,3.130,1.000,-5.725,5.376,17.895,1.000,1900.000,33.655,13.183,2.602
576.800,3.230,1.000,-5.382,5.503,17.901,1.000,1900.000,33.563,13.191,2.488
576.900,3.330,1.000,-2.592,5.629,17.905,1.000,1900.000,33.516,13.218,2.321
577.000,3.430,1.000,1.081,5.770,17.908,1.000,1900.000,33.513,13.265,3.761
577.100,3.530,1.000,1.827,5.916,17.913,1.000,1900.000,32.906,13.311,2.462
577.200,3.630,1.000,1.520,6.049,17.920,1.000,1900.000,31.688,13.358,2.039
577.300,3.730,1.000,-0.722,6.180,17.928,1.000,1900.000,30.994,13.316,2.853
577.400,3.830,1.000,-3.660,6.326,17.939,1.000,1900.000,30.831,13.186,2.521
577.500,3.930,1.000,-1.990,6.469,17.952,1.000,1900.000,30.639,13.157,2.357
577.600,4.030,1.000,1.339,6.605,17.966,1.000,1900.000,30.427,13.196,2.723
577.700,4.130,1.000,0.508,6.728,17.979,1.000,1900.000,29.514,13.282,1.693
577.800,4.230,1.000,-1.821,6.837,17.996,1.000,1900.000,28.125,13.400,2.769
577.900,4.330,1.000,-1.325,6.954,18.018,1.000,1900.000,27.398,13.496,2.809
578.000,4.430,1.000,0.191,7.077,18.042,1.000,1900.000,27.125,13.577,1.041
578.100,4.530,1.000,1.963,7.205,18.065,1.000,1900.000,27.383,13.615,2.077
578.200,4.630,1.000,3.828,7.344,18.085,1.000,1900.000,28.181,13.611,1.934
578.300,4.730,1.000,0.818,7.492,18.097,1.000,1900.000,28.586,13.465,1.013
578.400,4.830,1.000,-3.947,7.652,18.103,1.000,1900.000,28.594,13.176,1.563
578.500,4.930,1.000,-2.127,7.806,18.103,1.000,1900.000,28.902,13.169,1.592
578.600,5.030,1.000,2.066,7.956,18.098,1.000,1900.000,29.513,13.448,1.778
578.700,5.130,1.000,2.825,8.104,18.092,1.000,1900.000,29.684,13.550,1.847
578.800,5.230,1.000,2.347,8.249,18.084,1.000,1900.000,29.409,13.473,1.636
578.900,5.330,1.000,0.150,8.388,18.073,1.000,1900.000,29.171,13.366,1.535
579.000,5.430,1.000,-2.670,8.518,18.063,1.000,1900.000,28.959,13.241,0.923
579.100,5.530,1.000,0.259,8.641,18.054,1.000,1900.000,29.050,13.236,0.758
579.200,5.630,1.000,5.257,8.762,18.043,1.000,1900.000,29.345,13.313,0.606
579.300,5.730,1.000,6.639,8.879,18.026,1.000,1900.000,29.790,13.346,-0.024
579.400,5.830,1.000,6.720,8.984,18.007,1.000,1900.000,30.336,13.351,1.254
579.500,5.930,1.000,6.495,9.083,17.987,1.000,1900.000,29.839,13.390,1.841
579.600,6.030,1.000,6.159,9.155,17.974,1.000,1900.000,28.286,13.465,1.156
579.700,6.130,1.000,4.903,9.218,17.969,1.000,1900.000,27.611,13.509,2.298
579.800,6.230,1.000,3.314,9.291,17.964,1.000,1900.000,27.827,13.522,1.021
579.900,6.330,1.000,0.248,9.394,17.955,1.000,1900.000,28.294,13.558,1.150
580.000,6.430,1.000,-3.353,9.511,17.943,1.000,1900.000,29.014,13.619,0.780
580.100,6.530,1.000,-3.883,9.606,17.929,1.000,1900.000,29.276,13.605,0.637
580.200,6.630,1.000,-3.308,9.688,17.916,1.000,1900.000,29.074,13.517,0.529
580.300,6.730,1.000,1.098,9.757,17.905,1.000,1900.000,28.530,13.431,-0.062
580.400,6.830,1.000,6.882,9.810,17.903,1.000,1900.000,27.754,13.345,1.310
580.500,6.930,1.000,7.026,9.871,17.907,1.000,1900.000,27.722,13.401,0.220
580.600,7.030,1.000,5.140,9.953,17.908,1.000,1900.000,28.191,13.551,1.004
580.700,7.130,1.000,5.538,10.047,17.902,1.000,1900.000,28.510,13.492,1.044
580.800,7.230,1.000,6.759,10.142,17.885,1.000,1900.000,28.726,13.291,0.571
580.900,7.330,1.000,6.449,10.236,17.863,1.000,1900.000,29.004,13.184,1.464
581.000,7.430,1.000,5.585,10.320,17.839,1.000,1900.000,29.343,13.171,1.310
581.100,7.530,1.000,5.093,10.386,17.813,1.000,1900.000,29.205,13.319,0.468
581.200,7.630,1.000,4.735,10.446,17.791,1.000,1900.000,28.581,13.628,1.174
581.300,7.730,1.000,4.474,10.484,17.775,1.000,1900.000,27.984,13.717,0.037
581.400,7.830,1.000,4.247,10.505,17.769,1.000,1900.000,27.412,13.577,0.417
581.500,7.930,1.000,5.741,10.535,17.770,1.000,1900.000,27.157,13.519,-0.092
581.600,8.030,1.000,7.854,10.567,17.771,1.000,1900.000,27.223,13.545,0.961
581.700,8.130,1.000,7.468,10.612,17.767,1.000,1900.000,27.192,13.483,0.526
581.800,8.230,1.000,6.184,10.659,17.760,1.000,1900.000,27.095,13.361,-0.114
581.900,8.330,1.000,4.896,10.700,17.746,1.000,1900.000,27.556,13.247,0.796
582.000,8.430,1.000,3.606,10.755,17.728,1.000,1900.000,28.392,13.137,0.256
582.100,8.530,1.000,4.827,10.796,17.711,1.000,1900.000,27.939,13.241,0.441
582.200,8.630,1.000,6.952,10.824,17.699,1.000,1900.000,26.616,13.489,-0.158
582.300,8.730,1.000,6.779,10.862,17.692,1.000,1900.000,25.954,13.570,0.712
582.400,8.830,1.000,5.779,10.906,17.684,1.000,1900.000,25.961,13.482,-0.347
582.500,8.930,1.000,5.100,10.940,17.675,1.000,1900.000,26.226,13.474,-0.588
582.600,9.030,1.000,4.536,10.958,17.663,1.000,1900.000,26.665,13.520,-0.430
582.700,9.130,1.000,5.422,10.973,17.654,1.000,1900.000,26.951,13.577,0.249
582.800,9.230,1.000,6.829,10.991,17.646,1.000,1900.000,27.080,13.647,-0.541
582.900,9.330,1.000,8.069,11.000,17.638,1.000,1900.000,27.272,13.657,-0.111
583.000,9.430,1.000,9.248,11.022,17.626,1.000,1900.000,27.528,13.607,0.331
583.100,9.530,1.000,9.138,11.072,17.606,1.000,1900.000,28.005,13.582,0.522
583.200,9.630,1.000,8.565,11.094,17.579,1.000,1900.000,28.630,13.573,0.167
583.300,9.730,1.000,8.524,11.099,17.555,1.000,1900.000,28.018,13.559,0.285
583.400,9.830,1.000,8.674,11.090,17.542,1.000,1900.000,26.568,13.542,-0.482
583.500,9.930,1.000,8.069,11.084,17.536,1.000,1900.000,26.086,13.598,0.133
583.600,10.030,1.000,7.192,11.073,17.528,1.000,1900.000,26.257,13.703,0.059
583.700,10.130,1.000,6.891,11.066,17.522,1.000,1900.000,26.078,13.698,0.407
583.800,10.230,1.000,6.798,11.065,17.518,1.000,1900.000,25.664,13.617,0.079
583.900,10.330,1.000,6.686,11.058,17.517,1.000,1900.000,25.192,13.634,-0.534
584.000,10.430,1.000,6.568,11.049,17.523,1.000,1900.000,24.664,13.750,-0.253
584.100,10.530,1.000,7.373,11.065,17.530,1.000,1900.000,24.848,13.681,-0.819
584.200,10.630,1.000,8.511,11.100,17.528,1.000,1900.000,25.756,13.423,0.323
584.300,10.730,1.000,8.892,11.129,17.521,1.000,1900.000,26.144,13.374,-1.045
584.400,10.830,1.000,9.000,11.156,17.512,1.000,1900.000,26.005,13.538,0.292
584.500,10.930,1.000,8.412,11.180,17.504,1.000,1900.000,26.038,13.718,0.289
584.600,11.030,1.000,7.573,11.188,17.494,1.000,1900.000,26.187,13.907,-0.332
584.700,11.130,3.000,7.340,11.151,17.483,,1438.616,29.488,13.371,-1.147
584.800,11.230,3.000,7.325,11.025,17.477,,1000.000,34.923,12.343,-1.270
584.900,11.330,3.000,7.685,10.782,17.485,,1000.000,34.640,12.094,-1.689
585.000,11.430,3.000,8.179,10.313,17.527,,1000.000,30.494,12.372,-3.400
585.100,11.530,3.000,7.195,9.432,17.630,,1000.000,23.019,13.001,-2.122
585.200,11.630,3.000,5.678,8.329,17.778,,1000.000,12.172,13.985,-1.396
585.300,11.730,3.000,1.596,7.233,17.937,,1000.000,7.280,14.437,-1.028
585.400,11.830,3.000,-3.409,6.247,18.078,,1000.000,8.419,14.349,-0.132
585.500,11.930,3.000,-5.069,5.445,18.182,,1000.000,12.393,14.156,0.261
585.600,12.030,3.000,-5.524,4.781,18.245,,1000.000,19.241,13.856,0.067
585.700,12.130,3.000,-5.726,4.142,18.272,,1000.000,25.344,13.319,0.011
585.800,12.230,3.000,-5.838,3.433,18.274,,1000.000,30.693,12.541,-1.096
585.900,12.330,3.000,-5.193,2.593,18.258,,1000.000,34.087,12.139,-0.632
586.000,12.430,3.000,-4.275,1.715,18.231,,1000.000,36.161,11.989,-1.378
586.100,12.530,3.000,-4.693,0.854,18.194,,1000.000,36.023,12.176,-0.656
586.200,12.630,3.000,-5.593,0.263,18.149,,1000.000,34.391,12.589,-0.873
586.300,12.730,3.000,-5.137,0.751,18.097,,1000.000,33.403,12.884,-0.973
586.400,12.830,3.000,-4.192,1.357,18.043,,1000.000,32.849,13.100,-0.523
586.500,12.930,3.000,-3.462,1.868,17.992,,1000.000,32.780,13.011,0.151
586.600,13.030,3.000,-2.809,2.256,17.949,,1000.000,33.202,12.615,0.398
586.700,13.130,3.000,-3.903,2.553,17.917,,1000.000,33.011,12.436,-0.424
586.800,13.230,3.000,-5.626,2.762,17.899,,1000.000,32.198,12.475,-0.120
586.900,13.330,3.000,-5.964,2.878,17.900,,1000.000,30.689,12.562,-0.434
587.000,13.430,3.000,-5.800,2.924,17.918,,1000.000,28.475,12.699,0.302
587.100,13.530,3.000,-5.784,2.910,17.951,,1000.000,26.181,12.926,-0.244
587.200,13.630,3.000,-5.822,2.842,17.997,,1000.000,23.808,13.244,-0.233
587.300,13.730,3.000,-5.720,2.735,18.054,,1000.000,21.839,13.300,0.087
587.400,13.830,3.000,-5.569,2.590,18.116,,1000.000,20.282,13.087,0.320
587.500,13.930,3.000,-5.471,2.428,18.177,,1000.000,19.800,13.173,0.484
587.600,14.030,3.000,-5.392,2.263,18.235,,1000.000,20.042,13.460,-0.052
587.700,14.130,3.000,-5.266,2.088,18.289,,1000.000,20.249,13.474,0.148
587.800,14.230,3.000,-5.122,1.917,18.337,,1000.000,20.431,13.305,-0.240
587.900,14.330,3.000,-4.816,1.747,18.379,,1000.000,20.499,13.282,-0.093
588.000,14.430,3.000,-4.452,1.582,18.416,,1000.000,20.491,13.358,-0.025
588.100,14.530,3.000,-4.056,1.435,18.449,,1000.000,20.549,13.393,-0.244
588.200,14.630,3.000,-3.648,1.285,18.477,,1000.000,20.675,13.386,0.192
588.300,14.730,3.000,-3.640,1.132,18.502,,1000.000,20.727,13.376,-0.223
588.400,14.830,3.000,-3.777,0.984,18.524,,1000.000,20.702,13.364,-0.380
588.500,14.930,3.000,-4.500,0.841,18.544,,1000.000,20.868,13.441,-0.369
588.600,15.030,3.000,-5.435,0.711,18.562,,1000.000,21.226,13.610,0.077
588.700,15.130,3.000,-5.701,0.587,18.576,,1000.000,21.761,13.736,-0.111
588.800,15.230,3.000,-5.726,0.475,18.588,,1000.000,22.415,13.833,0.065
588.900,15.330,3.000,-5.874,0.384,18.596,,1000.000,22.285,13.767,-0.127
589.000,15.430,3.000,-6.068,0.319,18.602,,1000.000,21.626,13.593,-0.200
589.100,15.530,3.000,-5.764,0.289,18.607,,1000.000,21.746,13.526,-0.644
589.200,15.630,3.000,-5.281,0.278,18.611,,1000.000,22.394,13.533,-0.174
589.300,15.730,3.000,-5.682,0.250,18.616,,1000.000,22.433,13.468,-0.647
589.400,15.830,3.000,-6.401,0.219,18.621,,1000.000,21.854,13.330,-0.314
589.500,15.930,3.000,-6.143,0.181,18.625,,1000.000,21.403,13.243,-0.455
589.600,16.030,3.000,-5.533,0.142,18.631,,1000.000,21.081,13.206,-0.269
589.700,16.130,3.000,-5.937,0.120,18.637,,1000.000,21.020,13.226,-0.802
589.800,16.230,3.000,-6.706,0.110,18.645,,1000.000,21.225,13.305,-0.738
589.900,16.330,3.000,-6.208,0.116,18.654,,1000.000,21.044,13.359,-0.366
590.000,16.430,3.000,-5.252,0.139,18.666,,1000.000,20.468,13.389,-0.382
