t,phase,sp_mode,east,north,up,mode,armed,vtol_state
1785091078.4714959,arm,hold,0.01,-0.01,-0.36,AUTO.LOITER,False,3
1785091081.9684596,arm,hold,0.02,-0.01,-0.35,AUTO.LOITER,False,3
1785091082.0714583,arm,hold,0.02,-0.01,-0.35,AUTO.LOITER,False,3
1785091082.2713506,arm,hold,0.02,-0.01,-0.35,AUTO.LOITER,False,3
1785091082.4717367,takeoff,hold,0.03,-0.01,-0.35,AUTO.LOITER,True,3
1785091082.6714513,takeoff,hold,0.03,-0.01,-0.35,AUTO.LOITER,True,3
1785091082.8721085,takeoff,hold,0.03,-0.01,-0.35,AUTO.LOITER,True,3
1785091083.0717824,takeoff,hold,0.04,-0.01,-0.35,AUTO.LOITER,True,3
1785091083.2713847,takeoff,hold,0.04,-0.01,-0.35,AUTO.LOITER,True,3
1785091083.4713397,takeoff,hold,0.03,-0.01,-0.35,AUTO.TAKEOFF,True,3
1785091083.6723049,takeoff,hold,0.03,-0.0,-0.34,AUTO.TAKEOFF,True,3
1785091083.8718512,takeoff,hold,0.03,0.0,-0.34,AUTO.TAKEOFF,True,3
1785091084.071941,takeoff,hold,0.02,0.01,-0.34,AUTO.TAKEOFF,True,3
1785091084.2718525,takeoff,hold,0.02,0.01,-0.34,AUTO.TAKEOFF,True,3
1785091084.47223,takeoff,hold,0.02,0.02,-0.34,AUTO.TAKEOFF,True,3
1785091084.671674,takeoff,hold,0.02,0.02,-0.34,AUTO.TAKEOFF,True,3
1785091084.8718545,takeoff,hold,0.01,0.02,-0.35,AUTO.TAKEOFF,True,3
1785091085.071816,takeoff,hold,0.01,0.02,-0.35,AUTO.TAKEOFF,True,3
1785091085.2715552,takeoff,hold,0.01,0.02,-0.34,AUTO.TAKEOFF,True,3
1785091085.471965,takeoff,hold,0.01,0.02,-0.31,AUTO.TAKEOFF,True,3
1785091085.672248,takeoff,hold,0.02,0.01,-0.25,AUTO.TAKEOFF,True,3
1785091085.872054,takeoff,hold,0.05,0.0,-0.14,AUTO.TAKEOFF,True,3
1785091086.0717056,takeoff,hold,0.07,-0.01,0.01,AUTO.TAKEOFF,True,3
1785091086.2716153,takeoff,hold,0.09,-0.03,0.19,AUTO.TAKEOFF,True,3
1785091086.4715114,takeoff,hold,0.12,-0.05,0.4,AUTO.TAKEOFF,True,3
1785091086.6714125,takeoff,hold,0.14,-0.08,0.63,AUTO.TAKEOFF,True,3
1785091086.8719895,takeoff,hold,0.15,-0.1,0.89,AUTO.TAKEOFF,True,3
1785091087.0718856,takeoff,hold,0.14,-0.1,1.17,AUTO.TAKEOFF,True,3
1785091087.272074,takeoff,hold,0.12,-0.1,1.47,AUTO.TAKEOFF,True,3
1785091087.471402,takeoff,hold,0.09,-0.07,1.77,AUTO.TAKEOFF,True,3
1785091087.671507,takeoff,hold,0.07,-0.04,2.07,AUTO.TAKEOFF,True,3
1785091087.871347,takeoff,hold,0.06,-0.02,2.37,AUTO.TAKEOFF,True,3
1785091088.0721586,takeoff,hold,0.07,-0.02,2.68,AUTO.TAKEOFF,True,3
1785091088.271359,takeoff,hold,0.09,-0.03,2.98,AUTO.TAKEOFF,True,3
1785091088.4717607,takeoff,hold,0.11,-0.04,3.27,AUTO.TAKEOFF,True,3
1785091088.6714427,takeoff,hold,0.12,-0.05,3.58,AUTO.TAKEOFF,True,3
1785091088.871495,takeoff,hold,0.11,-0.05,3.88,AUTO.TAKEOFF,True,3
1785091089.0712929,takeoff,hold,0.09,-0.04,4.19,AUTO.TAKEOFF,True,3
1785091089.2711852,takeoff,hold,0.06,-0.02,4.51,AUTO.TAKEOFF,True,3
1785091089.4719038,takeoff,hold,0.04,-0.0,4.77,AUTO.TAKEOFF,True,3
1785091089.6713493,takeoff,hold,0.02,0.02,5.09,AUTO.TAKEOFF,True,3
1785091089.871309,takeoff,hold,0.03,0.02,5.41,AUTO.TAKEOFF,True,3
1785091090.0712013,takeoff,hold,0.04,0.02,5.73,AUTO.TAKEOFF,True,3
1785091090.2710824,takeoff,hold,0.06,0.01,6.04,AUTO.TAKEOFF,True,3
1785091090.4713032,takeoff,hold,0.08,-0.0,6.36,AUTO.TAKEOFF,True,3
1785091090.6731334,takeoff,hold,0.09,-0.01,6.68,AUTO.TAKEOFF,True,3
1785091090.8713694,takeoff,hold,0.08,-0.0,7.0,AUTO.TAKEOFF,True,3
1785091091.0711427,takeoff,hold,0.06,0.0,7.32,AUTO.TAKEOFF,True,3
1785091091.2715864,takeoff,hold,0.04,0.01,7.64,AUTO.TAKEOFF,True,3
1785091091.471251,takeoff,hold,0.03,0.02,7.97,AUTO.TAKEOFF,True,3
1785091091.673696,takeoff,hold,0.02,0.03,8.3,AUTO.TAKEOFF,True,3
1785091091.8718953,takeoff,hold,0.03,0.04,8.62,AUTO.TAKEOFF,True,3
1785091092.0729864,takeoff,hold,0.05,0.04,8.94,AUTO.TAKEOFF,True,3
1785091092.2713695,takeoff,hold,0.06,0.03,9.27,AUTO.TAKEOFF,True,3
1785091092.4713433,takeoff,hold,0.07,0.02,9.59,AUTO.TAKEOFF,True,3
1785091092.6726434,takeoff,hold,0.07,0.01,9.91,AUTO.TAKEOFF,True,3
1785091092.8713691,takeoff,hold,0.06,0.01,10.26,AUTO.TAKEOFF,True,3
1785091093.0714853,takeoff,hold,0.05,0.01,10.69,AUTO.TAKEOFF,True,3
1785091093.2720416,takeoff,hold,0.04,0.01,11.22,AUTO.TAKEOFF,True,3
1785091093.471783,takeoff,hold,0.03,0.02,11.82,AUTO.TAKEOFF,True,3
1785091093.6713357,takeoff,hold,0.03,0.02,12.42,AUTO.TAKEOFF,True,3
1785091093.8717434,takeoff,hold,0.04,0.02,13.0,AUTO.TAKEOFF,True,3
1785091094.0719213,takeoff,hold,0.05,0.01,13.54,AUTO.TAKEOFF,True,3
1785091094.2714047,takeoff,hold,0.05,-0.0,14.09,AUTO.TAKEOFF,True,3
1785091094.4713182,takeoff,hold,0.05,-0.01,14.66,AUTO.TAKEOFF,True,3
1785091094.6715693,takeoff,hold,0.04,-0.02,15.25,AUTO.TAKEOFF,True,3
1785091094.8714895,takeoff,hold,0.03,-0.02,15.85,AUTO.TAKEOFF,True,3
1785091095.0713663,takeoff,hold,0.03,-0.02,16.46,AUTO.TAKEOFF,True,3
1785091095.271897,takeoff,hold,0.03,-0.01,17.06,AUTO.TAKEOFF,True,3
1785091095.4714696,takeoff,hold,0.04,-0.01,17.65,AUTO.TAKEOFF,True,3
1785091095.6721246,takeoff,hold,0.04,-0.01,18.23,AUTO.TAKEOFF,True,3
1785091095.871349,takeoff,hold,0.03,-0.01,18.82,AUTO.TAKEOFF,True,3
1785091096.0712702,takeoff,hold,0.02,-0.0,19.42,AUTO.TAKEOFF,True,3
1785091096.2713654,takeoff,hold,0.01,-0.0,20.03,AUTO.TAKEOFF,True,3
1785091096.471452,takeoff,hold,0.01,-0.01,20.65,AUTO.TAKEOFF,True,3
1785091096.6712513,takeoff,hold,0.02,-0.01,21.26,AUTO.TAKEOFF,True,3
1785091096.8713744,takeoff,hold,0.03,-0.02,21.85,AUTO.TAKEOFF,True,3
1785091097.0718195,takeoff,hold,0.04,-0.02,22.43,AUTO.TAKEOFF,True,3
1785091097.2712138,takeoff,hold,0.04,-0.03,23.02,AUTO.TAKEOFF,True,3
1785091097.4717705,takeoff,hold,0.03,-0.03,23.62,AUTO.TAKEOFF,True,3
1785091097.6716926,takeoff,hold,0.01,-0.03,24.24,AUTO.TAKEOFF,True,3
1785091097.8710568,takeoff,hold,0.01,-0.02,24.86,AUTO.TAKEOFF,True,3
1785091098.0710747,takeoff,hold,0.02,-0.02,25.47,AUTO.TAKEOFF,True,3
1785091098.2710536,takeoff,hold,0.03,-0.02,26.07,AUTO.TAKEOFF,True,3
1785091098.4710963,takeoff,hold,0.04,-0.02,26.65,AUTO.TAKEOFF,True,3
1785091098.6710994,takeoff,hold,0.05,-0.03,27.24,AUTO.TAKEOFF,True,3
1785091098.8714852,takeoff,hold,0.04,-0.03,27.84,AUTO.TAKEOFF,True,3
1785091099.0711596,takeoff,hold,0.03,-0.04,28.45,AUTO.TAKEOFF,True,3
1785091099.2711313,takeoff,hold,0.02,-0.03,29.07,AUTO.TAKEOFF,True,3
1785091099.4712403,takeoff,hold,0.02,-0.03,29.68,AUTO.TAKEOFF,True,3
1785091099.6728354,takeoff,hold,0.02,-0.02,30.29,AUTO.TAKEOFF,True,3
1785091099.8720665,takeoff,hold,0.03,-0.02,30.79,AUTO.TAKEOFF,True,3
1785091100.0716326,takeoff,hold,0.03,-0.02,31.38,AUTO.TAKEOFF,True,3
1785091100.2718623,takeoff,hold,0.03,-0.02,31.96,AUTO.TAKEOFF,True,3
1785091100.4714892,takeoff,hold,0.01,-0.03,32.56,AUTO.TAKEOFF,True,3
1785091100.6729758,takeoff,hold,-0.0,-0.03,33.18,AUTO.TAKEOFF,True,3
1785091100.8713884,takeoff,hold,-0.01,-0.03,33.77,AUTO.TAKEOFF,True,3
1785091101.0715413,takeoff,hold,-0.01,-0.02,34.38,AUTO.TAKEOFF,True,3
1785091101.272241,takeoff,hold,-0.01,-0.02,34.99,AUTO.TAKEOFF,True,3
1785091101.4712274,takeoff,hold,0.0,-0.01,35.58,AUTO.TAKEOFF,True,3
1785091101.6716607,takeoff,hold,0.01,-0.01,36.17,AUTO.TAKEOFF,True,3
1785091101.8713667,takeoff,hold,0.01,-0.01,36.76,AUTO.TAKEOFF,True,3
1785091102.07138,takeoff,hold,-0.0,-0.0,37.36,AUTO.TAKEOFF,True,3
1785091102.2715085,takeoff,hold,-0.01,0.01,37.98,AUTO.TAKEOFF,True,3
1785091102.4711623,takeoff,hold,-0.01,0.01,38.6,AUTO.TAKEOFF,True,3
1785091102.6711564,takeoff,hold,-0.01,0.01,39.21,AUTO.TAKEOFF,True,3
1785091102.8712738,takeoff,hold,0.01,0.01,39.8,AUTO.TAKEOFF,True,3
1785091103.0712438,takeoff,hold,0.02,0.01,40.38,AUTO.TAKEOFF,True,3
1785091103.2712202,takeoff,hold,0.02,0.0,40.97,AUTO.TAKEOFF,True,3
1785091103.4716585,takeoff,hold,0.02,-0.0,41.56,AUTO.TAKEOFF,True,3
1785091103.6717892,takeoff,hold,0.01,-0.01,42.17,AUTO.TAKEOFF,True,3
1785091103.8721669,takeoff,hold,0.0,-0.02,42.79,AUTO.TAKEOFF,True,3
1785091104.0715282,takeoff,hold,-0.0,-0.01,43.4,AUTO.TAKEOFF,True,3
1785091104.271655,takeoff,hold,0.0,-0.01,43.98,AUTO.TAKEOFF,True,3
1785091104.471492,takeoff,hold,0.01,-0.01,44.47,AUTO.TAKEOFF,True,3
1785091104.6721196,takeoff,hold,0.01,-0.01,44.85,AUTO.TAKEOFF,True,3
1785091104.8718872,mc_offboard,hold,0.01,-0.01,45.29,AUTO.TAKEOFF,True,3
1785091105.071908,mc_offboard,hold,0.01,-0.01,45.7,AUTO.TAKEOFF,True,3
1785091105.2716613,mc_offboard,hold,0.0,-0.01,46.1,AUTO.TAKEOFF,True,3
1785091105.471648,mc_offboard,hold,-0.0,-0.0,46.46,AUTO.TAKEOFF,True,3
1785091105.6717393,mc_offboard,hold,-0.0,0.01,46.8,AUTO.TAKEOFF,True,3
1785091105.8715723,mc_offboard,hold,0.0,0.01,47.1,AUTO.TAKEOFF,True,3
1785091106.0715413,mc_offboard,hold,0.01,0.02,47.36,AUTO.TAKEOFF,True,3
1785091106.2715437,mc_offboard,hold,0.01,0.02,47.61,AUTO.TAKEOFF,True,3
1785091106.4720767,mc_offboard,hold,0.01,0.02,47.84,AUTO.TAKEOFF,True,3
1785091106.6717746,mc_offboard,hold,0.01,0.02,48.01,AUTO.TAKEOFF,True,3
1785091106.8711307,mc_offboard,hold,0.01,0.02,48.24,AUTO.TAKEOFF,True,3
1785091107.0715249,mc_offboard,hold,0.01,0.02,48.49,AUTO.TAKEOFF,True,3
1785091107.2715046,mc_offboard,hold,-0.01,0.01,48.95,AUTO.TAKEOFF,True,3
1785091107.4718304,mc_offboard,hold,-0.02,0.0,49.18,AUTO.TAKEOFF,True,3
1785091107.6718404,mc_offboard,hold,-0.02,-0.01,49.38,OFFBOARD,True,3
1785091107.872114,mc_offboard,hold,-0.02,-0.02,49.53,OFFBOARD,True,3
1785091108.0718153,mc_offboard,hold,-0.02,-0.03,49.63,OFFBOARD,True,3
1785091108.2722242,mc_offboard,hold,-0.02,-0.03,49.72,OFFBOARD,True,3
1785091108.4717996,mc_offboard,hold,-0.01,-0.03,49.79,OFFBOARD,True,3
1785091108.6717768,mc_offboard,hold,-0.0,-0.03,49.85,OFFBOARD,True,3
1785091108.87135,mc_offboard,hold,0.0,-0.03,49.89,OFFBOARD,True,3
1785091109.0717494,mc_offboard,hold,-0.0,-0.02,49.93,OFFBOARD,True,3
1785091109.272445,mc_offboard,hold,-0.01,-0.02,49.95,OFFBOARD,True,3
1785091109.471767,mc_offboard,hold,-0.01,-0.01,49.98,OFFBOARD,True,3
1785091109.6713305,mc_offboard,hold,-0.02,-0.01,50.0,OFFBOARD,True,3
1785091109.8715262,mc_offboard,hold,-0.01,0.0,50.02,OFFBOARD,True,3
1785091110.0716975,mc_offboard,hold,-0.01,0.01,50.03,OFFBOARD,True,3
1785091110.271745,mc_offboard,hold,0.0,0.02,50.04,OFFBOARD,True,3
1785091110.472144,mc_offboard,hold,0.01,0.02,50.05,OFFBOARD,True,3
1785091110.6714494,mc_offboard,hold,0.02,0.03,50.06,OFFBOARD,True,3
1785091110.8714385,mc_offboard,hold,0.03,0.02,50.06,OFFBOARD,True,3
1785091111.071257,mc_offboard,hold,0.02,0.02,50.07,OFFBOARD,True,3
1785091111.2712862,mc_offboard,hold,0.02,0.01,50.07,OFFBOARD,True,3
1785091111.4712975,mc_offboard,hold,0.01,0.0,50.07,OFFBOARD,True,3
1785091111.6714416,mc_offboard,hold,0.01,-0.0,50.08,OFFBOARD,True,3
1785091111.8714247,mc_offboard,hold,0.0,-0.0,50.08,OFFBOARD,True,3
1785091112.071749,mc_offboard,hold,0.01,0.0,50.08,OFFBOARD,True,3
1785091112.2713962,mc_offboard,hold,0.02,0.01,50.09,OFFBOARD,True,3
1785091112.4714735,mc_offboard,hold,0.03,0.01,50.09,OFFBOARD,True,3
1785091112.6714242,transition,hold,0.03,0.01,50.1,OFFBOARD,True,3
1785091112.871629,transition,hold,0.03,0.01,50.1,OFFBOARD,True,1
1785091113.0728421,transition,hold,0.04,0.01,50.11,OFFBOARD,True,1
1785091113.2715487,transition,hold,0.07,-0.0,50.12,OFFBOARD,True,1
1785091113.4717066,transition,hold,0.16,-0.01,50.12,OFFBOARD,True,1
1785091113.6714563,transition,hold,0.33,-0.02,50.13,OFFBOARD,True,1
1785091113.8720164,transition,hold,0.63,-0.03,50.15,OFFBOARD,True,1
1785091114.0716274,transition,hold,1.1,-0.05,50.19,OFFBOARD,True,1
1785091117.2105234,transition,hold,1.54,-0.06,50.21,OFFBOARD,True,1
1785091117.2713492,transition,hold,1.79,-0.06,50.23,OFFBOARD,True,1
1785091117.471498,transition,hold,2.78,-0.07,50.27,OFFBOARD,True,1
1785091117.671432,transition,hold,4.1,-0.08,50.32,OFFBOARD,True,1
1785091117.8721304,transition,hold,5.84,-0.09,50.36,OFFBOARD,True,1
1785091118.0721185,transition,hold,8.06,-0.1,50.4,OFFBOARD,True,1
1785091118.2718267,transition,hold,10.84,-0.12,50.31,OFFBOARD,True,4
1785091118.471644,transition,hold,14.08,-0.15,50.03,OFFBOARD,True,4
1785091118.6717002,transition,hold,17.63,-0.13,49.6,OFFBOARD,True,4
1785091118.871842,transition,hold,21.32,0.14,49.27,OFFBOARD,True,4
1785091119.0717053,transition,hold,24.95,0.92,49.13,OFFBOARD,True,4
1785091119.271406,transition,hold,28.34,2.29,49.11,OFFBOARD,True,4
1785091119.4722307,transition,hold,31.35,4.19,49.14,OFFBOARD,True,4
1785091119.6714602,transition,hold,33.94,6.49,49.17,OFFBOARD,True,4
1785091119.8717046,transition,hold,36.15,9.08,49.16,OFFBOARD,True,4
1785091120.0721676,transition,hold,38.02,11.87,49.08,OFFBOARD,True,4
1785091120.271894,transition,hold,39.61,14.8,48.92,OFFBOARD,True,4
1785091120.4714787,transition,hold,40.96,17.85,48.69,OFFBOARD,True,4
1785091120.6716645,transition,hold,42.07,20.87,48.42,OFFBOARD,True,4
1785091120.8716688,transition,hold,43.08,24.09,48.1,OFFBOARD,True,4
1785091121.071538,transition,hold,43.96,27.39,47.77,OFFBOARD,True,4
1785091121.2721286,pos_vel,pos_vel,44.73,30.75,47.47,OFFBOARD,True,4
1785091121.4718869,pos_vel,pos_vel,45.42,34.15,47.22,OFFBOARD,True,4
1785091121.6715515,pos_vel,pos_vel,46.03,37.57,47.08,OFFBOARD,True,4
1785091121.872014,pos_vel,pos_vel,46.61,40.98,47.09,OFFBOARD,True,4
1785091122.0717902,pos_vel,pos_vel,47.24,44.34,47.26,OFFBOARD,True,4
1785091122.2857544,pos_vel,pos_vel,48.03,47.61,47.54,OFFBOARD,True,4
1785091122.4718256,pos_vel,pos_vel,49.09,50.75,47.89,OFFBOARD,True,4
1785091122.6714997,pos_vel,pos_vel,50.5,53.72,48.2,OFFBOARD,True,4
1785091122.8725114,pos_vel,pos_vel,52.27,56.48,48.36,OFFBOARD,True,4
1785091123.0721087,pos_vel,pos_vel,54.38,59.02,48.32,OFFBOARD,True,4
1785091123.2721086,pos_vel,pos_vel,56.81,61.33,48.05,OFFBOARD,True,4
1785091123.4720423,pos_vel,pos_vel,59.53,63.4,47.55,OFFBOARD,True,4
1785091123.671989,pos_vel,pos_vel,62.49,65.24,46.84,OFFBOARD,True,4
1785091123.8715212,pos_vel,pos_vel,65.55,66.79,46.0,OFFBOARD,True,4
1785091124.0718443,pos_vel,pos_vel,68.91,68.18,44.98,OFFBOARD,True,4
1785091124.2713103,pos_vel,pos_vel,72.48,69.38,43.85,OFFBOARD,True,4
1785091124.471881,pos_vel,pos_vel,76.25,70.32,42.66,OFFBOARD,True,4
1785091124.6715024,pos_vel,pos_vel,80.25,70.89,41.48,OFFBOARD,True,4
1785091124.874175,pos_vel,pos_vel,84.45,70.95,40.39,OFFBOARD,True,4
1785091125.0714538,pos_vel,pos_vel,88.76,70.33,39.46,OFFBOARD,True,4
1785091125.2715611,pos_vel,pos_vel,93.0,68.93,38.78,OFFBOARD,True,4
1785091125.4716046,pos_vel,pos_vel,96.97,66.77,38.49,OFFBOARD,True,4
1785091125.6714709,pos_vel,pos_vel,100.47,64.03,38.71,OFFBOARD,True,4
1785091125.8719678,pos_vel,pos_vel,103.45,61.01,39.51,OFFBOARD,True,4
1785091126.0712752,pos_vel,pos_vel,105.99,58.07,40.86,OFFBOARD,True,4
1785091126.2716672,pos_vel,pos_vel,108.27,55.44,42.59,OFFBOARD,True,4
1785091126.4717352,pos_vel,pos_vel,110.46,53.21,44.45,OFFBOARD,True,4
1785091126.6715255,pos_vel,pos_vel,112.7,51.29,46.24,OFFBOARD,True,4
1785091126.8715136,pos_vel,pos_vel,115.03,49.57,47.8,OFFBOARD,True,4
1785091127.0722914,pos_vel,pos_vel,117.43,47.96,49.05,OFFBOARD,True,4
1785091127.2717607,pos_vel,pos_vel,119.88,46.39,49.97,OFFBOARD,True,4
1785091127.4713178,pos_vel,pos_vel,122.35,44.84,50.57,OFFBOARD,True,4
1785091127.671402,pos_vel,pos_vel,124.84,43.26,50.84,OFFBOARD,True,4
1785091127.8718355,pos_vel,pos_vel,127.35,41.64,50.81,OFFBOARD,True,4
1785091128.076005,pos_vel,pos_vel,129.88,39.96,50.47,OFFBOARD,True,4
1785091128.2714958,pos_vel,pos_vel,132.44,38.2,49.87,OFFBOARD,True,4
1785091128.4715743,pos_vel,pos_vel,134.63,36.65,49.21,OFFBOARD,True,4
1785091128.671363,pos_vel,pos_vel,137.33,34.75,48.36,OFFBOARD,True,4
1785091128.8715298,pos_vel,pos_vel,140.18,32.84,47.51,OFFBOARD,True,4
1785091129.071767,pos_vel,pos_vel,143.25,30.99,46.71,OFFBOARD,True,4
1785091129.2716153,pos_vel,pos_vel,146.57,29.31,45.96,OFFBOARD,True,4
1785091129.4715886,pos_vel,pos_vel,150.13,27.86,45.31,OFFBOARD,True,4
1785091129.671931,pos_vel,pos_vel,153.89,26.72,44.82,OFFBOARD,True,4
1785091129.8715575,pos_vel,pos_vel,157.79,25.95,44.55,OFFBOARD,True,4
1785091130.0718088,pos_vel,pos_vel,161.72,25.57,44.58,OFFBOARD,True,4
1785091130.2714128,pos_vel,pos_vel,165.56,25.53,44.92,OFFBOARD,True,4
1785091130.4718282,pos_vel,pos_vel,169.21,25.75,45.58,OFFBOARD,True,4
1785091130.6711912,pos_vel,pos_vel,172.61,26.12,46.49,OFFBOARD,True,4
1785091130.8716044,pos_vel,pos_vel,175.74,26.51,47.56,OFFBOARD,True,4
1785091131.0723739,pos_vel,pos_vel,178.66,26.83,48.68,OFFBOARD,True,4
1785091131.2712607,pos_vel,pos_vel,181.41,27.05,49.76,OFFBOARD,True,4
1785091131.4716246,pos_vel,pos_vel,184.06,27.17,50.7,OFFBOARD,True,4
1785091131.6715233,pos_vel,pos_vel,186.66,27.21,51.47,OFFBOARD,True,4
1785091131.8717575,pos_vel,pos_vel,189.23,27.19,52.02,OFFBOARD,True,4
1785091132.0722575,pos_vel,pos_vel,191.81,27.14,52.35,OFFBOARD,True,4
1785091132.271372,pos_vel,pos_vel,194.42,27.11,52.45,OFFBOARD,True,4
1785091132.4713356,pos_vel,pos_vel,197.07,27.1,52.33,OFFBOARD,True,4
1785091132.6711273,pos_vel,pos_vel,199.78,27.13,52.03,OFFBOARD,True,4
1785091132.8710983,pos_vel,pos_vel,202.56,27.23,51.58,OFFBOARD,True,4
1785091133.073338,pos_vel,pos_vel,205.42,27.42,51.05,OFFBOARD,True,4
1785091133.2717118,pos_vel,pos_vel,208.37,27.69,50.52,OFFBOARD,True,4
1785091133.471591,pos_vel,pos_vel,211.41,28.02,50.08,OFFBOARD,True,4
1785091133.6714373,pos_vel,pos_vel,214.51,28.37,49.76,OFFBOARD,True,4
1785091133.8714385,pos_vel,pos_vel,217.66,28.69,49.59,OFFBOARD,True,4
1785091134.07152,pos_vel,pos_vel,220.82,28.96,49.54,OFFBOARD,True,4
1785091134.271681,pos_vel,pos_vel,223.98,29.16,49.62,OFFBOARD,True,4
1785091134.471685,pos_vel,pos_vel,227.11,29.29,49.78,OFFBOARD,True,4
1785091134.6716359,pos_vel,pos_vel,230.19,29.35,50.03,OFFBOARD,True,4
1785091134.8716626,pos_vel,pos_vel,233.21,29.37,50.32,OFFBOARD,True,4
1785091135.0714831,pos_vel,pos_vel,236.18,29.36,50.66,OFFBOARD,True,4
1785091135.271323,pos_vel,pos_vel,239.07,29.34,51.02,OFFBOARD,True,4
1785091135.4719217,pos_vel,pos_vel,241.46,29.31,51.34,OFFBOARD,True,4
1785091135.671427,pos_vel,pos_vel,244.67,29.28,51.76,OFFBOARD,True,4
1785091135.8713675,pos_vel,pos_vel,247.38,29.26,52.09,OFFBOARD,True,4
1785091136.071513,pos_vel,pos_vel,250.05,29.24,52.38,OFFBOARD,True,4
1785091136.271362,pos_vel,pos_vel,252.67,29.23,52.61,OFFBOARD,True,4
1785091136.4715164,pos_vel,pos_vel,255.28,29.21,52.78,OFFBOARD,True,4
1785091136.671614,pos_vel,pos_vel,257.88,29.19,52.88,OFFBOARD,True,4
1785091136.8716927,pos_vel,pos_vel,260.47,29.17,52.91,OFFBOARD,True,4
1785091137.0721753,pos_vel,pos_vel,263.08,29.14,52.87,OFFBOARD,True,4
1785091137.2713718,pos_vel,pos_vel,265.7,29.1,52.78,OFFBOARD,True,4
1785091137.4714751,pos_vel,pos_vel,268.36,29.05,52.65,OFFBOARD,True,4
1785091137.6714096,pos_vel,pos_vel,271.04,28.99,52.5,OFFBOARD,True,4
1785091137.871348,pos_vel,pos_vel,273.76,28.92,52.33,OFFBOARD,True,4
1785091138.0718224,pos_vel,pos_vel,276.52,28.85,52.16,OFFBOARD,True,4
1785091138.2714407,pos_vel,pos_vel,279.3,28.76,52.0,OFFBOARD,True,4
1785091138.4721758,pos_vel,pos_vel,282.12,28.67,51.87,OFFBOARD,True,4
1785091138.6714559,pos_vel,pos_vel,284.95,28.58,51.77,OFFBOARD,True,4
1785091138.8715491,pos_vel,pos_vel,287.8,28.5,51.71,OFFBOARD,True,4
1785091139.0718102,pos_vel,pos_vel,290.66,28.43,51.68,OFFBOARD,True,4
1785091139.2715528,pos_vel,pos_vel,293.52,28.37,51.69,OFFBOARD,True,4
1785091139.4733357,pos_vel,pos_vel,295.92,28.33,51.72,OFFBOARD,True,4
1785091139.6715312,pos_vel,pos_vel,298.76,28.31,51.78,OFFBOARD,True,4
1785091139.871301,pos_vel,pos_vel,301.59,28.31,51.87,OFFBOARD,True,4
1785091140.0715072,pos_vel,pos_vel,304.39,28.33,51.97,OFFBOARD,True,4
1785091140.2734456,pos_vel,pos_vel,306.63,28.35,52.06,OFFBOARD,True,4
1785091140.4720714,pos_vel,pos_vel,309.4,28.39,52.18,OFFBOARD,True,4
1785091140.67143,pos_vel,pos_vel,312.15,28.43,52.31,OFFBOARD,True,4
1785091140.8716977,pos_vel,pos_vel,314.87,28.48,52.43,OFFBOARD,True,4
1785091141.0719295,pos_vel,pos_vel,317.15,28.52,52.53,OFFBOARD,True,4
1785091141.2715926,pos_vel,pos_vel,320.26,28.59,52.66,OFFBOARD,True,4
1785091141.4718769,pos_vel,pos_vel,322.93,28.64,52.75,OFFBOARD,True,4
1785091141.6718078,pos_vel,pos_vel,325.15,28.68,52.81,OFFBOARD,True,4
1785091141.8728187,pos_vel,pos_vel,327.79,28.72,52.85,OFFBOARD,True,4
1785091142.0717046,pos_vel,pos_vel,330.42,28.77,52.86,OFFBOARD,True,4
1785091142.271527,pos_vel,pos_vel,333.06,28.82,52.85,OFFBOARD,True,4
1785091142.471577,pos_vel,pos_vel,335.71,28.88,52.81,OFFBOARD,True,4
1785091142.6720018,pos_vel,pos_vel,338.37,28.93,52.74,OFFBOARD,True,4
1785091142.8718061,pos_vel,pos_vel,341.05,28.99,52.66,OFFBOARD,True,4
1785091143.0715823,pos_vel,pos_vel,343.75,29.05,52.56,OFFBOARD,True,4
1785091143.271728,pos_vel,pos_vel,346.46,29.12,52.46,OFFBOARD,True,4
1785091143.4720724,pos_vel,pos_vel,349.19,29.18,52.35,OFFBOARD,True,4
1785091143.671594,pos_vel,pos_vel,351.95,29.26,52.24,OFFBOARD,True,4
1785091143.8717918,pos_vel,pos_vel,354.72,29.33,52.15,OFFBOARD,True,4
1785091144.0730555,pos_vel,pos_vel,357.5,29.41,52.07,OFFBOARD,True,4
1785091144.2716346,pos_vel,pos_vel,360.29,29.48,52.01,OFFBOARD,True,4
1785091144.472049,pos_vel,pos_vel,363.09,29.55,51.97,OFFBOARD,True,4
1785091144.6722255,pos_vel,pos_vel,365.89,29.6,51.95,OFFBOARD,True,4
1785091144.8719485,pos_vel,pos_vel,368.7,29.65,51.95,OFFBOARD,True,4
1785091145.0718014,pos_vel,pos_vel,371.5,29.69,51.97,OFFBOARD,True,4
1785091145.2714598,pos_vel,pos_vel,374.3,29.71,52.0,OFFBOARD,True,4
1785091145.4713893,pos_vel,pos_vel,377.09,29.73,52.04,OFFBOARD,True,4
1785091145.6717765,pos_vel,pos_vel,379.75,29.75,52.09,OFFBOARD,True,4
1785091145.8715372,pos_vel,pos_vel,382.52,29.75,52.15,OFFBOARD,True,4
1785091146.0715399,pos_vel,pos_vel,385.28,29.75,52.21,OFFBOARD,True,4
1785091146.2712872,pos_vel,pos_vel,388.03,29.73,52.28,OFFBOARD,True,4
1785091146.4715006,pos_vel,pos_vel,390.77,29.71,52.34,OFFBOARD,True,4
1785091146.6714506,pos_vel,pos_vel,393.49,29.67,52.39,OFFBOARD,True,4
1785091146.8718965,pos_vel,pos_vel,396.21,29.63,52.43,OFFBOARD,True,4
1785091147.071569,pos_vel,pos_vel,398.92,29.58,52.46,OFFBOARD,True,4
1785091147.2717242,pos_vel,pos_vel,401.62,29.53,52.48,OFFBOARD,True,4
1785091147.4714017,pos_vel,pos_vel,404.33,29.48,52.49,OFFBOARD,True,4
1785091147.6713557,pos_vel,pos_vel,407.03,29.43,52.47,OFFBOARD,True,4
1785091147.872194,pos_vel,pos_vel,409.74,29.39,52.45,OFFBOARD,True,4
1785091148.071422,pos_vel,pos_vel,412.46,29.34,52.42,OFFBOARD,True,4
1785091148.2713091,pos_vel,pos_vel,415.18,29.3,52.37,OFFBOARD,True,4
1785091148.4714131,pos_vel,pos_vel,417.91,29.24,52.32,OFFBOARD,True,4
1785091148.6735246,pos_vel,pos_vel,420.22,29.2,52.28,OFFBOARD,True,4
1785091148.875491,pos_vel,pos_vel,422.97,29.14,52.22,OFFBOARD,True,4
1785091149.0715744,pos_vel,pos_vel,425.74,29.08,52.17,OFFBOARD,True,4
1785091149.2713466,pos_vel,pos_vel,428.52,29.02,52.11,OFFBOARD,True,4
1785091152.4854856,pos_vel,pos_vel,431.31,28.96,52.07,OFFBOARD,True,4
1785091152.671705,pos_vel,pos_vel,433.65,28.9,52.04,OFFBOARD,True,4
1785091152.8718057,pos_vel,pos_vel,436.45,28.84,52.01,OFFBOARD,True,4
1785091153.0713081,pos_vel,pos_vel,439.25,28.78,51.99,OFFBOARD,True,4
1785091153.2715337,pos_vel,pos_vel,442.06,28.73,51.99,OFFBOARD,True,4
1785091153.471529,pos_vel,pos_vel,444.86,28.69,51.99,OFFBOARD,True,4
1785091153.6715105,pos_vel,pos_vel,447.67,28.66,51.99,OFFBOARD,True,4
1785091153.8714352,pos_vel,pos_vel,450.47,28.63,52.01,OFFBOARD,True,4
1785091154.071724,pos_vel,pos_vel,452.82,28.61,52.02,OFFBOARD,True,4
1785091154.2720122,pos_vel,pos_vel,455.61,28.6,52.05,OFFBOARD,True,4
1785091154.471598,pos_vel,pos_vel,458.39,28.59,52.07,OFFBOARD,True,4
1785091154.671853,pos_vel,pos_vel,461.17,28.59,52.1,OFFBOARD,True,4
1785091154.871477,pos_vel,pos_vel,463.95,28.6,52.12,OFFBOARD,True,4
1785091155.0713248,pos_vel,pos_vel,466.72,28.61,52.14,OFFBOARD,True,4
1785091155.2714097,pos_vel,pos_vel,469.48,28.62,52.16,OFFBOARD,True,4
1785091155.4713082,pos_vel,pos_vel,472.24,28.63,52.16,OFFBOARD,True,4
1785091155.6714368,pos_vel,pos_vel,475.01,28.64,52.16,OFFBOARD,True,4
1785091155.8713796,pos_vel,pos_vel,477.77,28.66,52.15,OFFBOARD,True,4
1785091156.0711594,pos_vel,pos_vel,480.54,28.68,52.14,OFFBOARD,True,4
1785091156.2714713,pos_vel,pos_vel,483.3,28.7,52.12,OFFBOARD,True,4
1785091156.4717305,pos_vel,pos_vel,486.07,28.73,52.09,OFFBOARD,True,4
1785091156.6712584,pos_vel,pos_vel,488.85,28.76,52.05,OFFBOARD,True,4
1785091156.8712444,pos_vel,pos_vel,491.63,28.8,52.02,OFFBOARD,True,4
1785091157.071087,pos_vel,pos_vel,494.42,28.83,51.98,OFFBOARD,True,4
1785091157.2711785,pos_vel,pos_vel,497.22,28.87,51.94,OFFBOARD,True,4
1785091157.471136,pos_vel,pos_vel,500.03,28.91,51.91,OFFBOARD,True,4
1785091157.6711495,pos_vel,pos_vel,502.84,28.95,51.87,OFFBOARD,True,4
1785091157.8713033,pos_vel,pos_vel,505.66,28.99,51.84,OFFBOARD,True,4
1785091158.0709233,pos_vel,pos_vel,508.48,29.03,51.81,OFFBOARD,True,4
1785091158.2708735,pos_vel,pos_vel,511.31,29.06,51.79,OFFBOARD,True,4
1785091158.470959,pos_vel,pos_vel,514.14,29.1,51.78,OFFBOARD,True,4
1785091158.6711242,pos_vel,pos_vel,516.97,29.13,51.77,OFFBOARD,True,4
1785091158.8709831,pos_vel,pos_vel,519.81,29.15,51.76,OFFBOARD,True,4
1785091159.0709903,pos_vel,pos_vel,522.64,29.18,51.76,OFFBOARD,True,4
1785091159.2710972,pos_vel,pos_vel,525.46,29.2,51.77,OFFBOARD,True,4
1785091159.4711053,pos_vel,pos_vel,528.28,29.22,51.78,OFFBOARD,True,4
1785091159.6709223,pos_vel,pos_vel,531.1,29.24,51.79,OFFBOARD,True,4
1785091159.8709428,pos_vel,pos_vel,533.92,29.25,51.8,OFFBOARD,True,4
1785091160.0709965,pos_vel,pos_vel,536.74,29.26,51.82,OFFBOARD,True,4
1785091160.2708974,pos_vel,pos_vel,539.54,29.27,51.83,OFFBOARD,True,4
1785091160.470834,pos_vel,pos_vel,542.35,29.27,51.84,OFFBOARD,True,4
1785091160.6709235,pos_vel,pos_vel,545.16,29.28,51.84,OFFBOARD,True,4
1785091160.870925,pos_vel,pos_vel,547.96,29.28,51.84,OFFBOARD,True,4
1785091161.0710506,pos_vel,pos_vel,550.77,29.28,51.84,OFFBOARD,True,4
1785091161.2709556,pos_vel,pos_vel,553.58,29.28,51.83,OFFBOARD,True,4
1785091161.4709415,pos_vel,pos_vel,556.39,29.27,51.81,OFFBOARD,True,4
1785091161.6709886,pos_vel,pos_vel,559.2,29.26,51.8,OFFBOARD,True,4
1785091161.8709333,pos_vel,pos_vel,562.02,29.24,51.78,OFFBOARD,True,4
1785091162.0711858,pos_vel,pos_vel,564.84,29.21,51.76,OFFBOARD,True,4
1785091162.2709434,pos_vel,pos_vel,567.67,29.19,51.73,OFFBOARD,True,4
1785091162.4708622,pos_vel,pos_vel,570.5,29.16,51.71,OFFBOARD,True,4
1785091162.6711361,pos_vel,pos_vel,573.34,29.13,51.69,OFFBOARD,True,4
1785091162.8709247,pos_vel,pos_vel,576.18,29.09,51.68,OFFBOARD,True,4
1785091163.0709486,pos_vel,pos_vel,579.03,29.06,51.66,OFFBOARD,True,4
1785091163.2708943,pos_vel,pos_vel,581.87,29.04,51.65,OFFBOARD,True,4
1785091163.471011,pos_vel,pos_vel,584.71,29.01,51.63,OFFBOARD,True,4
1785091163.6709528,pos_vel,pos_vel,587.56,28.98,51.62,OFFBOARD,True,4
1785091163.8709545,pos_vel,pos_vel,590.4,28.96,51.61,OFFBOARD,True,4
1785091164.0709038,pos_vel,pos_vel,593.25,28.94,51.59,OFFBOARD,True,4
1785091164.2708356,pos_vel,pos_vel,596.1,28.92,51.58,OFFBOARD,True,4
1785091164.4709518,pos_vel,pos_vel,598.95,28.9,51.57,OFFBOARD,True,4
1785091164.6709297,pos_vel,pos_vel,601.8,28.88,51.56,OFFBOARD,True,4
1785091164.8709555,pos_vel,pos_vel,604.65,28.86,51.56,OFFBOARD,True,4
1785091165.071027,pos_vel,pos_vel,607.5,28.85,51.55,OFFBOARD,True,4
1785091165.2709591,pos_vel,pos_vel,610.35,28.83,51.55,OFFBOARD,True,4
1785091165.470914,pos_vel,pos_vel,613.2,28.82,51.55,OFFBOARD,True,4
1785091165.670957,pos_vel,pos_vel,616.04,28.81,51.54,OFFBOARD,True,4
1785091165.8710647,pos_vel,pos_vel,618.89,28.8,51.54,OFFBOARD,True,4
1785091166.0708108,pos_vel,pos_vel,621.74,28.79,51.53,OFFBOARD,True,4
1785091166.2710774,pos_vel,pos_vel,624.6,28.79,51.52,OFFBOARD,True,4
1785091166.4716775,pos_vel,pos_vel,627.45,28.79,51.51,OFFBOARD,True,4
1785091166.6711602,pos_vel,pos_vel,630.3,28.79,51.49,OFFBOARD,True,4
1785091166.871223,pos_vel,pos_vel,633.16,28.79,51.47,OFFBOARD,True,4
1785091167.0712118,pos_vel,pos_vel,636.02,28.8,51.45,OFFBOARD,True,4
1785091167.271764,pos_vel,pos_vel,638.89,28.8,51.43,OFFBOARD,True,4
1785091167.4711537,pos_vel,pos_vel,641.75,28.81,51.42,OFFBOARD,True,4
1785091167.6715012,pos_vel,pos_vel,644.61,28.82,51.41,OFFBOARD,True,4
1785091167.8710346,pos_vel,pos_vel,647.48,28.83,51.4,OFFBOARD,True,4
1785091168.071004,pos_vel,pos_vel,650.34,28.84,51.38,OFFBOARD,True,4
1785091168.271155,pos_vel,pos_vel,653.21,28.85,51.37,OFFBOARD,True,4
1785091168.4710896,pos_vel,pos_vel,656.08,28.87,51.35,OFFBOARD,True,4
1785091168.6710129,pos_vel,pos_vel,658.94,28.88,51.34,OFFBOARD,True,4
1785091168.8709865,pos_vel,pos_vel,661.82,28.9,51.33,OFFBOARD,True,4
1785091169.071008,pos_vel,pos_vel,664.69,28.92,51.31,OFFBOARD,True,4
1785091169.2714744,pos_vel,pos_vel,667.57,28.93,51.3,OFFBOARD,True,4
1785091169.4711146,pos_vel,pos_vel,669.3,28.94,51.3,OFFBOARD,True,4
1785091169.6711898,pos_vel,pos_vel,672.19,28.96,51.3,OFFBOARD,True,4
1785091169.8718646,pos_vel,pos_vel,675.1,28.97,51.29,OFFBOARD,True,4
1785091170.0712993,pos_vel,pos_vel,678.02,28.99,51.28,OFFBOARD,True,4
1785091170.2723565,pos_vel,pos_vel,680.94,29.0,51.27,OFFBOARD,True,4
1785091170.4723606,pos_vel,pos_vel,683.87,29.01,51.27,OFFBOARD,True,4
1785091170.672386,pos_vel,pos_vel,686.79,29.02,51.27,OFFBOARD,True,4
1785091170.8722475,pos_vel,pos_vel,689.13,29.03,51.27,OFFBOARD,True,4
1785091171.0724382,pos_vel,pos_vel,692.63,29.05,51.27,OFFBOARD,True,4
1785091171.272018,pos_vel,pos_vel,695.55,29.06,51.28,OFFBOARD,True,4
1785091171.4724903,pos_vel,pos_vel,698.45,29.08,51.28,OFFBOARD,True,4
1785091171.6716619,pos_vel,pos_vel,700.77,29.09,51.28,OFFBOARD,True,4
1785091171.8723855,pos_vel,pos_vel,704.25,29.1,51.28,OFFBOARD,True,4
1785091172.0724058,pos_vel,pos_vel,707.14,29.12,51.28,OFFBOARD,True,4
1785091172.2722855,pos_vel,pos_vel,710.03,29.12,51.28,OFFBOARD,True,4
1785091172.471471,pos_vel,pos_vel,712.92,29.12,51.27,OFFBOARD,True,4
1785091172.671522,pos_vel,pos_vel,715.82,29.12,51.27,OFFBOARD,True,4
1785091172.8722553,pos_vel,pos_vel,718.71,29.12,51.26,OFFBOARD,True,4
1785091173.0715098,pos_vel,pos_vel,721.61,29.12,51.25,OFFBOARD,True,4
1785091173.2716258,pos_vel,pos_vel,724.52,29.11,51.23,OFFBOARD,True,4
1785091173.4719667,pos_vel,pos_vel,727.43,29.1,51.22,OFFBOARD,True,4
1785091173.6719115,pos_vel,pos_vel,730.33,29.08,51.21,OFFBOARD,True,4
1785091173.875508,pos_vel,pos_vel,733.23,29.07,51.2,OFFBOARD,True,4
1785091174.0729845,pos_vel,pos_vel,736.13,29.05,51.18,OFFBOARD,True,4
1785091174.2723515,pos_vel,pos_vel,739.03,29.04,51.17,OFFBOARD,True,4
1785091174.4715717,pos_vel,pos_vel,741.35,29.03,51.16,OFFBOARD,True,4
1785091174.671569,pos_vel,pos_vel,744.24,29.02,51.15,OFFBOARD,True,4
1785091174.8714375,pos_vel,pos_vel,747.14,29.0,51.14,OFFBOARD,True,4
1785091175.071976,pos_vel,pos_vel,750.03,28.99,51.13,OFFBOARD,True,4
1785091175.2712965,pos_vel,pos_vel,752.81,28.98,51.12,OFFBOARD,True,4
1785091175.472405,pos_vel,pos_vel,755.14,28.98,51.11,OFFBOARD,True,4
1785091175.6720464,pos_vel,pos_vel,758.44,28.98,51.11,OFFBOARD,True,4
1785091175.871589,pos_vel,pos_vel,761.25,28.98,51.12,OFFBOARD,True,4
1785091176.0711992,pos_vel,pos_vel,764.13,28.99,51.13,OFFBOARD,True,4
1785091176.2713645,pos_vel,pos_vel,767.03,28.99,51.15,OFFBOARD,True,4
1785091176.4712822,pos_vel,pos_vel,769.95,28.99,51.16,OFFBOARD,True,4
1785091176.6713903,pos_vel,pos_vel,772.88,28.99,51.17,OFFBOARD,True,4
1785091176.8715222,pos_vel,pos_vel,775.81,28.99,51.17,OFFBOARD,True,4
1785091177.0716321,pos_vel,pos_vel,778.74,29.0,51.16,OFFBOARD,True,4
1785091177.27155,pos_vel,pos_vel,781.67,29.01,51.16,OFFBOARD,True,4
1785091177.4715133,pos_vel,pos_vel,784.6,29.02,51.15,OFFBOARD,True,4
1785091177.6711528,pos_vel,pos_vel,787.53,29.03,51.13,OFFBOARD,True,4
1785091177.871496,pos_vel,pos_vel,790.46,29.04,51.12,OFFBOARD,True,4
1785091178.0713532,pos_vel,pos_vel,793.39,29.05,51.1,OFFBOARD,True,4
1785091178.271329,pos_vel,pos_vel,796.33,29.07,51.08,OFFBOARD,True,4
1785091178.4714153,pos_vel,pos_vel,799.26,29.08,51.07,OFFBOARD,True,4
1785091178.6713161,pos_vel,pos_vel,802.19,29.09,51.05,OFFBOARD,True,4
1785091178.8711438,pos_vel,pos_vel,805.13,29.09,51.04,OFFBOARD,True,4
1785091179.071171,pos_vel,pos_vel,808.06,29.1,51.03,OFFBOARD,True,4
1785091179.271119,pos_vel,pos_vel,811.0,29.1,51.02,OFFBOARD,True,4
1785091179.4714959,pos_vel,pos_vel,813.93,29.09,51.02,OFFBOARD,True,4
1785091179.671233,pos_vel,pos_vel,816.87,29.09,51.01,OFFBOARD,True,4
1785091179.8710353,pos_vel,pos_vel,819.81,29.1,51.0,OFFBOARD,True,4
1785091180.0711997,pos_vel,pos_vel,822.75,29.1,50.98,OFFBOARD,True,4
1785091180.271528,pos_vel,pos_vel,825.68,29.11,50.98,OFFBOARD,True,4
1785091180.4709537,pos_vel,pos_vel,828.62,29.11,50.97,OFFBOARD,True,4
1785091180.6712778,pos_vel,pos_vel,831.56,29.12,50.96,OFFBOARD,True,4
1785091180.8711333,pos_vel,pos_vel,834.5,29.14,50.96,OFFBOARD,True,4
1785091181.0708268,pos_vel,pos_vel,837.44,29.15,50.96,OFFBOARD,True,4
1785091181.270978,vel_only,vel_only,840.38,29.17,50.95,OFFBOARD,True,4
1785091181.4709647,vel_only,vel_only,843.33,29.18,50.95,OFFBOARD,True,4
1785091181.6711023,vel_only,vel_only,846.3,29.2,50.95,OFFBOARD,True,4
1785091181.8709335,vel_only,vel_only,849.29,29.26,51.0,OFFBOARD,True,4
1785091182.0710554,vel_only,vel_only,852.28,29.45,51.09,OFFBOARD,True,4
1785091182.2710183,vel_only,vel_only,855.25,29.86,51.16,OFFBOARD,True,4
1785091182.4709578,vel_only,vel_only,858.17,30.56,51.13,OFFBOARD,True,4
1785091182.6712148,vel_only,vel_only,861.02,31.61,50.94,OFFBOARD,True,4
1785091182.870841,vel_only,vel_only,863.77,33.02,50.58,OFFBOARD,True,4
1785091183.0708783,vel_only,vel_only,866.36,34.82,50.05,OFFBOARD,True,4
1785091183.271433,vel_only,vel_only,868.75,36.98,49.39,OFFBOARD,True,4
1785091183.4710698,vel_only,vel_only,870.92,39.45,48.66,OFFBOARD,True,4
1785091183.6709945,vel_only,vel_only,872.86,42.17,47.9,OFFBOARD,True,4
1785091183.8708878,vel_only,vel_only,874.59,45.11,47.16,OFFBOARD,True,4
1785091184.0708537,vel_only,vel_only,876.09,48.24,46.48,OFFBOARD,True,4
1785091184.2708306,vel_only,vel_only,877.35,51.52,45.89,OFFBOARD,True,4
1785091184.470827,vel_only,vel_only,878.34,54.9,45.41,OFFBOARD,True,4
1785091184.6715624,vel_only,vel_only,879.08,58.36,45.07,OFFBOARD,True,4
1785091187.79912,vel_only,vel_only,879.18,58.91,45.02,OFFBOARD,True,4
1785091187.871305,vel_only,vel_only,879.45,60.72,44.91,OFFBOARD,True,4
1785091188.0710213,vel_only,vel_only,879.81,64.19,44.81,OFFBOARD,True,4
1785091188.2711768,vel_only,vel_only,880.02,67.6,44.85,OFFBOARD,True,4
1785091188.4712152,vel_only,vel_only,880.11,70.95,45.01,OFFBOARD,True,4
1785091188.671336,vel_only,vel_only,880.16,74.21,45.26,OFFBOARD,True,4
1785091188.8710048,vel_only,vel_only,880.19,77.38,45.58,OFFBOARD,True,4
1785091189.0714204,vel_only,vel_only,880.23,80.5,45.92,OFFBOARD,True,4
1785091189.2711577,vel_only,vel_only,880.29,83.57,46.27,OFFBOARD,True,4
1785091189.4710567,vel_only,vel_only,880.37,86.64,46.63,OFFBOARD,True,4
1785091189.6710868,vel_only,vel_only,880.44,89.69,47.02,OFFBOARD,True,4
1785091189.8711095,vel_only,vel_only,880.51,92.71,47.42,OFFBOARD,True,4
1785091190.0709279,vel_only,vel_only,880.54,95.71,47.81,OFFBOARD,True,4
1785091190.2711198,vel_only,vel_only,880.55,98.7,48.17,OFFBOARD,True,4
1785091190.4710526,vel_only,vel_only,880.51,101.67,48.5,OFFBOARD,True,4
1785091190.6711175,vel_only,vel_only,880.43,104.64,48.79,OFFBOARD,True,4
1785091190.8712642,vel_only,vel_only,880.31,107.62,49.02,OFFBOARD,True,4
1785091191.0711167,vel_only,vel_only,880.17,110.61,49.21,OFFBOARD,True,4
1785091191.2710738,vel_only,vel_only,880.02,113.61,49.35,OFFBOARD,True,4
1785091191.4712422,vel_only,vel_only,879.86,116.62,49.44,OFFBOARD,True,4
1785091191.6712344,vel_only,vel_only,879.71,119.65,49.5,OFFBOARD,True,4
1785091191.8710077,vel_only,vel_only,879.55,122.7,49.51,OFFBOARD,True,4
1785091192.070847,vel_only,vel_only,879.4,125.77,49.5,OFFBOARD,True,4
1785091192.2710085,vel_only,vel_only,879.25,128.84,49.48,OFFBOARD,True,4
1785091192.4712749,vel_only,vel_only,879.11,131.94,49.45,OFFBOARD,True,4
1785091192.6710901,vel_only,vel_only,878.97,135.04,49.44,OFFBOARD,True,4
1785091192.8714397,vel_only,vel_only,878.82,138.15,49.46,OFFBOARD,True,4
1785091193.0710983,vel_only,vel_only,878.69,141.26,49.52,OFFBOARD,True,4
1785091193.2712774,vel_only,vel_only,878.56,144.35,49.63,OFFBOARD,True,4
1785091193.4710686,vel_only,vel_only,878.44,147.44,49.78,OFFBOARD,True,4
1785091193.6711485,vel_only,vel_only,878.34,150.5,49.98,OFFBOARD,True,4
1785091193.871135,vel_only,vel_only,878.26,153.55,50.21,OFFBOARD,True,4
1785091194.0711315,vel_only,vel_only,878.19,156.44,50.47,OFFBOARD,True,4
1785091194.2712858,vel_only,vel_only,878.13,159.55,50.76,OFFBOARD,True,4
1785091194.471273,vel_only,vel_only,878.07,162.52,51.05,OFFBOARD,True,4
1785091194.6711118,vel_only,vel_only,878.02,165.47,51.33,OFFBOARD,True,4
1785091194.8721995,vel_only,vel_only,877.97,168.41,51.61,OFFBOARD,True,4
1785091195.0711896,vel_only,vel_only,877.93,170.87,51.83,OFFBOARD,True,4
1785091195.2709894,vel_only,vel_only,877.89,173.79,52.07,OFFBOARD,True,4
1785091195.4711337,vel_only,vel_only,877.85,176.59,52.28,OFFBOARD,True,4
1785091195.6711504,vel_only,vel_only,877.81,179.62,52.48,OFFBOARD,True,4
1785091195.8711345,vel_only,vel_only,877.79,182.53,52.64,OFFBOARD,True,4
1785091196.0711904,vel_only,vel_only,877.77,185.45,52.78,OFFBOARD,True,4
1785091196.2713685,vel_only,vel_only,877.77,188.37,52.89,OFFBOARD,True,4
1785091196.471092,vel_only,vel_only,877.77,191.3,52.99,OFFBOARD,True,4
1785091196.6709397,vel_only,vel_only,877.78,194.23,53.07,OFFBOARD,True,4
1785091196.8712854,vel_only,vel_only,877.79,197.17,53.14,OFFBOARD,True,4
1785091197.0712876,vel_only,vel_only,877.8,200.12,53.21,OFFBOARD,True,4
1785091197.2710104,vel_only,vel_only,877.82,203.07,53.27,OFFBOARD,True,4
1785091197.4709868,vel_only,vel_only,877.84,206.03,53.35,OFFBOARD,True,4
1785091197.6708956,vel_only,vel_only,877.87,208.98,53.44,OFFBOARD,True,4
1785091197.871081,vel_only,vel_only,877.9,211.94,53.53,OFFBOARD,True,4
1785091198.071011,vel_only,vel_only,877.92,214.89,53.64,OFFBOARD,True,4
1785091198.2709928,vel_only,vel_only,877.95,217.84,53.77,OFFBOARD,True,4
1785091198.4709587,vel_only,vel_only,877.97,220.77,53.9,OFFBOARD,True,4
1785091198.670963,vel_only,vel_only,877.99,223.71,54.05,OFFBOARD,True,4
1785091198.8711226,vel_only,vel_only,878.0,226.64,54.21,OFFBOARD,True,4
1785091199.0712209,vel_only,vel_only,878.02,229.56,54.37,OFFBOARD,True,4
1785091199.2710526,vel_only,vel_only,878.04,232.48,54.53,OFFBOARD,True,4
1785091199.4710276,vel_only,vel_only,878.06,235.4,54.69,OFFBOARD,True,4
1785091199.6710954,vel_only,vel_only,878.08,238.32,54.84,OFFBOARD,True,4
1785091199.8712044,vel_only,vel_only,878.09,241.24,54.99,OFFBOARD,True,4
1785091200.0711012,vel_only,vel_only,878.1,244.16,55.12,OFFBOARD,True,4
1785091200.271148,vel_only,vel_only,878.1,247.08,55.24,OFFBOARD,True,4
1785091200.4713078,vel_only,vel_only,878.1,250.0,55.34,OFFBOARD,True,4
1785091200.672329,vel_only,vel_only,878.1,252.93,55.44,OFFBOARD,True,4
1785091200.8721516,vel_only,vel_only,878.1,255.87,55.52,OFFBOARD,True,4
1785091201.0751212,vel_only,vel_only,878.09,258.7,55.59,OFFBOARD,True,4
1785091201.2714584,vel_only,vel_only,878.09,261.42,55.65,OFFBOARD,True,4
1785091201.4714475,vel_only,vel_only,878.08,264.38,55.71,OFFBOARD,True,4
1785091201.6714532,vel_only,vel_only,878.07,267.36,55.77,OFFBOARD,True,4
1785091201.8720338,vel_only,vel_only,878.06,270.34,55.83,OFFBOARD,True,4
1785091202.0720618,vel_only,vel_only,878.06,273.33,55.89,OFFBOARD,True,4
1785091202.272128,vel_only,vel_only,878.05,276.32,55.97,OFFBOARD,True,4
1785091202.4719913,vel_only,vel_only,878.04,279.31,56.05,OFFBOARD,True,4
1785091202.671665,vel_only,vel_only,878.04,282.31,56.14,OFFBOARD,True,4
1785091202.8718941,vel_only,vel_only,878.05,284.83,56.22,OFFBOARD,True,4
1785091203.0723362,vel_only,vel_only,878.05,287.82,56.33,OFFBOARD,True,4
1785091203.2722056,vel_only,vel_only,878.06,290.82,56.45,OFFBOARD,True,4
1785091203.4722786,vel_only,vel_only,878.08,293.8,56.58,OFFBOARD,True,4
1785091203.6722262,vel_only,vel_only,878.09,296.78,56.71,OFFBOARD,True,4
1785091203.8719273,vel_only,vel_only,878.11,299.76,56.85,OFFBOARD,True,4
1785091204.0719247,vel_only,vel_only,878.12,302.73,56.99,OFFBOARD,True,4
1785091204.271888,vel_only,vel_only,878.14,305.69,57.13,OFFBOARD,True,4
1785091204.4728825,vel_only,vel_only,878.16,308.65,57.26,OFFBOARD,True,4
1785091204.6720972,vel_only,vel_only,878.17,311.03,57.37,OFFBOARD,True,4
1785091204.8721457,vel_only,vel_only,878.18,313.99,57.5,OFFBOARD,True,4
1785091205.0722082,vel_only,vel_only,878.2,316.95,57.62,OFFBOARD,True,4
1785091205.2716298,vel_only,vel_only,878.21,319.91,57.74,OFFBOARD,True,4
1785091205.4717414,vel_only,vel_only,878.23,322.87,57.85,OFFBOARD,True,4
1785091205.672048,vel_only,vel_only,878.26,325.83,57.95,OFFBOARD,True,4
1785091205.8724782,vel_only,vel_only,878.28,328.8,58.05,OFFBOARD,True,4
1785091206.0724206,vel_only,vel_only,878.3,331.29,58.13,OFFBOARD,True,4
1785091206.272519,vel_only,vel_only,878.32,334.26,58.22,OFFBOARD,True,4
1785091206.4722645,vel_only,vel_only,878.35,337.22,58.31,OFFBOARD,True,4
1785091206.6720717,vel_only,vel_only,878.37,340.19,58.4,OFFBOARD,True,4
1785091206.8726835,vel_only,vel_only,878.4,343.05,58.49,OFFBOARD,True,4
1785091207.0720806,vel_only,vel_only,878.42,346.02,58.58,OFFBOARD,True,4
1785091207.272925,vel_only,vel_only,878.45,349.0,58.67,OFFBOARD,True,4
1785091207.4721696,vel_only,vel_only,878.48,352.39,58.77,OFFBOARD,True,4
1785091207.674873,vel_only,vel_only,878.5,354.85,58.87,OFFBOARD,True,4
1785091207.8749936,vel_only,vel_only,878.52,357.2,58.95,OFFBOARD,True,4
1785091208.072765,vel_only,vel_only,878.54,359.56,59.05,OFFBOARD,True,4
1785091208.2722566,vel_only,vel_only,878.56,362.53,59.17,OFFBOARD,True,4
1785091208.4724393,vel_only,vel_only,878.59,365.51,59.3,OFFBOARD,True,4
1785091208.672117,vel_only,vel_only,878.61,368.49,59.43,OFFBOARD,True,4
1785091208.8718712,vel_only,vel_only,878.63,371.48,59.55,OFFBOARD,True,4
1785091209.0719182,vel_only,vel_only,878.65,374.46,59.67,OFFBOARD,True,4
1785091209.27234,vel_only,vel_only,878.67,376.97,59.78,OFFBOARD,True,4
1785091209.474237,vel_only,vel_only,878.68,378.99,59.86,OFFBOARD,True,4
1785091209.672889,vel_only,vel_only,878.69,381.26,59.95,OFFBOARD,True,4
1785091209.8717082,vel_only,vel_only,878.7,384.24,60.07,OFFBOARD,True,4
1785091210.0721486,vel_only,vel_only,878.7,386.81,60.16,OFFBOARD,True,4
1785091210.2722049,vel_only,vel_only,878.71,389.69,60.26,OFFBOARD,True,4
1785091210.472337,vel_only,vel_only,878.71,392.81,60.36,OFFBOARD,True,4
1785091210.6724315,vel_only,vel_only,878.71,395.69,60.45,OFFBOARD,True,4
1785091210.872017,vel_only,vel_only,878.71,398.81,60.54,OFFBOARD,True,4
1785091211.0724978,vel_only,vel_only,878.71,401.7,60.62,OFFBOARD,True,4
1785091211.2722414,vel_only,vel_only,878.7,404.71,60.71,OFFBOARD,True,4
1785091211.471763,vel_only,vel_only,878.7,407.72,60.79,OFFBOARD,True,4
1785091211.6722615,vel_only,vel_only,878.7,410.72,60.88,OFFBOARD,True,4
1785091211.8720527,vel_only,vel_only,878.7,413.73,60.96,OFFBOARD,True,4
1785091212.0719182,vel_only,vel_only,878.7,416.73,61.04,OFFBOARD,True,4
1785091212.271832,vel_only,vel_only,878.7,419.74,61.13,OFFBOARD,True,4
1785091212.4717865,vel_only,vel_only,878.7,422.74,61.23,OFFBOARD,True,4
1785091212.6716695,vel_only,vel_only,878.7,425.75,61.32,OFFBOARD,True,4
1785091212.871846,vel_only,vel_only,878.7,428.75,61.42,OFFBOARD,True,4
1785091213.0719671,vel_only,vel_only,878.7,431.28,61.5,OFFBOARD,True,4
1785091213.272611,vel_only,vel_only,878.7,434.29,61.6,OFFBOARD,True,4
1785091213.4721115,vel_only,vel_only,878.7,437.3,61.71,OFFBOARD,True,4
1785091213.6718912,vel_only,vel_only,878.71,440.31,61.82,OFFBOARD,True,4
1785091213.8719869,vel_only,vel_only,878.71,443.31,61.93,OFFBOARD,True,4
1785091214.0720499,vel_only,vel_only,878.71,445.84,62.02,OFFBOARD,True,4
1785091214.2730448,vel_only,vel_only,878.71,449.32,62.15,OFFBOARD,True,4
1785091214.4729888,vel_only,vel_only,878.72,452.32,62.26,OFFBOARD,True,4
1785091214.672413,vel_only,vel_only,878.72,454.73,62.35,OFFBOARD,True,4
1785091214.8724186,vel_only,vel_only,878.73,457.72,62.46,OFFBOARD,True,4
1785091215.0720856,vel_only,vel_only,878.74,460.72,62.56,OFFBOARD,True,4
1785091215.2716181,vel_only,vel_only,878.75,463.71,62.67,OFFBOARD,True,4
1785091215.4719665,vel_only,vel_only,878.76,466.71,62.77,OFFBOARD,True,4
1785091215.672958,vel_only,vel_only,878.76,469.1,62.85,OFFBOARD,True,4
1785091215.873275,vel_only,vel_only,878.77,471.97,62.95,OFFBOARD,True,4
1785091216.0719929,vel_only,vel_only,878.78,474.84,63.04,OFFBOARD,True,4
1785091216.2716458,vel_only,vel_only,878.79,477.36,63.13,OFFBOARD,True,4
1785091216.4721055,vel_only,vel_only,878.81,480.36,63.22,OFFBOARD,True,4
1785091216.6718755,vel_only,vel_only,878.83,483.61,63.32,OFFBOARD,True,4
1785091216.8724234,vel_only,vel_only,878.85,486.59,63.43,OFFBOARD,True,4
1785091217.072368,vel_only,vel_only,878.87,489.58,63.53,OFFBOARD,True,4
1785091217.2715497,vel_only,vel_only,878.89,492.59,63.63,OFFBOARD,True,4
1785091217.4718843,vel_only,vel_only,878.91,495.6,63.73,OFFBOARD,True,4
1785091217.6717446,vel_only,vel_only,878.93,498.61,63.84,OFFBOARD,True,4
1785091217.873114,vel_only,vel_only,878.95,501.14,63.92,OFFBOARD,True,4
1785091218.072336,vel_only,vel_only,878.97,504.15,64.03,OFFBOARD,True,4
1785091218.272151,vel_only,vel_only,879.0,507.16,64.13,OFFBOARD,True,4
1785091218.4718559,vel_only,vel_only,879.02,510.17,64.24,OFFBOARD,True,4
1785091218.6721826,vel_only,vel_only,879.04,513.18,64.34,OFFBOARD,True,4
1785091218.8723361,vel_only,vel_only,879.06,516.19,64.44,OFFBOARD,True,4
1785091219.0716178,vel_only,vel_only,879.08,519.2,64.54,OFFBOARD,True,4
1785091219.2718694,vel_only,vel_only,879.1,522.21,64.64,OFFBOARD,True,4
1785091219.47151,vel_only,vel_only,879.12,525.22,64.74,OFFBOARD,True,4
1785091219.6719506,vel_only,vel_only,879.13,528.23,64.84,OFFBOARD,True,4
1785091219.8718753,vel_only,vel_only,879.15,531.23,64.94,OFFBOARD,True,4
1785091223.1531103,vel_only,vel_only,879.16,533.64,65.02,OFFBOARD,True,4
1785091223.2717445,vel_only,vel_only,879.17,535.68,65.08,OFFBOARD,True,4
1785091223.471826,vel_only,vel_only,879.19,538.69,65.18,OFFBOARD,True,4
1785091223.67128,vel_only,vel_only,879.2,541.7,65.27,OFFBOARD,True,4
1785091223.8713293,vel_only,vel_only,879.22,544.7,65.36,OFFBOARD,True,4
1785091224.0713007,vel_only,vel_only,879.24,547.71,65.45,OFFBOARD,True,4
1785091224.27119,vel_only,vel_only,879.26,550.72,65.54,OFFBOARD,True,4
1785091224.4711258,vel_only,vel_only,879.28,553.73,65.63,OFFBOARD,True,4
1785091224.6711833,vel_only,vel_only,879.3,556.74,65.72,OFFBOARD,True,4
1785091224.8709898,vel_only,vel_only,879.32,559.75,65.82,OFFBOARD,True,4
1785091225.071054,vel_only,vel_only,879.34,562.76,65.91,OFFBOARD,True,4
1785091225.2710989,vel_only,vel_only,879.35,565.77,66.0,OFFBOARD,True,4
1785091225.4710345,vel_only,vel_only,879.37,568.78,66.09,OFFBOARD,True,4
1785091225.6709356,vel_only,vel_only,879.39,571.79,66.18,OFFBOARD,True,4
1785091225.870914,vel_only,vel_only,879.4,574.81,66.27,OFFBOARD,True,4
1785091226.070985,vel_only,vel_only,879.42,577.82,66.36,OFFBOARD,True,4
1785091226.271281,vel_only,vel_only,879.44,580.85,66.45,OFFBOARD,True,4
1785091226.4711306,vel_only,vel_only,879.47,583.86,66.54,OFFBOARD,True,4
1785091226.6709988,vel_only,vel_only,879.49,586.88,66.63,OFFBOARD,True,4
1785091226.8709996,vel_only,vel_only,879.51,589.89,66.72,OFFBOARD,True,4
1785091227.0709293,vel_only,vel_only,879.54,592.9,66.82,OFFBOARD,True,4
1785091227.270974,vel_only,vel_only,879.56,595.91,66.91,OFFBOARD,True,4
1785091227.4708622,vel_only,vel_only,879.59,598.92,67.01,OFFBOARD,True,4
1785091227.670966,vel_only,vel_only,879.63,601.93,67.11,OFFBOARD,True,4
1785091227.8709824,vel_only,vel_only,879.66,604.94,67.21,OFFBOARD,True,4
1785091228.0709772,vel_only,vel_only,879.69,607.95,67.31,OFFBOARD,True,4
1785091228.2708797,vel_only,vel_only,879.72,610.96,67.4,OFFBOARD,True,4
1785091228.4709659,vel_only,vel_only,879.74,613.97,67.5,OFFBOARD,True,4
1785091228.6709542,vel_only,vel_only,879.77,616.98,67.6,OFFBOARD,True,4
1785091228.8708642,vel_only,vel_only,879.79,619.99,67.69,OFFBOARD,True,4
1785091229.0708706,vel_only,vel_only,879.81,623.0,67.79,OFFBOARD,True,4
1785091229.2709315,vel_only,vel_only,879.83,626.01,67.88,OFFBOARD,True,4
1785091229.4708388,vel_only,vel_only,879.85,629.02,67.98,OFFBOARD,True,4
1785091229.6709516,vel_only,vel_only,879.87,632.03,68.07,OFFBOARD,True,4
1785091229.870782,vel_only,vel_only,879.89,635.04,68.17,OFFBOARD,True,4
1785091230.071013,vel_only,vel_only,879.91,638.05,68.26,OFFBOARD,True,4
1785091230.2709997,vel_only,vel_only,879.93,641.07,68.35,OFFBOARD,True,4
1785091230.4709985,vel_only,vel_only,879.96,644.08,68.45,OFFBOARD,True,4
1785091230.6709921,vel_only,vel_only,880.0,647.09,68.54,OFFBOARD,True,4
1785091230.870935,vel_only,vel_only,880.02,650.1,68.63,OFFBOARD,True,4
1785091231.0709846,vel_only,vel_only,880.05,653.11,68.73,OFFBOARD,True,4
1785091231.2710052,vel_only,vel_only,880.08,656.12,68.83,OFFBOARD,True,4
1785091231.4710336,vel_only,vel_only,880.11,659.14,68.92,OFFBOARD,True,4
1785091231.6711068,vel_only,vel_only,880.13,662.15,69.02,OFFBOARD,True,4
1785091231.8709648,vel_only,vel_only,880.15,665.16,69.12,OFFBOARD,True,4
1785091232.0712342,vel_only,vel_only,880.17,668.18,69.22,OFFBOARD,True,4
1785091232.2710404,vel_only,vel_only,880.19,671.19,69.31,OFFBOARD,True,4
1785091232.4712696,vel_only,vel_only,880.21,674.2,69.4,OFFBOARD,True,4
1785091232.6709232,vel_only,vel_only,880.23,677.21,69.5,OFFBOARD,True,4
1785091232.8709502,vel_only,vel_only,880.24,680.22,69.59,OFFBOARD,True,4
1785091233.0727878,vel_only,vel_only,880.26,683.23,69.68,OFFBOARD,True,4
1785091233.2714896,vel_only,vel_only,880.28,686.25,69.77,OFFBOARD,True,4
1785091233.4711611,vel_only,vel_only,880.29,689.27,69.86,OFFBOARD,True,4
1785091233.6710393,vel_only,vel_only,880.31,692.28,69.96,OFFBOARD,True,4
1785091233.8708742,vel_only,vel_only,880.32,695.3,70.05,OFFBOARD,True,4
1785091234.0714693,vel_only,vel_only,880.33,698.31,70.15,OFFBOARD,True,4
1785091234.271363,vel_only,vel_only,880.35,701.33,70.25,OFFBOARD,True,4
1785091234.4714155,vel_only,vel_only,880.36,704.35,70.34,OFFBOARD,True,4
1785091234.6710415,vel_only,vel_only,880.38,707.37,70.44,OFFBOARD,True,4
1785091234.8711047,vel_only,vel_only,880.39,710.4,70.53,OFFBOARD,True,4
1785091235.0714865,vel_only,vel_only,880.4,713.42,70.62,OFFBOARD,True,4
1785091235.2711596,vel_only,vel_only,880.42,716.44,70.71,OFFBOARD,True,4
1785091235.4711092,vel_only,vel_only,880.44,719.47,70.8,OFFBOARD,True,4
1785091235.6710973,vel_only,vel_only,880.45,722.5,70.89,OFFBOARD,True,4
1785091235.8710878,vel_only,vel_only,880.46,725.52,70.99,OFFBOARD,True,4
1785091236.071645,vel_only,vel_only,880.47,728.54,71.08,OFFBOARD,True,4
1785091236.2711096,vel_only,vel_only,880.48,731.57,71.17,OFFBOARD,True,4
1785091236.4715414,vel_only,vel_only,880.49,734.11,71.25,OFFBOARD,True,4
1785091236.6715727,vel_only,vel_only,880.49,737.13,71.34,OFFBOARD,True,4
1785091236.8714306,vel_only,vel_only,880.5,740.16,71.43,OFFBOARD,True,4
1785091237.071519,vel_only,vel_only,880.5,743.18,71.53,OFFBOARD,True,4
1785091237.271991,vel_only,vel_only,880.51,746.21,71.63,OFFBOARD,True,4
1785091237.4729626,vel_only,vel_only,880.51,749.23,71.72,OFFBOARD,True,4
1785091237.6714976,vel_only,vel_only,880.51,752.25,71.82,OFFBOARD,True,4
1785091237.872388,vel_only,vel_only,880.51,755.27,71.91,OFFBOARD,True,4
1785091238.0722177,vel_only,vel_only,880.52,758.29,72.0,OFFBOARD,True,4
1785091238.2717338,vel_only,vel_only,880.52,760.83,72.08,OFFBOARD,True,4
1785091238.4727926,vel_only,vel_only,880.52,763.85,72.17,OFFBOARD,True,4
1785091238.6719353,vel_only,vel_only,880.53,766.87,72.26,OFFBOARD,True,4
1785091238.8716247,vel_only,vel_only,880.53,769.9,72.35,OFFBOARD,True,4
1785091239.0718,vel_only,vel_only,880.53,772.92,72.44,OFFBOARD,True,4
1785091239.2718725,vel_only,vel_only,880.53,775.94,72.53,OFFBOARD,True,4
1785091239.4723034,vel_only,vel_only,880.54,778.96,72.62,OFFBOARD,True,4
1785091239.6718051,vel_only,vel_only,880.54,781.98,72.7,OFFBOARD,True,4
1785091239.872086,vel_only,vel_only,880.55,785.0,72.79,OFFBOARD,True,4
1785091240.0723596,vel_only,vel_only,880.55,788.02,72.87,OFFBOARD,True,4
1785091240.2719688,vel_only,vel_only,880.56,791.04,72.96,OFFBOARD,True,4
1785091240.4718719,vel_only,vel_only,880.56,794.07,73.04,OFFBOARD,True,4
1785091240.6732836,vel_only,vel_only,880.57,797.09,73.12,OFFBOARD,True,4
1785091240.8713496,vel_only,vel_only,880.58,800.11,73.2,OFFBOARD,True,4
1785091241.0719132,vel_only,vel_only,880.59,803.13,73.27,OFFBOARD,True,4
1785091241.271782,pos_only,pos_only,880.59,806.04,73.34,OFFBOARD,True,4
1785091241.471991,pos_only,pos_only,880.6,809.07,73.41,OFFBOARD,True,4
1785091241.6718524,pos_only,pos_only,880.61,811.6,73.46,OFFBOARD,True,4
1785091241.8717701,pos_only,pos_only,880.62,814.57,73.51,OFFBOARD,True,4
1785091242.072319,pos_only,pos_only,880.62,817.51,73.49,OFFBOARD,True,4
1785091242.2718585,pos_only,pos_only,880.62,819.85,73.42,OFFBOARD,True,4
1785091242.4719224,pos_only,pos_only,880.62,822.76,73.25,OFFBOARD,True,4
1785091242.6717684,pos_only,pos_only,880.61,825.83,72.99,OFFBOARD,True,4
1785091242.8717933,pos_only,pos_only,880.6,828.74,72.69,OFFBOARD,True,4
1785091243.0716877,pos_only,pos_only,880.59,831.66,72.33,OFFBOARD,True,4
1785091243.2716188,pos_only,pos_only,880.58,834.6,71.96,OFFBOARD,True,4
1785091243.473962,pos_only,pos_only,880.56,837.55,71.57,OFFBOARD,True,4
1785091243.6717641,pos_only,pos_only,880.55,840.52,71.19,OFFBOARD,True,4
1785091243.871657,pos_only,pos_only,880.53,843.5,70.83,OFFBOARD,True,4
1785091244.0716944,pos_only,pos_only,880.52,846.49,70.48,OFFBOARD,True,4
1785091244.2720265,pos_only,pos_only,880.51,849.49,70.15,OFFBOARD,True,4
1785091244.4719589,pos_only,pos_only,880.5,852.49,69.85,OFFBOARD,True,4
1785091244.6717308,pos_only,pos_only,880.5,855.0,69.6,OFFBOARD,True,4
1785091244.8716938,pos_only,pos_only,880.5,858.0,69.31,OFFBOARD,True,4
1785091245.0726354,pos_only,pos_only,880.5,860.39,69.08,OFFBOARD,True,4
1785091245.2717245,pos_only,pos_only,880.5,863.37,68.8,OFFBOARD,True,4
1785091245.4721367,pos_only,pos_only,880.5,866.34,68.51,OFFBOARD,True,4
1785091245.671694,pos_only,pos_only,880.5,869.31,68.22,OFFBOARD,True,4
1785091245.872967,pos_only,pos_only,880.51,872.27,67.92,OFFBOARD,True,4
1785091246.0723433,pos_only,pos_only,880.51,875.24,67.61,OFFBOARD,True,4
1785091246.271933,pos_only,pos_only,880.5,878.08,67.3,OFFBOARD,True,4
1785091246.4718351,pos_only,pos_only,880.5,881.05,66.97,OFFBOARD,True,4
1785091246.6717062,pos_only,pos_only,880.49,884.02,66.63,OFFBOARD,True,4
1785091246.8717635,pos_only,pos_only,880.48,887.0,66.28,OFFBOARD,True,4
1785091247.0715451,pos_only,pos_only,880.47,889.98,65.93,OFFBOARD,True,4
1785091247.2715719,pos_only,pos_only,880.45,892.97,65.57,OFFBOARD,True,4
1785091247.4716363,pos_only,pos_only,880.44,895.96,65.21,OFFBOARD,True,4
1785091247.6715744,pos_only,pos_only,880.44,898.95,64.86,OFFBOARD,True,4
1785091247.8715923,pos_only,pos_only,880.43,901.94,64.51,OFFBOARD,True,4
1785091248.0718856,pos_only,pos_only,880.42,904.93,64.16,OFFBOARD,True,4
1785091248.2713118,pos_only,pos_only,880.42,907.92,63.81,OFFBOARD,True,4
1785091248.4715512,pos_only,pos_only,880.41,910.9,63.46,OFFBOARD,True,4
1785091248.6713865,pos_only,pos_only,880.4,913.89,63.11,OFFBOARD,True,4
1785091248.871383,pos_only,pos_only,880.4,916.87,62.76,OFFBOARD,True,4
1785091249.0714269,pos_only,pos_only,880.39,919.86,62.41,OFFBOARD,True,4
1785091249.272474,pos_only,pos_only,880.39,922.36,62.11,OFFBOARD,True,4
1785091249.4721372,pos_only,pos_only,880.39,925.35,61.75,OFFBOARD,True,4
1785091249.6727815,pos_only,pos_only,880.38,928.33,61.38,OFFBOARD,True,4
1785091249.872391,pos_only,pos_only,880.38,931.31,61.02,OFFBOARD,True,4
1785091250.0716486,pos_only,pos_only,880.37,934.3,60.64,OFFBOARD,True,4
1785091250.2737482,pos_only,pos_only,880.37,937.29,60.27,OFFBOARD,True,4
1785091250.4711318,pos_only,pos_only,880.37,940.28,59.89,OFFBOARD,True,4
1785091250.6711717,pos_only,pos_only,880.36,943.28,59.51,OFFBOARD,True,4
1785091250.8729713,pos_only,pos_only,880.36,946.27,59.14,OFFBOARD,True,4
1785091251.071884,pos_only,pos_only,880.35,949.27,58.76,OFFBOARD,True,4
1785091251.2719328,pos_only,pos_only,880.34,952.27,58.38,OFFBOARD,True,4
1785091251.4716375,pos_only,pos_only,880.34,955.26,58.01,OFFBOARD,True,4
1785091251.6712842,pos_only,pos_only,880.33,958.26,57.63,OFFBOARD,True,4
1785091251.8714254,pos_only,pos_only,880.33,961.25,57.26,OFFBOARD,True,4
1785091252.0720081,pos_only,pos_only,880.32,964.25,56.89,OFFBOARD,True,4
1785091252.2715085,pos_only,pos_only,880.32,967.25,56.51,OFFBOARD,True,4
1785091252.4711142,pos_only,pos_only,880.32,970.26,56.13,OFFBOARD,True,4
1785091252.6713014,pos_only,pos_only,880.31,973.26,55.76,OFFBOARD,True,4
1785091252.8711042,pos_only,pos_only,880.31,976.26,55.37,OFFBOARD,True,4
1785091253.0716894,pos_only,pos_only,880.3,979.27,54.99,OFFBOARD,True,4
1785091253.2716403,pos_only,pos_only,880.29,982.27,54.61,OFFBOARD,True,4
1785091253.4713886,pos_only,pos_only,880.28,985.28,54.22,OFFBOARD,True,4
1785091253.6710968,pos_only,pos_only,880.27,988.31,53.85,OFFBOARD,True,4
1785091253.8725686,pos_only,pos_only,880.26,991.25,53.53,OFFBOARD,True,4
1785091254.072128,pos_only,pos_only,880.26,994.33,53.25,OFFBOARD,True,4
1785091254.2718124,pos_only,pos_only,880.25,997.43,53.05,OFFBOARD,True,4
1785091254.4715207,pos_only,pos_only,880.25,1000.54,52.9,OFFBOARD,True,4
1785091254.6715627,pos_only,pos_only,880.25,1003.13,52.82,OFFBOARD,True,4
1785091254.8731465,pos_only,pos_only,880.24,1006.21,52.76,OFFBOARD,True,4
1785091255.072229,pos_only,pos_only,880.24,1009.28,52.72,OFFBOARD,True,4
1785091255.2719414,pos_only,pos_only,880.24,1012.33,52.7,OFFBOARD,True,4
1785091258.5040898,pos_only,pos_only,880.23,1014.27,52.68,OFFBOARD,True,4
1785091258.671745,pos_only,pos_only,880.23,1016.81,52.65,OFFBOARD,True,4
1785091258.8718488,pos_only,pos_only,880.21,1019.83,52.59,OFFBOARD,True,4
1785091259.0721154,pos_only,pos_only,880.2,1022.83,52.53,OFFBOARD,True,4
1785091259.2722533,pos_only,pos_only,880.18,1025.84,52.44,OFFBOARD,True,4
1785091259.472898,pos_only,pos_only,880.16,1029.34,52.32,OFFBOARD,True,4
1785091259.6715343,pos_only,pos_only,880.14,1031.88,52.22,OFFBOARD,True,4
1785091259.8719432,pos_only,pos_only,880.12,1034.9,52.1,OFFBOARD,True,4
1785091260.071691,pos_only,pos_only,880.1,1037.94,51.98,OFFBOARD,True,4
1785091260.2720275,pos_only,pos_only,880.08,1040.98,51.87,OFFBOARD,True,4
1785091260.4725013,pos_only,pos_only,880.06,1044.02,51.77,OFFBOARD,True,4
1785091260.6713767,pos_only,pos_only,880.04,1047.07,51.68,OFFBOARD,True,4
1785091260.8714106,pos_only,pos_only,880.02,1050.19,51.61,OFFBOARD,True,4
1785091261.0713434,pos_only,pos_only,880.0,1053.24,51.54,OFFBOARD,True,4
1785091261.2714956,pos_only,pos_only,879.99,1056.29,51.49,OFFBOARD,True,4
1785091261.4718626,pos_only,pos_only,879.98,1059.34,51.44,OFFBOARD,True,4
1785091261.6718533,pos_only,pos_only,879.97,1062.39,51.41,OFFBOARD,True,4
1785091261.8722515,pos_only,pos_only,879.96,1065.44,51.37,OFFBOARD,True,4
1785091262.0711136,pos_only,pos_only,879.95,1068.48,51.34,OFFBOARD,True,4
1785091262.2744672,pos_only,pos_only,879.94,1071.53,51.3,OFFBOARD,True,4
1785091262.4721038,pos_only,pos_only,879.93,1074.57,51.27,OFFBOARD,True,4
1785091262.6718137,pos_only,pos_only,879.92,1077.62,51.22,OFFBOARD,True,4
1785091262.871295,pos_only,pos_only,879.91,1080.67,51.18,OFFBOARD,True,4
1785091263.071085,pos_only,pos_only,879.9,1083.72,51.15,OFFBOARD,True,4
1785091263.2716544,pos_only,pos_only,879.89,1086.77,51.11,OFFBOARD,True,4
1785091263.4713464,pos_only,pos_only,879.88,1089.82,51.08,OFFBOARD,True,4
1785091263.6712499,pos_only,pos_only,879.87,1092.88,51.05,OFFBOARD,True,4
1785091263.871259,pos_only,pos_only,879.86,1095.93,51.02,OFFBOARD,True,4
1785091264.0711594,pos_only,pos_only,879.86,1098.98,51.0,OFFBOARD,True,4
1785091264.2724237,pos_only,pos_only,879.85,1102.03,50.98,OFFBOARD,True,4
1785091264.4717877,pos_only,pos_only,879.84,1105.09,50.95,OFFBOARD,True,4
1785091264.6726775,pos_only,pos_only,879.84,1108.14,50.93,OFFBOARD,True,4
1785091264.8716185,pos_only,pos_only,879.83,1110.71,50.92,OFFBOARD,True,4
1785091265.0720937,pos_only,pos_only,879.82,1114.25,50.89,OFFBOARD,True,4
1785091265.2718172,pos_only,pos_only,879.81,1117.31,50.88,OFFBOARD,True,4
1785091265.471742,pos_only,pos_only,879.8,1119.88,50.86,OFFBOARD,True,4
1785091265.6715763,pos_only,pos_only,879.78,1123.42,50.85,OFFBOARD,True,4
1785091265.871461,pos_only,pos_only,879.77,1126.47,50.83,OFFBOARD,True,4
1785091266.0718431,pos_only,pos_only,879.75,1129.51,50.82,OFFBOARD,True,4
1785091266.271627,pos_only,pos_only,879.73,1132.56,50.81,OFFBOARD,True,4
1785091266.4723446,pos_only,pos_only,879.72,1135.6,50.8,OFFBOARD,True,4
1785091266.6720037,pos_only,pos_only,879.7,1138.65,50.79,OFFBOARD,True,4
1785091266.8716211,pos_only,pos_only,879.68,1141.7,50.78,OFFBOARD,True,4
1785091267.0713325,pos_only,pos_only,879.67,1144.76,50.77,OFFBOARD,True,4
1785091267.271485,pos_only,pos_only,879.65,1147.82,50.76,OFFBOARD,True,4
1785091267.471855,pos_only,pos_only,879.64,1150.87,50.75,OFFBOARD,True,4
1785091267.671435,pos_only,pos_only,879.62,1153.93,50.74,OFFBOARD,True,4
1785091267.8713174,pos_only,pos_only,879.61,1156.98,50.73,OFFBOARD,True,4
1785091268.0720515,pos_only,pos_only,879.6,1160.04,50.72,OFFBOARD,True,4
1785091268.272252,pos_only,pos_only,879.59,1162.48,50.72,OFFBOARD,True,4
1785091268.4724255,pos_only,pos_only,879.58,1165.53,50.71,OFFBOARD,True,4
1785091268.6720512,pos_only,pos_only,879.56,1168.58,50.7,OFFBOARD,True,4
1785091268.8717558,pos_only,pos_only,879.55,1171.64,50.69,OFFBOARD,True,4
1785091269.071824,pos_only,pos_only,879.55,1174.69,50.69,OFFBOARD,True,4
1785091269.2715268,pos_only,pos_only,879.54,1177.74,50.68,OFFBOARD,True,4
1785091269.4722915,pos_only,pos_only,879.54,1180.8,50.68,OFFBOARD,True,4
1785091269.6715608,pos_only,pos_only,879.53,1183.86,50.68,OFFBOARD,True,4
1785091269.8717852,pos_only,pos_only,879.52,1186.91,50.67,OFFBOARD,True,4
1785091270.0717678,pos_only,pos_only,879.51,1189.97,50.67,OFFBOARD,True,4
1785091270.271562,pos_only,pos_only,879.51,1193.03,50.67,OFFBOARD,True,4
1785091270.4719067,pos_only,pos_only,879.5,1196.09,50.67,OFFBOARD,True,4
1785091270.6715097,pos_only,pos_only,879.5,1199.15,50.67,OFFBOARD,True,4
1785091270.8717406,pos_only,pos_only,879.51,1202.27,50.67,OFFBOARD,True,4
1785091271.0715377,pos_only,pos_only,879.51,1205.33,50.66,OFFBOARD,True,4
1785091271.2718248,pos_only,pos_only,879.51,1208.39,50.66,OFFBOARD,True,4
1785091271.471611,pos_only,pos_only,879.51,1211.45,50.66,OFFBOARD,True,4
1785091271.6714683,pos_only,pos_only,879.5,1214.51,50.65,OFFBOARD,True,4
1785091271.871627,pos_only,pos_only,879.5,1217.56,50.65,OFFBOARD,True,4
1785091272.0712624,pos_only,pos_only,879.49,1220.62,50.65,OFFBOARD,True,4
1785091272.2711058,pos_only,pos_only,879.47,1223.69,50.64,OFFBOARD,True,4
1785091272.4711168,pos_only,pos_only,879.46,1226.75,50.63,OFFBOARD,True,4
1785091272.671538,pos_only,pos_only,879.44,1229.81,50.62,OFFBOARD,True,4
1785091272.8712502,pos_only,pos_only,879.43,1232.88,50.61,OFFBOARD,True,4
1785091273.0711372,pos_only,pos_only,879.42,1235.94,50.6,OFFBOARD,True,4
1785091273.2712398,pos_only,pos_only,879.41,1239.01,50.6,OFFBOARD,True,4
1785091273.4711297,pos_only,pos_only,879.4,1242.08,50.59,OFFBOARD,True,4
1785091273.6711462,pos_only,pos_only,879.39,1245.15,50.59,OFFBOARD,True,4
1785091273.8709042,pos_only,pos_only,879.38,1248.22,50.59,OFFBOARD,True,4
1785091274.0714204,pos_only,pos_only,879.37,1251.29,50.58,OFFBOARD,True,4
1785091274.272939,pos_only,pos_only,879.36,1254.36,50.58,OFFBOARD,True,4
1785091274.47113,pos_only,pos_only,879.35,1257.43,50.58,OFFBOARD,True,4
1785091274.6712294,pos_only,pos_only,879.34,1260.5,50.58,OFFBOARD,True,4
1785091274.8713877,pos_only,pos_only,879.32,1263.57,50.58,OFFBOARD,True,4
1785091275.0712616,pos_only,pos_only,879.31,1266.64,50.57,OFFBOARD,True,4
1785091275.2712781,pos_only,pos_only,879.3,1269.72,50.57,OFFBOARD,True,4
1785091275.4711995,pos_only,pos_only,879.29,1272.78,50.57,OFFBOARD,True,4
1785091275.6715374,pos_only,pos_only,879.28,1275.85,50.57,OFFBOARD,True,4
1785091275.872147,pos_only,pos_only,879.28,1278.91,50.57,OFFBOARD,True,4
1785091276.0714996,pos_only,pos_only,879.27,1281.97,50.57,OFFBOARD,True,4
1785091276.271679,pos_only,pos_only,879.27,1285.04,50.56,OFFBOARD,True,4
1785091276.471805,pos_only,pos_only,879.28,1288.11,50.56,OFFBOARD,True,4
1785091276.6716824,pos_only,pos_only,879.28,1291.18,50.55,OFFBOARD,True,4
1785091276.8716025,pos_only,pos_only,879.28,1294.25,50.55,OFFBOARD,True,4
1785091277.071594,pos_only,pos_only,879.27,1297.32,50.54,OFFBOARD,True,4
1785091277.2716994,pos_only,pos_only,879.26,1300.4,50.54,OFFBOARD,True,4
1785091277.4721136,pos_only,pos_only,879.25,1303.47,50.53,OFFBOARD,True,4
1785091277.6718135,pos_only,pos_only,879.24,1306.55,50.52,OFFBOARD,True,4
1785091277.8713114,pos_only,pos_only,879.23,1309.63,50.52,OFFBOARD,True,4
1785091278.0716598,pos_only,pos_only,879.22,1312.7,50.51,OFFBOARD,True,4
1785091278.2713206,pos_only,pos_only,879.21,1315.78,50.51,OFFBOARD,True,4
1785091278.4713852,pos_only,pos_only,879.2,1318.85,50.51,OFFBOARD,True,4
1785091278.6712937,pos_only,pos_only,879.19,1321.93,50.51,OFFBOARD,True,4
1785091278.8711245,pos_only,pos_only,879.17,1325.01,50.51,OFFBOARD,True,4
1785091279.0721123,pos_only,pos_only,879.16,1328.08,50.51,OFFBOARD,True,4
1785091279.2711728,pos_only,pos_only,879.15,1331.16,50.51,OFFBOARD,True,4
1785091279.4714892,pos_only,pos_only,879.14,1334.24,50.5,OFFBOARD,True,4
1785091279.671061,pos_only,pos_only,879.12,1337.31,50.5,OFFBOARD,True,4
1785091279.8710597,pos_only,pos_only,879.11,1340.39,50.5,OFFBOARD,True,4
1785091280.0711796,pos_only,pos_only,879.09,1343.46,50.5,OFFBOARD,True,4
1785091280.2713115,pos_only,pos_only,879.08,1346.53,50.49,OFFBOARD,True,4
1785091280.471179,pos_only,pos_only,879.07,1349.61,50.5,OFFBOARD,True,4
1785091280.671545,pos_only,pos_only,879.06,1352.68,50.5,OFFBOARD,True,4
1785091280.871016,pos_only,pos_only,879.05,1355.76,50.5,OFFBOARD,True,4
1785091281.07114,pos_only,pos_only,879.04,1358.83,50.5,OFFBOARD,True,4
1785091281.2710028,pos_only,pos_only,879.03,1361.9,50.5,OFFBOARD,True,4
1785091281.4708943,pos_only,pos_only,879.02,1364.98,50.5,OFFBOARD,True,4
1785091281.670936,pos_only,pos_only,879.02,1368.05,50.5,OFFBOARD,True,4
1785091281.8710153,pos_only,pos_only,879.01,1371.12,50.51,OFFBOARD,True,4
1785091282.0711284,pos_only,pos_only,878.99,1374.19,50.51,OFFBOARD,True,4
1785091282.270936,pos_only,pos_only,878.98,1377.27,50.51,OFFBOARD,True,4
1785091282.4709218,pos_only,pos_only,878.97,1380.35,50.52,OFFBOARD,True,4
1785091282.6710525,pos_only,pos_only,878.96,1383.42,50.52,OFFBOARD,True,4
1785091282.8708642,pos_only,pos_only,878.96,1386.5,50.53,OFFBOARD,True,4
1785091283.0709531,pos_only,pos_only,878.95,1389.58,50.53,OFFBOARD,True,4
1785091283.2713065,pos_only,pos_only,878.95,1392.66,50.54,OFFBOARD,True,4
1785091283.4707773,pos_only,pos_only,878.94,1395.73,50.54,OFFBOARD,True,4
1785091283.671069,pos_only,pos_only,878.94,1398.81,50.54,OFFBOARD,True,4
1785091283.870862,pos_only,pos_only,878.93,1401.88,50.55,OFFBOARD,True,4
1785091284.0709414,pos_only,pos_only,878.92,1404.95,50.55,OFFBOARD,True,4
1785091284.2710073,pos_only,pos_only,878.92,1408.02,50.55,OFFBOARD,True,4
1785091284.4708695,pos_only,pos_only,878.91,1411.08,50.56,OFFBOARD,True,4
1785091284.6709375,pos_only,pos_only,878.9,1414.16,50.56,OFFBOARD,True,4
1785091284.870813,pos_only,pos_only,878.9,1417.23,50.56,OFFBOARD,True,4
1785091285.0709755,pos_only,pos_only,878.9,1420.31,50.56,OFFBOARD,True,4
1785091285.270955,pos_only,pos_only,878.89,1423.39,50.56,OFFBOARD,True,4
1785091285.4708323,pos_only,pos_only,878.89,1426.47,50.56,OFFBOARD,True,4
1785091285.6709657,pos_only,pos_only,878.89,1429.55,50.56,OFFBOARD,True,4
1785091285.870718,pos_only,pos_only,878.89,1432.62,50.57,OFFBOARD,True,4
1785091286.0709472,pos_only,pos_only,878.9,1435.69,50.57,OFFBOARD,True,4
1785091286.2710044,pos_only,pos_only,878.9,1438.76,50.58,OFFBOARD,True,4
1785091286.4708097,pos_only,pos_only,878.9,1441.83,50.58,OFFBOARD,True,4
1785091286.670838,pos_only,pos_only,878.9,1444.9,50.59,OFFBOARD,True,4
1785091286.871001,pos_only,pos_only,878.91,1447.97,50.6,OFFBOARD,True,4
1785091287.0709229,pos_only,pos_only,878.9,1451.05,50.6,OFFBOARD,True,4
1785091287.273554,pos_only,pos_only,878.9,1454.12,50.61,OFFBOARD,True,4
1785091287.4709184,pos_only,pos_only,878.89,1457.19,50.61,OFFBOARD,True,4
1785091287.670763,pos_only,pos_only,878.89,1460.26,50.61,OFFBOARD,True,4
1785091287.8711312,pos_only,pos_only,878.88,1463.33,50.61,OFFBOARD,True,4
1785091288.0708451,pos_only,pos_only,878.88,1466.4,50.61,OFFBOARD,True,4
1785091288.2709172,pos_only,pos_only,878.87,1469.47,50.61,OFFBOARD,True,4
1785091288.4708726,pos_only,pos_only,878.87,1472.54,50.61,OFFBOARD,True,4
1785091288.6710098,pos_only,pos_only,878.86,1475.6,50.61,OFFBOARD,True,4
1785091288.8709383,pos_only,pos_only,878.86,1478.67,50.62,OFFBOARD,True,4
1785091289.0708084,pos_only,pos_only,878.86,1481.74,50.62,OFFBOARD,True,4
1785091289.2711732,pos_only,pos_only,878.86,1484.8,50.63,OFFBOARD,True,4
1785091289.4708414,pos_only,pos_only,878.86,1487.86,50.63,OFFBOARD,True,4
1785091289.670901,pos_only,pos_only,878.86,1490.93,50.63,OFFBOARD,True,4
1785091289.870865,pos_only,pos_only,878.87,1493.99,50.63,OFFBOARD,True,4
1785091290.070885,pos_only,pos_only,878.87,1497.05,50.63,OFFBOARD,True,4
1785091290.270943,pos_only,pos_only,878.87,1500.11,50.63,OFFBOARD,True,4
1785091290.4711707,pos_only,pos_only,878.87,1503.18,50.63,OFFBOARD,True,4
1785091290.6709182,pos_only,pos_only,878.87,1506.24,50.62,OFFBOARD,True,4
1785091293.855138,pos_only,pos_only,878.87,1506.73,50.62,OFFBOARD,True,4
1785091293.8709466,pos_only,pos_only,878.87,1507.22,50.62,OFFBOARD,True,4
1785091294.0711954,pos_only,pos_only,878.86,1510.29,50.61,OFFBOARD,True,4
1785091294.2711368,pos_only,pos_only,878.86,1513.36,50.61,OFFBOARD,True,4
1785091294.4711282,pos_only,pos_only,878.86,1516.42,50.61,OFFBOARD,True,4
1785091294.6710691,pos_only,pos_only,878.86,1519.49,50.6,OFFBOARD,True,4
1785091294.870962,pos_only,pos_only,878.86,1522.55,50.6,OFFBOARD,True,4
1785091295.0709174,pos_only,pos_only,878.86,1525.62,50.6,OFFBOARD,True,4
1785091295.270969,pos_only,pos_only,878.86,1528.69,50.6,OFFBOARD,True,4
1785091295.4712808,pos_only,pos_only,878.87,1531.76,50.59,OFFBOARD,True,4
1785091295.6710289,pos_only,pos_only,878.87,1534.84,50.59,OFFBOARD,True,4
1785091295.8712373,pos_only,pos_only,878.87,1537.91,50.59,OFFBOARD,True,4
1785091296.070933,pos_only,pos_only,878.87,1540.98,50.59,OFFBOARD,True,4
1785091296.2709472,pos_only,pos_only,878.87,1544.06,50.59,OFFBOARD,True,4
1785091296.471088,pos_only,pos_only,878.87,1547.13,50.59,OFFBOARD,True,4
1785091296.6711152,pos_only,pos_only,878.87,1550.2,50.59,OFFBOARD,True,4
1785091296.8711169,pos_only,pos_only,878.87,1553.27,50.6,OFFBOARD,True,4
1785091297.0709448,pos_only,pos_only,878.87,1556.34,50.61,OFFBOARD,True,4
1785091297.2711227,pos_only,pos_only,878.88,1559.42,50.61,OFFBOARD,True,4
1785091297.4709344,pos_only,pos_only,878.88,1562.49,50.62,OFFBOARD,True,4
1785091297.6711123,pos_only,pos_only,878.88,1565.56,50.63,OFFBOARD,True,4
1785091297.8710268,pos_only,pos_only,878.88,1568.63,50.64,OFFBOARD,True,4
1785091298.0714827,pos_only,pos_only,878.88,1571.7,50.64,OFFBOARD,True,4
1785091298.2710497,pos_only,pos_only,878.88,1574.77,50.65,OFFBOARD,True,4
1785091298.4710362,pos_only,pos_only,878.88,1577.84,50.65,OFFBOARD,True,4
1785091298.6711206,pos_only,pos_only,878.88,1580.91,50.65,OFFBOARD,True,4
1785091298.8713388,pos_only,pos_only,878.88,1583.98,50.65,OFFBOARD,True,4
1785091299.0711815,pos_only,pos_only,878.88,1587.05,50.65,OFFBOARD,True,4
1785091299.2713506,pos_only,pos_only,878.88,1590.11,50.65,OFFBOARD,True,4
1785091299.471549,pos_only,pos_only,878.88,1593.05,50.65,OFFBOARD,True,4
1785091299.6723325,pos_only,pos_only,878.87,1596.12,50.66,OFFBOARD,True,4
1785091299.8718143,pos_only,pos_only,878.87,1599.19,50.66,OFFBOARD,True,4
1785091300.0718799,pos_only,pos_only,878.86,1602.27,50.67,OFFBOARD,True,4
1785091300.272201,pos_only,pos_only,878.86,1605.35,50.67,OFFBOARD,True,4
1785091300.4728658,pos_only,pos_only,878.86,1608.43,50.67,OFFBOARD,True,4
1785091300.6720386,pos_only,pos_only,878.86,1611.51,50.67,OFFBOARD,True,4
1785091300.8730319,pos_only,pos_only,878.86,1614.58,50.67,OFFBOARD,True,4
1785091301.072263,pos_only,pos_only,878.86,1617.16,50.67,OFFBOARD,True,4
